user_id,event,timestamp,variant
1,signup,2026-05-03 20:02:05,B
1,activation,2026-05-04 01:02:05,B
2,signup,2026-05-07 13:25:22,B
2,activation,2026-05-08 21:25:22,B
3,signup,2026-03-13 14:58:41,B
4,signup,2026-05-06 06:13:15,B
4,activation,2026-05-07 21:13:15,B
4,feature_use,2026-05-10 21:13:15,B
5,signup,2026-04-12 16:10:08,B
5,activation,2026-04-13 14:10:08,B
5,feature_use,2026-04-15 14:10:08,B
6,signup,2026-05-14 16:11:57,A
6,activation,2026-05-16 08:11:57,A
6,feature_use,2026-05-17 08:11:57,A
6,purchase,2026-05-25 08:11:57,A
7,signup,2026-03-26 06:23:55,B
8,signup,2026-04-07 22:32:01,B
9,signup,2026-04-21 01:05:15,B
9,activation,2026-04-22 12:05:15,B
9,feature_use,2026-04-27 12:05:15,B
10,signup,2026-05-16 01:55:30,A
10,activation,2026-05-18 00:55:30,A
11,signup,2026-04-13 04:47:56,A
11,activation,2026-04-13 15:47:56,A
12,signup,2026-04-04 05:11:51,A
13,signup,2026-03-10 19:38:13,B
14,signup,2026-04-19 18:48:14,A
14,activation,2026-04-20 20:48:14,A
15,signup,2026-02-26 00:40:52,B
15,activation,2026-02-27 01:40:52,B
15,feature_use,2026-03-02 01:40:52,B
16,signup,2026-05-15 09:17:26,A
16,activation,2026-05-15 23:17:26,A
16,feature_use,2026-05-22 23:17:26,A
17,signup,2026-04-21 00:29:39,B
17,activation,2026-04-22 18:29:39,B
17,feature_use,2026-04-25 18:29:39,B
18,signup,2026-04-05 08:42:31,B
19,signup,2026-02-19 21:30:24,B
20,signup,2026-04-04 06:53:19,A
21,signup,2026-04-28 21:09:54,B
21,activation,2026-04-29 17:09:54,B
21,feature_use,2026-05-01 17:09:54,B
22,signup,2026-02-20 19:42:52,A
23,signup,2026-04-08 01:59:31,B
24,signup,2026-02-23 14:32:09,A
24,activation,2026-02-24 01:32:09,A
25,signup,2026-05-11 12:17:35,A
25,activation,2026-05-13 07:17:35,A
25,feature_use,2026-05-19 07:17:35,A
26,signup,2026-03-03 20:14:10,B
27,signup,2026-05-16 14:29:38,B
28,signup,2026-04-30 05:26:39,B
28,activation,2026-04-30 20:26:39,B
29,signup,2026-03-21 10:47:17,B
29,activation,2026-03-22 19:47:17,B
29,feature_use,2026-03-25 19:47:17,B
29,purchase,2026-04-02 19:47:17,B
30,signup,2026-02-27 15:10:29,B
31,signup,2026-03-18 13:29:15,A
31,activation,2026-03-19 15:29:15,A
31,feature_use,2026-03-21 15:29:15,A
32,signup,2026-05-01 18:44:26,B
32,activation,2026-05-03 13:44:26,B
32,feature_use,2026-05-06 13:44:26,B
33,signup,2026-04-02 12:00:35,B
33,activation,2026-04-03 00:00:35,B
34,signup,2026-05-04 19:59:08,B
34,activation,2026-05-06 14:59:08,B
35,signup,2026-02-22 01:28:34,B
35,activation,2026-02-23 03:28:34,B
35,feature_use,2026-03-02 03:28:34,B
35,purchase,2026-03-11 03:28:34,B
36,signup,2026-05-10 13:36:01,B
37,signup,2026-03-14 17:12:42,B
37,activation,2026-03-16 05:12:42,B
38,signup,2026-03-26 07:26:31,B
38,activation,2026-03-28 05:26:31,B
39,signup,2026-03-29 11:24:22,B
39,activation,2026-03-30 23:24:22,B
39,feature_use,2026-04-01 23:24:22,B
40,signup,2026-05-18 15:42:05,A
41,signup,2026-03-29 01:01:46,A
41,activation,2026-03-29 16:01:46,A
42,signup,2026-03-30 17:10:55,B
43,signup,2026-04-23 02:56:56,A
43,activation,2026-04-24 18:56:56,A
43,feature_use,2026-04-26 18:56:56,A
44,signup,2026-04-28 16:42:25,A
44,activation,2026-04-30 12:42:25,A
44,feature_use,2026-05-01 12:42:25,A
45,signup,2026-05-01 15:58:06,A
45,activation,2026-05-02 04:58:06,A
45,feature_use,2026-05-09 04:58:06,A
46,signup,2026-04-20 13:44:57,A
47,signup,2026-03-31 22:01:58,B
47,activation,2026-04-02 12:01:58,B
48,signup,2026-05-16 04:28:55,A
49,signup,2026-03-27 12:59:55,B
49,activation,2026-03-27 16:59:55,B
50,signup,2026-03-15 03:50:56,B
50,activation,2026-03-15 14:50:56,B
51,signup,2026-03-02 03:34:52,A
51,activation,2026-03-02 13:34:52,A
52,signup,2026-04-16 10:36:03,B
52,activation,2026-04-16 22:36:03,B
52,feature_use,2026-04-21 22:36:03,B
53,signup,2026-03-06 04:18:39,A
53,activation,2026-03-08 02:18:39,A
53,feature_use,2026-03-14 02:18:39,A
54,signup,2026-03-26 08:56:46,A
54,activation,2026-03-27 05:56:46,A
55,signup,2026-02-22 06:58:17,B
56,signup,2026-05-17 05:21:15,A
56,activation,2026-05-18 11:21:15,A
57,signup,2026-05-14 23:03:38,A
57,activation,2026-05-15 19:03:38,A
58,signup,2026-05-08 18:28:00,B
59,signup,2026-03-21 15:03:39,B
59,activation,2026-03-21 20:03:39,B
59,feature_use,2026-03-23 20:03:39,B
59,purchase,2026-03-24 20:03:39,B
60,signup,2026-05-19 12:11:26,A
60,activation,2026-05-20 21:11:26,A
61,signup,2026-02-24 10:23:00,B
62,signup,2026-03-01 12:31:15,B
63,signup,2026-03-30 03:54:01,B
63,activation,2026-03-30 13:54:01,B
63,feature_use,2026-04-05 13:54:01,B
64,signup,2026-05-15 07:20:25,B
64,activation,2026-05-16 07:20:25,B
64,feature_use,2026-05-17 07:20:25,B
65,signup,2026-05-17 05:48:09,B
65,activation,2026-05-17 11:48:09,B
66,signup,2026-04-17 06:20:40,B
66,activation,2026-04-19 06:20:40,B
66,feature_use,2026-04-23 06:20:40,B
67,signup,2026-03-09 20:39:15,A
68,signup,2026-03-13 22:27:43,A
68,activation,2026-03-14 09:27:43,A
69,signup,2026-04-13 14:10:30,A
69,activation,2026-04-14 15:10:30,A
70,signup,2026-05-09 06:41:06,A
70,activation,2026-05-11 01:41:06,A
71,signup,2026-03-16 00:08:11,A
71,activation,2026-03-17 11:08:11,A
71,feature_use,2026-03-19 11:08:11,A
72,signup,2026-05-02 21:10:16,B
72,activation,2026-05-03 00:10:16,B
73,signup,2026-03-22 00:25:13,B
73,activation,2026-03-23 23:25:13,B
74,signup,2026-05-17 09:58:34,A
74,activation,2026-05-17 13:58:34,A
75,signup,2026-05-16 10:40:36,A
76,signup,2026-03-20 03:12:53,A
76,activation,2026-03-21 02:12:53,A
77,signup,2026-04-26 22:44:28,B
78,signup,2026-03-18 01:16:44,B
78,activation,2026-03-19 11:16:44,B
78,feature_use,2026-03-21 11:16:44,B
78,purchase,2026-03-31 11:16:44,B
79,signup,2026-03-25 17:43:25,A
79,activation,2026-03-25 21:43:25,A
80,signup,2026-02-23 18:06:20,A
80,activation,2026-02-23 21:06:20,A
81,signup,2026-03-25 14:33:22,A
81,activation,2026-03-26 23:33:22,A
82,signup,2026-05-10 03:08:54,B
82,activation,2026-05-12 00:08:54,B
82,feature_use,2026-05-14 00:08:54,B
82,purchase,2026-05-15 00:08:54,B
83,signup,2026-04-10 15:27:57,A
83,activation,2026-04-10 22:27:57,A
83,feature_use,2026-04-14 22:27:57,A
84,signup,2026-05-04 12:29:59,B
85,signup,2026-03-31 04:43:39,A
86,signup,2026-04-12 20:20:16,B
87,signup,2026-04-27 02:20:27,B
88,signup,2026-04-29 11:42:29,A
88,activation,2026-04-30 08:42:29,A
88,feature_use,2026-05-01 08:42:29,A
89,signup,2026-03-10 04:02:01,B
89,activation,2026-03-10 23:02:01,B
90,signup,2026-03-11 14:31:15,B
90,activation,2026-03-12 00:31:15,B
91,signup,2026-03-03 03:28:45,B
92,signup,2026-03-25 08:11:09,B
93,signup,2026-05-02 23:37:24,B
94,signup,2026-04-18 13:38:53,B
94,activation,2026-04-19 15:38:53,B
95,signup,2026-03-17 02:08:14,A
96,signup,2026-03-02 19:52:36,A
96,activation,2026-03-04 13:52:36,A
96,feature_use,2026-03-08 13:52:36,A
97,signup,2026-03-09 08:21:09,B
98,signup,2026-02-25 08:00:04,B
99,signup,2026-04-17 15:30:50,A
100,signup,2026-04-18 08:39:13,B
101,signup,2026-04-10 17:49:27,A
102,signup,2026-05-03 15:25:32,A
103,signup,2026-02-21 16:25:10,A
103,activation,2026-02-22 08:25:10,A
103,feature_use,2026-02-27 08:25:10,A
104,signup,2026-05-14 12:10:13,B
104,activation,2026-05-14 13:10:13,B
105,signup,2026-05-13 06:50:34,A
106,signup,2026-03-08 08:00:05,A
106,activation,2026-03-09 14:00:05,A
106,feature_use,2026-03-10 14:00:05,A
106,purchase,2026-03-14 14:00:05,A
107,signup,2026-03-30 01:23:11,B
107,activation,2026-03-31 06:23:11,B
107,feature_use,2026-04-01 06:23:11,B
108,signup,2026-05-14 11:03:53,A
108,activation,2026-05-15 01:03:53,A
109,signup,2026-03-29 16:38:05,B
109,activation,2026-03-31 06:38:05,B
110,signup,2026-04-11 17:49:04,A
110,activation,2026-04-13 01:49:04,A
110,feature_use,2026-04-14 01:49:04,A
110,purchase,2026-04-21 01:49:04,A
111,signup,2026-05-07 13:12:27,A
112,signup,2026-04-17 19:46:55,B
113,signup,2026-03-21 07:53:06,B
113,activation,2026-03-21 13:53:06,B
114,signup,2026-05-19 11:10:56,B
114,activation,2026-05-20 06:10:56,B
115,signup,2026-04-12 02:15:41,A
116,signup,2026-04-17 12:02:57,A
116,activation,2026-04-19 09:02:57,A
116,feature_use,2026-04-23 09:02:57,A
116,purchase,2026-04-24 09:02:57,A
117,signup,2026-04-21 23:19:47,A
117,activation,2026-04-22 06:19:47,A
117,feature_use,2026-04-23 06:19:47,A
117,purchase,2026-04-28 06:19:47,A
118,signup,2026-04-16 12:30:15,A
118,activation,2026-04-18 05:30:15,A
119,signup,2026-03-11 21:26:28,B
120,signup,2026-05-04 10:03:33,B
121,signup,2026-03-12 17:56:48,A
122,signup,2026-03-07 22:36:18,B
122,activation,2026-03-08 02:36:18,B
122,feature_use,2026-03-13 02:36:18,B
122,purchase,2026-03-19 02:36:18,B
123,signup,2026-04-11 21:51:58,B
124,signup,2026-03-08 23:30:43,B
124,activation,2026-03-09 23:30:43,B
125,signup,2026-03-10 20:45:44,B
125,activation,2026-03-11 11:45:44,B
125,feature_use,2026-03-12 11:45:44,B
125,purchase,2026-03-19 11:45:44,B
126,signup,2026-04-29 00:21:17,B
126,activation,2026-04-30 08:21:17,B
127,signup,2026-02-20 03:14:31,A
128,signup,2026-04-13 01:46:24,B
128,activation,2026-04-14 14:46:24,B
128,feature_use,2026-04-16 14:46:24,B
129,signup,2026-02-24 15:53:41,A
129,activation,2026-02-25 20:53:41,A
130,signup,2026-03-26 08:04:30,A
131,signup,2026-04-16 03:30:55,B
131,activation,2026-04-18 01:30:55,B
131,feature_use,2026-04-25 01:30:55,B
132,signup,2026-02-22 19:15:24,B
132,activation,2026-02-23 06:15:24,B
132,feature_use,2026-02-26 06:15:24,B
133,signup,2026-03-07 00:41:31,B
134,signup,2026-03-02 19:23:05,A
134,activation,2026-03-04 12:23:05,A
135,signup,2026-04-20 13:09:29,A
135,activation,2026-04-20 15:09:29,A
136,signup,2026-03-11 22:50:40,A
137,signup,2026-02-28 14:38:19,A
137,activation,2026-03-01 23:38:19,A
138,signup,2026-02-27 12:33:06,B
138,activation,2026-02-28 20:33:06,B
138,feature_use,2026-03-01 20:33:06,B
139,signup,2026-05-14 07:34:45,A
139,activation,2026-05-15 14:34:45,A
139,feature_use,2026-05-21 14:34:45,A
140,signup,2026-04-25 11:58:57,A
141,signup,2026-04-30 03:54:03,A
141,activation,2026-04-30 23:54:03,A
142,signup,2026-05-10 04:09:58,B
142,activation,2026-05-12 00:09:58,B
142,feature_use,2026-05-15 00:09:58,B
143,signup,2026-02-21 11:01:40,A
143,activation,2026-02-23 06:01:40,A
143,feature_use,2026-03-01 06:01:40,A
144,signup,2026-03-04 02:59:01,B
144,activation,2026-03-04 03:59:01,B
144,feature_use,2026-03-05 03:59:01,B
144,purchase,2026-03-11 03:59:01,B
145,signup,2026-02-22 20:22:54,A
146,signup,2026-03-16 17:26:30,B
147,signup,2026-04-15 07:35:29,B
148,signup,2026-04-10 21:56:47,B
148,activation,2026-04-12 19:56:47,B
148,feature_use,2026-04-14 19:56:47,B
149,signup,2026-03-17 19:54:41,A
150,signup,2026-03-12 14:29:14,B
151,signup,2026-05-15 08:32:12,A
152,signup,2026-05-20 07:21:18,B
152,activation,2026-05-20 09:21:18,B
152,feature_use,2026-05-23 09:21:18,B
152,purchase,2026-05-27 09:21:18,B
153,signup,2026-04-18 06:51:16,B
153,activation,2026-04-19 07:51:16,B
153,feature_use,2026-04-25 07:51:16,B
154,signup,2026-02-27 11:47:58,B
154,activation,2026-02-28 03:47:58,B
155,signup,2026-03-06 21:38:08,A
155,activation,2026-03-08 08:38:08,A
155,feature_use,2026-03-15 08:38:08,A
155,purchase,2026-03-16 08:38:08,A
156,signup,2026-03-06 04:01:35,A
156,activation,2026-03-07 05:01:35,A
157,signup,2026-04-28 00:06:49,A
158,signup,2026-04-28 01:03:42,B
158,activation,2026-04-29 06:03:42,B
158,feature_use,2026-04-30 06:03:42,B
159,signup,2026-04-07 19:18:37,A
159,activation,2026-04-09 01:18:37,A
159,feature_use,2026-04-10 01:18:37,A
160,signup,2026-02-26 22:38:56,A
160,activation,2026-02-28 09:38:56,A
161,signup,2026-04-14 20:40:30,B
161,activation,2026-04-15 04:40:30,B
162,signup,2026-04-26 03:44:55,A
162,activation,2026-04-28 03:44:55,A
163,signup,2026-02-22 13:37:19,A
164,signup,2026-05-03 04:07:08,A
164,activation,2026-05-04 12:07:08,A
165,signup,2026-02-23 23:55:42,B
165,activation,2026-02-25 05:55:42,B
166,signup,2026-03-05 05:08:36,B
166,activation,2026-03-05 09:08:36,B
167,signup,2026-04-10 22:09:30,B
168,signup,2026-05-09 07:12:36,A
168,activation,2026-05-10 23:12:36,A
168,feature_use,2026-05-16 23:12:36,A
168,purchase,2026-05-20 23:12:36,A
169,signup,2026-05-13 12:39:35,A
169,activation,2026-05-14 04:39:35,A
169,feature_use,2026-05-19 04:39:35,A
170,signup,2026-03-26 16:47:03,B
171,signup,2026-03-26 15:35:28,A
171,activation,2026-03-27 10:35:28,A
171,feature_use,2026-04-02 10:35:28,A
171,purchase,2026-04-06 10:35:28,A
172,signup,2026-04-06 04:09:27,A
172,activation,2026-04-08 04:09:27,A
173,signup,2026-02-28 06:52:48,B
174,signup,2026-03-21 08:10:37,A
175,signup,2026-05-20 09:41:20,B
175,activation,2026-05-20 10:41:20,B
176,signup,2026-03-26 20:49:00,A
176,activation,2026-03-28 06:49:00,A
177,signup,2026-03-24 15:12:52,B
178,signup,2026-04-20 02:08:02,A
178,activation,2026-04-20 19:08:02,A
178,feature_use,2026-04-22 19:08:02,A
179,signup,2026-04-05 21:02:58,B
180,signup,2026-04-23 12:46:01,A
180,activation,2026-04-25 10:46:01,A
181,signup,2026-04-30 11:13:01,A
181,activation,2026-05-01 14:13:01,A
182,signup,2026-05-04 21:33:53,A
183,signup,2026-03-27 00:07:00,B
183,activation,2026-03-27 14:07:00,B
183,feature_use,2026-03-31 14:07:00,B
184,signup,2026-04-10 23:28:41,B
184,activation,2026-04-12 21:28:41,B
185,signup,2026-04-27 21:47:40,A
185,activation,2026-04-29 01:47:40,A
186,signup,2026-03-21 14:59:41,B
186,activation,2026-03-22 20:59:41,B
186,feature_use,2026-03-25 20:59:41,B
186,purchase,2026-03-26 20:59:41,B
187,signup,2026-05-10 05:01:43,A
187,activation,2026-05-11 14:01:43,A
187,feature_use,2026-05-18 14:01:43,A
187,purchase,2026-05-28 14:01:43,A
188,signup,2026-03-19 18:06:55,A
189,signup,2026-03-08 16:35:49,B
189,activation,2026-03-08 23:35:49,B
189,feature_use,2026-03-15 23:35:49,B
190,signup,2026-03-19 04:45:29,A
190,activation,2026-03-21 01:45:29,A
191,signup,2026-04-09 04:05:19,A
191,activation,2026-04-10 20:05:19,A
191,feature_use,2026-04-12 20:05:19,A
191,purchase,2026-04-20 20:05:19,A
192,signup,2026-03-06 15:37:00,B
192,activation,2026-03-08 14:37:00,B
193,signup,2026-03-31 20:03:03,B
194,signup,2026-02-28 14:21:11,A
194,activation,2026-02-28 20:21:11,A
194,feature_use,2026-03-03 20:21:11,A
195,signup,2026-04-11 08:22:39,B
195,activation,2026-04-12 11:22:39,B
196,signup,2026-04-14 08:58:24,B
196,activation,2026-04-15 07:58:24,B
197,signup,2026-04-14 04:01:57,B
198,signup,2026-02-25 02:09:18,A
199,signup,2026-02-28 18:58:52,A
199,activation,2026-03-01 23:58:52,A
200,signup,2026-03-23 22:25:32,B
200,activation,2026-03-25 15:25:32,B
201,signup,2026-03-05 21:14:25,A
202,signup,2026-04-03 08:57:49,A
203,signup,2026-03-23 03:31:46,A
203,activation,2026-03-24 09:31:46,A
204,signup,2026-05-20 14:48:42,B
204,activation,2026-05-21 07:48:42,B
205,signup,2026-03-29 18:49:23,A
206,signup,2026-05-13 00:43:23,B
207,signup,2026-03-30 13:34:29,B
208,signup,2026-03-09 14:22:58,B
208,activation,2026-03-10 11:22:58,B
209,signup,2026-03-16 18:23:33,A
210,signup,2026-02-25 12:46:57,A
210,activation,2026-02-26 14:46:57,A
210,feature_use,2026-03-02 14:46:57,A
211,signup,2026-03-09 15:51:13,B
211,activation,2026-03-11 05:51:13,B
212,signup,2026-04-29 15:15:06,A
213,signup,2026-05-01 08:01:28,B
213,activation,2026-05-02 13:01:28,B
213,feature_use,2026-05-09 13:01:28,B
214,signup,2026-03-13 19:45:27,A
214,activation,2026-03-14 02:45:27,A
214,feature_use,2026-03-16 02:45:27,A
215,signup,2026-04-20 11:01:09,A
215,activation,2026-04-22 00:01:09,A
215,feature_use,2026-04-28 00:01:09,A
215,purchase,2026-05-08 00:01:09,A
216,signup,2026-03-07 01:45:33,A
216,activation,2026-03-07 06:45:33,A
217,signup,2026-02-28 16:47:29,B
217,activation,2026-03-01 05:47:29,B
218,signup,2026-04-20 17:30:04,B
219,signup,2026-04-13 22:31:55,B
220,signup,2026-05-10 10:08:30,B
220,activation,2026-05-10 14:08:30,B
220,feature_use,2026-05-12 14:08:30,B
221,signup,2026-02-25 23:37:04,B
222,signup,2026-05-03 22:20:28,A
222,activation,2026-05-04 10:20:28,A
222,feature_use,2026-05-08 10:20:28,A
223,signup,2026-04-06 21:33:25,A
223,activation,2026-04-06 22:33:25,A
223,feature_use,2026-04-09 22:33:25,A
223,purchase,2026-04-14 22:33:25,A
224,signup,2026-03-18 01:47:46,A
225,signup,2026-04-09 20:38:33,A
226,signup,2026-04-19 04:29:06,A
227,signup,2026-03-06 20:08:13,A
228,signup,2026-03-08 17:42:20,A
229,signup,2026-03-24 00:50:09,A
229,activation,2026-03-25 06:50:09,A
229,feature_use,2026-03-28 06:50:09,A
230,signup,2026-03-14 13:52:29,A
230,activation,2026-03-15 11:52:29,A
231,signup,2026-03-20 06:39:07,A
231,activation,2026-03-21 10:39:07,A
231,feature_use,2026-03-27 10:39:07,A
232,signup,2026-04-28 21:49:37,A
232,activation,2026-04-29 13:49:37,A
233,signup,2026-04-21 03:28:54,A
234,signup,2026-05-19 06:41:50,A
234,activation,2026-05-19 07:41:50,A
235,signup,2026-03-09 03:07:40,B
235,activation,2026-03-09 21:07:40,B
236,signup,2026-05-13 02:15:27,A
236,activation,2026-05-14 18:15:27,A
237,signup,2026-03-14 11:44:18,B
237,activation,2026-03-14 22:44:18,B
238,signup,2026-03-29 07:53:55,A
238,activation,2026-03-29 23:53:55,A
238,feature_use,2026-04-03 23:53:55,A
239,signup,2026-04-25 09:46:57,A
239,activation,2026-04-26 17:46:57,A
240,signup,2026-04-16 13:25:56,A
240,activation,2026-04-18 00:25:56,A
241,signup,2026-03-22 21:06:15,B
241,activation,2026-03-23 03:06:15,B
241,feature_use,2026-03-25 03:06:15,B
241,purchase,2026-04-01 03:06:15,B
242,signup,2026-04-24 12:16:10,A
242,activation,2026-04-26 03:16:10,A
243,signup,2026-03-08 00:24:39,B
243,activation,2026-03-09 11:24:39,B
244,signup,2026-03-29 03:29:50,B
244,activation,2026-03-30 20:29:50,B
245,signup,2026-05-09 07:23:46,A
246,signup,2026-05-19 01:05:38,B
247,signup,2026-03-28 07:56:18,A
247,activation,2026-03-29 23:56:18,A
247,feature_use,2026-03-31 23:56:18,A
248,signup,2026-02-23 15:14:50,B
249,signup,2026-03-03 23:43:41,A
249,activation,2026-03-05 02:43:41,A
250,signup,2026-04-07 00:24:47,A
251,signup,2026-04-17 22:19:51,A
251,activation,2026-04-18 07:19:51,A
251,feature_use,2026-04-24 07:19:51,A
251,purchase,2026-05-04 07:19:51,A
252,signup,2026-03-24 13:20:38,B
253,signup,2026-05-06 12:50:26,A
254,signup,2026-03-01 04:03:34,A
254,activation,2026-03-01 21:03:34,A
255,signup,2026-04-01 05:26:57,B
256,signup,2026-04-04 16:05:32,A
257,signup,2026-04-10 00:58:33,B
257,activation,2026-04-11 01:58:33,B
258,signup,2026-03-30 17:36:44,B
259,signup,2026-03-01 08:15:50,A
260,signup,2026-03-17 16:19:14,B
260,activation,2026-03-17 17:19:14,B
261,signup,2026-05-17 18:36:56,A
261,activation,2026-05-17 22:36:56,A
261,feature_use,2026-05-19 22:36:56,A
261,purchase,2026-05-23 22:36:56,A
262,signup,2026-03-04 09:38:49,B
262,activation,2026-03-04 11:38:49,B
262,feature_use,2026-03-10 11:38:49,B
263,signup,2026-04-19 20:24:05,A
264,signup,2026-04-24 19:41:44,B
264,activation,2026-04-26 01:41:44,B
265,signup,2026-04-16 19:42:11,B
265,activation,2026-04-16 21:42:11,B
266,signup,2026-04-16 20:43:35,B
267,signup,2026-05-11 13:20:07,B
267,activation,2026-05-13 06:20:07,B
267,feature_use,2026-05-15 06:20:07,B
268,signup,2026-03-26 06:13:25,A
269,signup,2026-03-09 03:05:45,A
270,signup,2026-03-22 02:08:47,B
270,activation,2026-03-22 20:08:47,B
270,feature_use,2026-03-23 20:08:47,B
270,purchase,2026-04-01 20:08:47,B
271,signup,2026-04-05 07:45:55,B
271,activation,2026-04-06 13:45:55,B
272,signup,2026-03-08 06:59:58,B
272,activation,2026-03-08 17:59:58,B
273,signup,2026-03-07 03:16:25,B
274,signup,2026-05-17 23:51:29,B
275,signup,2026-02-28 13:26:46,A
275,activation,2026-03-02 12:26:46,A
275,feature_use,2026-03-09 12:26:46,A
276,signup,2026-02-22 20:56:37,A
276,activation,2026-02-24 17:56:37,A
277,signup,2026-03-21 15:34:18,B
278,signup,2026-02-26 10:16:37,B
278,activation,2026-02-27 13:16:37,B
279,signup,2026-04-24 14:36:11,B
279,activation,2026-04-26 01:36:11,B
280,signup,2026-05-03 00:10:21,B
280,activation,2026-05-04 10:10:21,B
280,feature_use,2026-05-06 10:10:21,B
281,signup,2026-04-26 05:10:42,A
281,activation,2026-04-27 09:10:42,A
281,feature_use,2026-04-30 09:10:42,A
282,signup,2026-05-16 11:14:42,B
282,activation,2026-05-17 07:14:42,B
282,feature_use,2026-05-24 07:14:42,B
283,signup,2026-04-17 08:41:42,B
283,activation,2026-04-19 06:41:42,B
284,signup,2026-02-26 11:09:35,A
285,signup,2026-03-21 13:36:22,A
285,activation,2026-03-21 19:36:22,A
286,signup,2026-03-17 21:35:08,A
287,signup,2026-05-04 08:12:29,A
287,activation,2026-05-05 16:12:29,A
287,feature_use,2026-05-06 16:12:29,A
288,signup,2026-03-09 18:48:15,A
288,activation,2026-03-09 21:48:15,A
289,signup,2026-04-11 07:52:31,A
289,activation,2026-04-12 09:52:31,A
290,signup,2026-05-10 08:18:17,A
290,activation,2026-05-10 20:18:17,A
290,feature_use,2026-05-15 20:18:17,A
291,signup,2026-03-09 06:47:13,A
291,activation,2026-03-10 17:47:13,A
292,signup,2026-03-21 17:43:16,B
292,activation,2026-03-23 14:43:16,B
293,signup,2026-03-13 16:34:42,B
293,activation,2026-03-13 22:34:42,B
293,feature_use,2026-03-14 22:34:42,B
294,signup,2026-03-25 22:04:24,A
294,activation,2026-03-27 00:04:24,A
295,signup,2026-04-01 23:12:01,B
295,activation,2026-04-02 00:12:01,B
295,feature_use,2026-04-03 00:12:01,B
296,signup,2026-03-03 06:12:36,A
297,signup,2026-03-31 04:24:03,B
298,signup,2026-04-25 11:47:11,B
298,activation,2026-04-27 08:47:11,B
299,signup,2026-04-03 02:18:14,A
299,activation,2026-04-03 03:18:14,A
299,feature_use,2026-04-05 03:18:14,A
300,signup,2026-02-27 00:58:27,B
300,activation,2026-02-28 01:58:27,B
301,signup,2026-03-24 00:49:57,B
301,activation,2026-03-25 19:49:57,B
301,feature_use,2026-03-28 19:49:57,B
302,signup,2026-05-11 23:28:47,A
302,activation,2026-05-12 01:28:47,A
302,feature_use,2026-05-14 01:28:47,A
303,signup,2026-04-22 14:46:50,B
303,activation,2026-04-23 10:46:50,B
303,feature_use,2026-04-29 10:46:50,B
304,signup,2026-03-29 01:52:25,B
304,activation,2026-03-30 05:52:25,B
305,signup,2026-04-15 13:00:53,A
305,activation,2026-04-16 01:00:53,A
305,feature_use,2026-04-19 01:00:53,A
306,signup,2026-05-16 02:39:17,A
307,signup,2026-05-19 05:01:04,B
308,signup,2026-05-05 13:41:04,A
309,signup,2026-05-04 14:02:54,A
309,activation,2026-05-06 01:02:54,A
309,feature_use,2026-05-08 01:02:54,A
310,signup,2026-03-30 14:54:35,B
310,activation,2026-04-01 04:54:35,B
310,feature_use,2026-04-05 04:54:35,B
310,purchase,2026-04-13 04:54:35,B
311,signup,2026-02-25 01:37:59,A
311,activation,2026-02-25 13:37:59,A
311,feature_use,2026-03-01 13:37:59,A
312,signup,2026-02-20 06:50:32,A
313,signup,2026-03-31 02:08:09,A
313,activation,2026-03-31 12:08:09,A
314,signup,2026-02-24 10:37:41,A
315,signup,2026-05-07 10:51:02,B
315,activation,2026-05-08 16:51:02,B
316,signup,2026-03-18 00:13:19,B
317,signup,2026-03-15 21:43:18,B
317,activation,2026-03-16 04:43:18,B
318,signup,2026-03-13 16:19:05,B
318,activation,2026-03-13 18:19:05,B
318,feature_use,2026-03-19 18:19:05,B
319,signup,2026-04-06 19:19:47,B
319,activation,2026-04-07 15:19:47,B
320,signup,2026-05-15 04:19:44,A
321,signup,2026-03-29 18:53:05,B
322,signup,2026-03-22 08:41:53,B
322,activation,2026-03-23 14:41:53,B
323,signup,2026-03-27 02:53:58,B
323,activation,2026-03-28 18:53:58,B
323,feature_use,2026-03-30 18:53:58,B
324,signup,2026-05-16 14:14:51,B
324,activation,2026-05-17 08:14:51,B
324,feature_use,2026-05-20 08:14:51,B
325,signup,2026-03-14 21:33:37,B
326,signup,2026-04-14 14:39:47,A
326,activation,2026-04-15 17:39:47,A
327,signup,2026-04-20 02:23:54,A
327,activation,2026-04-21 22:23:54,A
328,signup,2026-05-15 19:44:08,B
329,signup,2026-02-26 13:01:50,B
329,activation,2026-02-26 16:01:50,B
329,feature_use,2026-03-05 16:01:50,B
330,signup,2026-03-26 03:03:05,B
331,signup,2026-04-24 21:27:27,B
331,activation,2026-04-25 00:27:27,B
332,signup,2026-04-27 19:14:02,B
332,activation,2026-04-29 18:14:02,B
332,feature_use,2026-05-05 18:14:02,B
332,purchase,2026-05-08 18:14:02,B
333,signup,2026-04-07 21:02:57,B
333,activation,2026-04-08 14:02:57,B
333,feature_use,2026-04-12 14:02:57,B
334,signup,2026-05-03 21:21:11,B
335,signup,2026-04-17 01:14:08,B
335,activation,2026-04-18 13:14:08,B
336,signup,2026-04-27 00:22:11,A
336,activation,2026-04-29 00:22:11,A
337,signup,2026-03-13 08:35:39,A
337,activation,2026-03-15 00:35:39,A
338,signup,2026-05-12 04:30:44,A
339,signup,2026-03-05 09:24:31,B
340,signup,2026-03-01 04:33:21,B
340,activation,2026-03-03 02:33:21,B
340,feature_use,2026-03-10 02:33:21,B
341,signup,2026-03-24 00:14:23,B
341,activation,2026-03-24 22:14:23,B
341,feature_use,2026-03-28 22:14:23,B
342,signup,2026-05-10 12:27:14,B
342,activation,2026-05-10 20:27:14,B
343,signup,2026-05-07 17:10:42,A
344,signup,2026-04-26 06:31:26,B
344,activation,2026-04-27 01:31:26,B
345,signup,2026-04-21 03:21:57,A
346,signup,2026-04-05 20:22:58,B
346,activation,2026-04-07 00:22:58,B
346,feature_use,2026-04-11 00:22:58,B
346,purchase,2026-04-13 00:22:58,B
347,signup,2026-05-04 07:21:05,A
347,activation,2026-05-04 11:21:05,A
348,signup,2026-05-05 05:24:48,A
348,activation,2026-05-05 15:24:48,A
349,signup,2026-04-07 02:48:07,A
349,activation,2026-04-07 16:48:07,A
349,feature_use,2026-04-09 16:48:07,A
350,signup,2026-03-24 10:15:17,B
351,signup,2026-03-27 02:09:15,A
351,activation,2026-03-27 07:09:15,A
351,feature_use,2026-03-31 07:09:15,A
352,signup,2026-05-18 04:37:41,A
352,activation,2026-05-19 07:37:41,A
352,feature_use,2026-05-20 07:37:41,A
353,signup,2026-03-02 21:02:44,A
353,activation,2026-03-03 21:02:44,A
353,feature_use,2026-03-09 21:02:44,A
354,signup,2026-05-03 19:43:11,B
354,activation,2026-05-04 02:43:11,B
354,feature_use,2026-05-05 02:43:11,B
354,purchase,2026-05-07 02:43:11,B
355,signup,2026-02-23 08:18:54,A
356,signup,2026-04-26 09:10:36,B
356,activation,2026-04-28 06:10:36,B
356,feature_use,2026-04-30 06:10:36,B
357,signup,2026-05-03 11:45:03,A
358,signup,2026-02-26 14:00:21,B
358,activation,2026-02-27 13:00:21,B
358,feature_use,2026-03-02 13:00:21,B
358,purchase,2026-03-05 13:00:21,B
359,signup,2026-05-20 00:42:35,B
359,activation,2026-05-21 03:42:35,B
359,feature_use,2026-05-22 03:42:35,B
360,signup,2026-04-12 00:06:10,A
361,signup,2026-04-12 03:33:14,B
362,signup,2026-04-30 01:35:17,B
363,signup,2026-03-31 16:35:26,A
363,activation,2026-03-31 22:35:26,A
363,feature_use,2026-04-05 22:35:26,A
363,purchase,2026-04-06 22:35:26,A
364,signup,2026-03-12 03:23:29,B
364,activation,2026-03-13 12:23:29,B
364,feature_use,2026-03-16 12:23:29,B
365,signup,2026-04-10 10:13:51,A
365,activation,2026-04-10 18:13:51,A
366,signup,2026-03-22 11:12:29,B
367,signup,2026-05-07 05:37:04,B
367,activation,2026-05-07 14:37:04,B
368,signup,2026-03-27 03:40:09,B
368,activation,2026-03-27 05:40:09,B
369,signup,2026-03-12 07:03:25,B
370,signup,2026-03-27 20:17:50,A
371,signup,2026-03-20 02:27:13,B
372,signup,2026-03-21 12:15:26,A
372,activation,2026-03-22 23:15:26,A
373,signup,2026-03-27 06:13:43,A
374,signup,2026-04-08 19:00:30,B
375,signup,2026-05-11 04:11:07,A
376,signup,2026-05-06 13:39:09,A
376,activation,2026-05-07 23:39:09,A
377,signup,2026-03-10 17:39:12,A
378,signup,2026-03-02 15:59:52,B
378,activation,2026-03-03 06:59:52,B
378,feature_use,2026-03-07 06:59:52,B
379,signup,2026-05-20 12:17:17,B
379,activation,2026-05-21 03:17:17,B
379,feature_use,2026-05-25 03:17:17,B
380,signup,2026-05-02 22:19:27,B
380,activation,2026-05-03 20:19:27,B
380,feature_use,2026-05-08 20:19:27,B
381,signup,2026-03-27 01:09:32,B
381,activation,2026-03-27 10:09:32,B
381,feature_use,2026-04-02 10:09:32,B
382,signup,2026-04-28 21:03:19,A
382,activation,2026-04-30 16:03:19,A
382,feature_use,2026-05-03 16:03:19,A
382,purchase,2026-05-11 16:03:19,A
383,signup,2026-02-26 08:07:07,A
384,signup,2026-04-10 14:56:38,B
384,activation,2026-04-12 03:56:38,B
385,signup,2026-04-02 16:48:47,A
385,activation,2026-04-03 06:48:47,A
385,feature_use,2026-04-06 06:48:47,A
386,signup,2026-04-25 07:26:51,B
386,activation,2026-04-26 02:26:51,B
386,feature_use,2026-04-29 02:26:51,B
387,signup,2026-03-13 21:21:56,A
387,activation,2026-03-14 07:21:56,A
387,feature_use,2026-03-19 07:21:56,A
388,signup,2026-03-01 01:47:38,A
388,activation,2026-03-02 09:47:38,A
389,signup,2026-03-16 14:38:06,A
390,signup,2026-03-17 03:29:00,B
391,signup,2026-03-08 10:52:13,B
391,activation,2026-03-09 04:52:13,B
392,signup,2026-05-19 14:43:33,B
393,signup,2026-04-20 14:07:18,A
394,signup,2026-04-27 08:26:03,B
395,signup,2026-04-08 13:24:18,A
396,signup,2026-03-04 21:14:16,B
397,signup,2026-03-13 11:56:59,A
398,signup,2026-03-09 09:07:01,B
399,signup,2026-02-28 03:48:37,A
399,activation,2026-03-01 02:48:37,A
399,feature_use,2026-03-04 02:48:37,A
400,signup,2026-03-23 03:04:02,A
401,signup,2026-03-12 17:22:43,A
402,signup,2026-04-17 20:25:16,B
402,activation,2026-04-19 11:25:16,B
402,feature_use,2026-04-26 11:25:16,B
403,signup,2026-03-21 14:26:39,A
404,signup,2026-03-19 09:15:43,B
404,activation,2026-03-20 13:15:43,B
404,feature_use,2026-03-27 13:15:43,B
405,signup,2026-03-06 13:15:27,B
405,activation,2026-03-08 02:15:27,B
406,signup,2026-04-16 04:57:59,B
406,activation,2026-04-17 10:57:59,B
407,signup,2026-03-26 10:54:51,A
407,activation,2026-03-28 05:54:51,A
408,signup,2026-03-15 00:22:19,A
408,activation,2026-03-16 23:22:19,A
409,signup,2026-04-24 10:53:53,A
409,activation,2026-04-25 08:53:53,A
410,signup,2026-04-21 20:38:22,B
410,activation,2026-04-23 04:38:22,B
411,signup,2026-05-20 13:50:58,A
411,activation,2026-05-21 18:50:58,A
411,feature_use,2026-05-28 18:50:58,A
412,signup,2026-02-26 16:03:50,B
413,signup,2026-04-05 17:01:05,B
413,activation,2026-04-06 23:01:05,B
414,signup,2026-04-27 23:22:29,B
414,activation,2026-04-28 22:22:29,B
414,feature_use,2026-04-29 22:22:29,B
414,purchase,2026-05-02 22:22:29,B
415,signup,2026-05-05 14:00:06,A
415,activation,2026-05-06 17:00:06,A
415,feature_use,2026-05-09 17:00:06,A
416,signup,2026-03-04 09:36:12,B
416,activation,2026-03-05 07:36:12,B
416,feature_use,2026-03-07 07:36:12,B
417,signup,2026-03-11 11:12:33,A
417,activation,2026-03-12 03:12:33,A
418,signup,2026-03-29 10:15:44,B
419,signup,2026-02-20 07:44:21,A
420,signup,2026-03-20 09:05:29,A
420,activation,2026-03-20 22:05:29,A
421,signup,2026-04-25 06:26:50,B
422,signup,2026-03-29 19:23:39,B
422,activation,2026-03-31 19:23:39,B
423,signup,2026-03-19 05:40:46,B
423,activation,2026-03-20 15:40:46,B
423,feature_use,2026-03-22 15:40:46,B
424,signup,2026-04-01 03:00:44,B
424,activation,2026-04-01 13:00:44,B
425,signup,2026-03-06 20:54:00,B
425,activation,2026-03-07 14:54:00,B
425,feature_use,2026-03-13 14:54:00,B
425,purchase,2026-03-15 14:54:00,B
426,signup,2026-04-22 21:04:53,A
426,activation,2026-04-23 00:04:53,A
427,signup,2026-03-27 02:46:56,A
427,activation,2026-03-28 22:46:56,A
427,feature_use,2026-04-03 22:46:56,A
428,signup,2026-05-16 13:48:34,A
428,activation,2026-05-17 01:48:34,A
428,feature_use,2026-05-20 01:48:34,A
429,signup,2026-03-20 21:40:47,B
429,activation,2026-03-21 07:40:47,B
429,feature_use,2026-03-24 07:40:47,B
430,signup,2026-04-19 18:14:04,A
430,activation,2026-04-21 00:14:04,A
431,signup,2026-03-23 00:32:56,A
431,activation,2026-03-23 22:32:56,A
431,feature_use,2026-03-28 22:32:56,A
432,signup,2026-05-15 03:48:10,B
432,activation,2026-05-15 10:48:10,B
432,feature_use,2026-05-22 10:48:10,B
433,signup,2026-04-11 12:35:43,B
433,activation,2026-04-11 21:35:43,B
433,feature_use,2026-04-13 21:35:43,B
434,signup,2026-04-15 17:01:17,B
434,activation,2026-04-16 11:01:17,B
434,feature_use,2026-04-17 11:01:17,B
434,purchase,2026-04-19 11:01:17,B
435,signup,2026-04-30 06:27:01,B
436,signup,2026-04-22 08:19:36,B
437,signup,2026-03-14 21:55:42,A
438,signup,2026-04-26 21:29:11,B
439,signup,2026-04-21 21:21:30,A
439,activation,2026-04-22 10:21:30,A
440,signup,2026-03-18 11:53:28,B
440,activation,2026-03-18 15:53:28,B
440,feature_use,2026-03-25 15:53:28,B
441,signup,2026-03-15 18:42:12,A
441,activation,2026-03-16 01:42:12,A
442,signup,2026-04-12 06:07:39,B
442,activation,2026-04-13 17:07:39,B
442,feature_use,2026-04-14 17:07:39,B
443,signup,2026-05-01 21:37:32,A
443,activation,2026-05-02 14:37:32,A
443,feature_use,2026-05-05 14:37:32,A
444,signup,2026-03-22 14:40:52,B
444,activation,2026-03-24 00:40:52,B
444,feature_use,2026-03-31 00:40:52,B
445,signup,2026-03-12 13:57:15,A
446,signup,2026-04-11 17:07:24,B
447,signup,2026-03-24 01:03:33,B
447,activation,2026-03-25 13:03:33,B
448,signup,2026-05-15 05:43:47,A
448,activation,2026-05-16 21:43:47,A
449,signup,2026-05-04 17:26:17,B
449,activation,2026-05-04 22:26:17,B
449,feature_use,2026-05-08 22:26:17,B
449,purchase,2026-05-11 22:26:17,B
450,signup,2026-04-01 23:42:40,A
450,activation,2026-04-02 02:42:40,A
451,signup,2026-03-08 20:00:51,B
452,signup,2026-03-13 00:59:51,A
453,signup,2026-03-14 12:16:43,B
453,activation,2026-03-16 06:16:43,B
453,feature_use,2026-03-20 06:16:43,B
453,purchase,2026-03-30 06:16:43,B
454,signup,2026-03-23 01:46:48,B
454,activation,2026-03-23 14:46:48,B
455,signup,2026-02-26 19:01:30,B
455,activation,2026-02-28 18:01:30,B
456,signup,2026-05-02 15:38:56,B
456,activation,2026-05-04 05:38:56,B
457,signup,2026-05-13 00:23:46,A
458,signup,2026-03-04 17:35:04,B
458,activation,2026-03-04 21:35:04,B
459,signup,2026-04-14 20:15:33,B
459,activation,2026-04-16 03:15:33,B
459,feature_use,2026-04-23 03:15:33,B
460,signup,2026-03-12 16:01:00,B
460,activation,2026-03-12 22:01:00,B
461,signup,2026-03-13 11:48:58,B
461,activation,2026-03-14 03:48:58,B
462,signup,2026-03-09 00:47:04,B
463,signup,2026-03-03 20:08:58,A
463,activation,2026-03-05 14:08:58,A
463,feature_use,2026-03-11 14:08:58,A
464,signup,2026-04-08 18:43:26,B
464,activation,2026-04-10 12:43:26,B
465,signup,2026-05-20 01:42:40,B
466,signup,2026-05-07 11:19:36,B
466,activation,2026-05-09 06:19:36,B
467,signup,2026-04-11 18:21:26,B
468,signup,2026-04-26 14:14:04,B
468,activation,2026-04-27 10:14:04,B
469,signup,2026-04-22 21:12:08,B
469,activation,2026-04-24 01:12:08,B
469,feature_use,2026-04-29 01:12:08,B
470,signup,2026-05-12 01:21:10,B
470,activation,2026-05-13 21:21:10,B
470,feature_use,2026-05-17 21:21:10,B
471,signup,2026-03-28 08:10:36,B
471,activation,2026-03-29 21:10:36,B
472,signup,2026-05-19 15:14:59,A
473,signup,2026-02-26 03:14:27,B
474,signup,2026-03-12 00:43:23,B
475,signup,2026-05-17 11:42:57,B
475,activation,2026-05-17 23:42:57,B
476,signup,2026-03-29 23:52:39,B
476,activation,2026-03-31 15:52:39,B
477,signup,2026-03-09 03:39:54,A
478,signup,2026-03-31 06:20:46,B
478,activation,2026-04-01 01:20:46,B
478,feature_use,2026-04-03 01:20:46,B
479,signup,2026-03-30 09:37:10,A
480,signup,2026-03-25 00:55:34,A
480,activation,2026-03-26 12:55:34,A
480,feature_use,2026-03-30 12:55:34,A
481,signup,2026-03-08 19:25:40,A
481,activation,2026-03-09 07:25:40,A
482,signup,2026-05-12 03:49:48,A
483,signup,2026-02-25 23:23:57,A
483,activation,2026-02-26 23:23:57,A
483,feature_use,2026-02-27 23:23:57,A
484,signup,2026-03-25 12:39:26,B
484,activation,2026-03-25 18:39:26,B
485,signup,2026-03-11 01:20:12,B
485,activation,2026-03-12 12:20:12,B
486,signup,2026-05-16 17:27:11,A
486,activation,2026-05-17 14:27:11,A
487,signup,2026-04-17 14:23:08,A
487,activation,2026-04-18 04:23:08,A
488,signup,2026-05-02 13:58:38,B
489,signup,2026-04-24 18:20:10,B
489,activation,2026-04-25 08:20:10,B
489,feature_use,2026-04-30 08:20:10,B
490,signup,2026-03-17 20:16:56,A
490,activation,2026-03-18 11:16:56,A
491,signup,2026-03-12 12:30:51,A
491,activation,2026-03-13 08:30:51,A
492,signup,2026-05-12 16:22:49,A
492,activation,2026-05-13 16:22:49,A
492,feature_use,2026-05-14 16:22:49,A
492,purchase,2026-05-16 16:22:49,A
493,signup,2026-03-25 05:29:37,B
493,activation,2026-03-25 09:29:37,B
494,signup,2026-04-12 08:55:31,A
494,activation,2026-04-14 00:55:31,A
495,signup,2026-04-15 21:33:51,B
495,activation,2026-04-17 10:33:51,B
496,signup,2026-04-16 03:13:56,B
497,signup,2026-05-15 08:41:13,B
497,activation,2026-05-15 13:41:13,B
497,feature_use,2026-05-21 13:41:13,B
498,signup,2026-05-19 01:41:10,A
498,activation,2026-05-20 16:41:10,A
499,signup,2026-05-09 08:34:04,B
499,activation,2026-05-10 03:34:04,B
500,signup,2026-03-11 10:14:48,B
500,activation,2026-03-11 14:14:48,B
501,signup,2026-03-28 06:38:22,B
502,signup,2026-04-21 14:03:17,A
503,signup,2026-03-27 01:23:55,B
503,activation,2026-03-27 12:23:55,B
503,feature_use,2026-03-30 12:23:55,B
503,purchase,2026-04-06 12:23:55,B
504,signup,2026-02-22 20:33:07,B
505,signup,2026-04-22 04:21:28,B
505,activation,2026-04-22 08:21:28,B
505,feature_use,2026-04-29 08:21:28,B
506,signup,2026-05-07 08:35:56,B
507,signup,2026-03-16 23:48:45,A
507,activation,2026-03-18 11:48:45,A
508,signup,2026-04-10 03:06:14,A
508,activation,2026-04-10 13:06:14,A
509,signup,2026-04-30 18:56:42,A
509,activation,2026-05-02 11:56:42,A
510,signup,2026-04-17 17:51:54,B
511,signup,2026-03-07 20:02:35,B
511,activation,2026-03-09 01:02:35,B
512,signup,2026-05-02 15:37:17,B
512,activation,2026-05-03 05:37:17,B
513,signup,2026-05-01 15:58:48,A
513,activation,2026-05-03 06:58:48,A
514,signup,2026-04-04 23:02:35,A
514,activation,2026-04-05 20:02:35,A
514,feature_use,2026-04-10 20:02:35,A
515,signup,2026-03-09 01:51:10,A
515,activation,2026-03-10 12:51:10,A
516,signup,2026-05-16 19:39:28,A
516,activation,2026-05-18 04:39:28,A
517,signup,2026-05-02 13:39:56,B
517,activation,2026-05-04 03:39:56,B
518,signup,2026-03-06 08:00:33,A
518,activation,2026-03-07 16:00:33,A
519,signup,2026-03-21 09:18:52,A
519,activation,2026-03-21 19:18:52,A
519,feature_use,2026-03-25 19:18:52,A
520,signup,2026-02-23 17:55:38,A
520,activation,2026-02-24 11:55:38,A
521,signup,2026-04-30 01:57:52,A
521,activation,2026-05-01 05:57:52,A
522,signup,2026-03-31 02:38:16,A
522,activation,2026-03-31 06:38:16,A
523,signup,2026-05-09 11:22:30,B
524,signup,2026-03-29 08:31:48,B
524,activation,2026-03-30 20:31:48,B
525,signup,2026-04-12 10:29:34,A
525,activation,2026-04-13 04:29:34,A
525,feature_use,2026-04-15 04:29:34,A
525,purchase,2026-04-21 04:29:34,A
526,signup,2026-04-01 10:24:41,B
526,activation,2026-04-02 15:24:41,B
526,feature_use,2026-04-08 15:24:41,B
526,purchase,2026-04-18 15:24:41,B
527,signup,2026-04-11 14:37:33,A
528,signup,2026-04-10 16:46:03,A
529,signup,2026-04-06 08:36:09,A
529,activation,2026-04-08 02:36:09,A
530,signup,2026-03-29 02:31:50,A
530,activation,2026-03-30 05:31:50,A
530,feature_use,2026-03-31 05:31:50,A
531,signup,2026-03-17 09:08:59,B
531,activation,2026-03-17 12:08:59,B
532,signup,2026-03-27 11:07:20,A
532,activation,2026-03-29 03:07:20,A
533,signup,2026-04-03 17:44:20,A
533,activation,2026-04-04 17:44:20,A
534,signup,2026-04-21 07:32:27,A
534,activation,2026-04-22 15:32:27,A
535,signup,2026-04-10 03:05:47,B
536,signup,2026-02-28 15:39:08,A
536,activation,2026-03-01 13:39:08,A
537,signup,2026-03-26 19:01:35,A
537,activation,2026-03-28 10:01:35,A
537,feature_use,2026-04-01 10:01:35,A
538,signup,2026-04-11 21:02:44,B
538,activation,2026-04-13 06:02:44,B
538,feature_use,2026-04-14 06:02:44,B
539,signup,2026-05-16 08:24:47,A
539,activation,2026-05-16 16:24:47,A
540,signup,2026-04-09 09:16:10,B
540,activation,2026-04-11 03:16:10,B
540,feature_use,2026-04-13 03:16:10,B
540,purchase,2026-04-19 03:16:10,B
541,signup,2026-02-28 19:09:32,B
542,signup,2026-03-24 09:25:32,A
542,activation,2026-03-24 15:25:32,A
542,feature_use,2026-03-28 15:25:32,A
543,signup,2026-04-15 06:46:28,A
544,signup,2026-02-22 11:04:00,B
544,activation,2026-02-23 00:04:00,B
545,signup,2026-05-08 23:06:05,B
546,signup,2026-04-24 13:00:55,A
546,activation,2026-04-25 09:00:55,A
546,feature_use,2026-04-30 09:00:55,A
547,signup,2026-05-14 13:43:12,A
547,activation,2026-05-16 01:43:12,A
547,feature_use,2026-05-21 01:43:12,A
547,purchase,2026-05-29 01:43:12,A
548,signup,2026-05-09 11:31:59,A
548,activation,2026-05-10 10:31:59,A
548,feature_use,2026-05-11 10:31:59,A
549,signup,2026-04-05 20:21:38,A
550,signup,2026-03-08 01:59:55,B
550,activation,2026-03-09 13:59:55,B
551,signup,2026-04-25 05:15:39,B
552,signup,2026-05-03 08:41:10,A
552,activation,2026-05-05 06:41:10,A
553,signup,2026-05-09 23:17:52,B
553,activation,2026-05-11 17:17:52,B
554,signup,2026-05-11 14:08:25,A
554,activation,2026-05-12 11:08:25,A
554,feature_use,2026-05-19 11:08:25,A
555,signup,2026-05-12 06:23:44,B
555,activation,2026-05-13 07:23:44,B
555,feature_use,2026-05-17 07:23:44,B
556,signup,2026-03-02 18:33:13,B
556,activation,2026-03-03 07:33:13,B
557,signup,2026-03-03 18:00:04,B
557,activation,2026-03-05 00:00:04,B
557,feature_use,2026-03-06 00:00:04,B
558,signup,2026-05-16 07:59:39,A
559,signup,2026-03-14 23:30:21,A
559,activation,2026-03-15 01:30:21,A
560,signup,2026-04-04 06:05:02,A
560,activation,2026-04-05 06:05:02,A
560,feature_use,2026-04-08 06:05:02,A
561,signup,2026-02-27 01:03:33,B
562,signup,2026-03-13 04:08:21,A
562,activation,2026-03-14 04:08:21,A
563,signup,2026-04-12 11:57:45,A
564,signup,2026-04-23 17:54:38,A
564,activation,2026-04-24 23:54:38,A
564,feature_use,2026-04-28 23:54:38,A
564,purchase,2026-05-04 23:54:38,A
565,signup,2026-02-20 09:56:41,B
565,activation,2026-02-20 15:56:41,B
566,signup,2026-04-16 12:45:36,B
567,signup,2026-04-24 05:51:19,A
568,signup,2026-03-10 07:33:00,B
568,activation,2026-03-10 20:33:00,B
569,signup,2026-05-11 23:25:34,B
569,activation,2026-05-12 03:25:34,B
570,signup,2026-05-17 02:11:41,A
570,activation,2026-05-17 19:11:41,A
570,feature_use,2026-05-19 19:11:41,A
570,purchase,2026-05-24 19:11:41,A
571,signup,2026-04-13 22:20:27,B
571,activation,2026-04-15 08:20:27,B
571,feature_use,2026-04-20 08:20:27,B
572,signup,2026-03-15 10:42:39,A
573,signup,2026-03-14 08:40:48,A
573,activation,2026-03-16 08:40:48,A
573,feature_use,2026-03-22 08:40:48,A
574,signup,2026-05-18 13:52:22,B
574,activation,2026-05-20 05:52:22,B
574,feature_use,2026-05-25 05:52:22,B
575,signup,2026-03-28 04:53:50,B
576,signup,2026-03-27 03:25:18,A
576,activation,2026-03-27 04:25:18,A
576,feature_use,2026-04-02 04:25:18,A
577,signup,2026-04-01 23:43:22,A
577,activation,2026-04-03 17:43:22,A
578,signup,2026-05-10 21:56:56,A
578,activation,2026-05-11 23:56:56,A
579,signup,2026-02-21 03:53:23,B
580,signup,2026-03-31 02:53:53,B
581,signup,2026-05-07 13:42:52,B
581,activation,2026-05-07 22:42:52,B
582,signup,2026-05-06 13:19:40,A
582,activation,2026-05-07 06:19:40,A
583,signup,2026-04-24 14:43:35,A
583,activation,2026-04-26 03:43:35,A
583,feature_use,2026-04-29 03:43:35,A
583,purchase,2026-05-09 03:43:35,A
584,signup,2026-03-12 03:54:50,A
584,activation,2026-03-13 17:54:50,A
584,feature_use,2026-03-19 17:54:50,A
585,signup,2026-05-19 00:17:51,A
585,activation,2026-05-20 01:17:51,A
585,feature_use,2026-05-21 01:17:51,A
586,signup,2026-05-03 08:14:54,A
586,activation,2026-05-03 11:14:54,A
587,signup,2026-05-07 02:45:15,A
588,signup,2026-03-13 09:30:15,A
588,activation,2026-03-14 00:30:15,A
589,signup,2026-03-25 22:28:27,B
589,activation,2026-03-26 19:28:27,B
590,signup,2026-05-18 12:31:32,B
591,signup,2026-03-08 08:48:44,B
592,signup,2026-03-17 02:38:33,B
592,activation,2026-03-17 12:38:33,B
592,feature_use,2026-03-23 12:38:33,B
593,signup,2026-03-14 02:58:03,A
593,activation,2026-03-15 16:58:03,A
594,signup,2026-03-22 19:20:24,A
595,signup,2026-05-09 11:10:12,A
595,activation,2026-05-11 01:10:12,A
595,feature_use,2026-05-13 01:10:12,A
596,signup,2026-04-25 18:42:40,A
596,activation,2026-04-27 11:42:40,A
597,signup,2026-05-12 23:46:17,B
598,signup,2026-03-12 00:50:12,A
599,signup,2026-05-08 21:59:36,A
599,activation,2026-05-10 18:59:36,A
600,signup,2026-05-18 13:11:12,A
601,signup,2026-03-14 22:43:34,A
601,activation,2026-03-15 11:43:34,A
601,feature_use,2026-03-18 11:43:34,A
602,signup,2026-04-16 20:44:05,B
602,activation,2026-04-18 20:44:05,B
602,feature_use,2026-04-23 20:44:05,B
602,purchase,2026-04-24 20:44:05,B
603,signup,2026-04-04 00:46:33,B
603,activation,2026-04-04 23:46:33,B
603,feature_use,2026-04-11 23:46:33,B
604,signup,2026-04-16 10:32:19,B
604,activation,2026-04-17 23:32:19,B
604,feature_use,2026-04-20 23:32:19,B
604,purchase,2026-04-25 23:32:19,B
605,signup,2026-05-14 09:50:32,B
605,activation,2026-05-14 14:50:32,B
606,signup,2026-03-06 23:16:34,A
606,activation,2026-03-08 08:16:34,A
606,feature_use,2026-03-09 08:16:34,A
607,signup,2026-02-22 05:49:50,A
608,signup,2026-03-22 04:40:36,B
609,signup,2026-04-24 03:58:56,A
609,activation,2026-04-25 06:58:56,A
609,feature_use,2026-05-02 06:58:56,A
610,signup,2026-05-14 17:19:53,B
611,signup,2026-03-26 14:52:57,A
611,activation,2026-03-28 07:52:57,A
612,signup,2026-05-08 01:18:26,B
613,signup,2026-03-11 16:12:51,A
613,activation,2026-03-12 09:12:51,A
614,signup,2026-03-04 23:09:57,A
615,signup,2026-03-09 10:02:28,B
615,activation,2026-03-10 05:02:28,B
615,feature_use,2026-03-16 05:02:28,B
615,purchase,2026-03-26 05:02:28,B
616,signup,2026-03-11 18:09:44,A
616,activation,2026-03-13 16:09:44,A
616,feature_use,2026-03-19 16:09:44,A
617,signup,2026-04-30 02:49:55,B
618,signup,2026-04-22 00:59:29,A
618,activation,2026-04-23 17:59:29,A
618,feature_use,2026-04-28 17:59:29,A
619,signup,2026-05-11 07:47:52,A
619,activation,2026-05-12 19:47:52,A
620,signup,2026-02-23 23:04:01,A
620,activation,2026-02-24 16:04:01,A
620,feature_use,2026-03-03 16:04:01,A
621,signup,2026-03-07 20:29:43,A
621,activation,2026-03-09 03:29:43,A
621,feature_use,2026-03-14 03:29:43,A
622,signup,2026-05-06 17:54:21,A
622,activation,2026-05-08 07:54:21,A
622,feature_use,2026-05-12 07:54:21,A
623,signup,2026-05-11 12:35:00,B
624,signup,2026-03-01 12:54:40,A
625,signup,2026-03-18 20:45:48,A
625,activation,2026-03-18 22:45:48,A
626,signup,2026-03-06 06:38:08,B
627,signup,2026-04-29 11:53:30,A
627,activation,2026-04-30 21:53:30,A
628,signup,2026-03-01 10:18:31,B
628,activation,2026-03-02 13:18:31,B
629,signup,2026-05-15 06:17:03,B
629,activation,2026-05-16 23:17:03,B
630,signup,2026-03-12 08:50:45,A
630,activation,2026-03-13 11:50:45,A
631,signup,2026-04-27 13:07:05,A
631,activation,2026-04-28 07:07:05,A
631,feature_use,2026-05-01 07:07:05,A
631,purchase,2026-05-07 07:07:05,A
632,signup,2026-04-15 22:35:55,B
632,activation,2026-04-17 22:35:55,B
632,feature_use,2026-04-19 22:35:55,B
633,signup,2026-05-17 06:00:56,A
633,activation,2026-05-18 09:00:56,A
634,signup,2026-03-26 03:37:41,B
634,activation,2026-03-27 12:37:41,B
634,feature_use,2026-03-31 12:37:41,B
635,signup,2026-04-05 17:57:31,B
636,signup,2026-03-24 13:02:03,B
636,activation,2026-03-25 08:02:03,B
637,signup,2026-05-08 08:02:08,A
637,activation,2026-05-09 15:02:08,A
637,feature_use,2026-05-14 15:02:08,A
637,purchase,2026-05-19 15:02:08,A
638,signup,2026-04-12 10:35:53,A
638,activation,2026-04-13 07:35:53,A
639,signup,2026-03-10 16:25:26,A
640,signup,2026-03-19 00:17:40,B
640,activation,2026-03-20 11:17:40,B
641,signup,2026-03-05 06:44:28,B
641,activation,2026-03-06 04:44:28,B
642,signup,2026-05-02 00:01:42,B
642,activation,2026-05-03 13:01:42,B
642,feature_use,2026-05-06 13:01:42,B
643,signup,2026-04-25 18:58:37,A
643,activation,2026-04-25 21:58:37,A
643,feature_use,2026-05-02 21:58:37,A
644,signup,2026-03-13 18:41:47,B
645,signup,2026-03-08 19:23:30,B
645,activation,2026-03-10 18:23:30,B
645,feature_use,2026-03-16 18:23:30,B
646,signup,2026-04-28 19:01:27,A
646,activation,2026-04-29 16:01:27,A
646,feature_use,2026-05-04 16:01:27,A
646,purchase,2026-05-11 16:01:27,A
647,signup,2026-02-27 07:13:12,A
647,activation,2026-02-27 17:13:12,A
648,signup,2026-04-06 10:25:06,B
649,signup,2026-05-15 02:30:15,B
650,signup,2026-03-22 16:20:30,A
650,activation,2026-03-24 11:20:30,A
650,feature_use,2026-03-27 11:20:30,A
650,purchase,2026-04-06 11:20:30,A
651,signup,2026-03-23 14:06:32,A
651,activation,2026-03-23 21:06:32,A
652,signup,2026-03-17 15:35:11,A
652,activation,2026-03-18 10:35:11,A
653,signup,2026-04-03 05:34:30,B
654,signup,2026-02-25 01:22:41,B
654,activation,2026-02-25 06:22:41,B
655,signup,2026-05-19 10:26:05,B
655,activation,2026-05-20 01:26:05,B
655,feature_use,2026-05-23 01:26:05,B
655,purchase,2026-05-28 01:26:05,B
656,signup,2026-03-29 03:05:47,A
656,activation,2026-03-30 06:05:47,A
657,signup,2026-03-12 08:14:20,B
657,activation,2026-03-13 01:14:20,B
658,signup,2026-05-09 00:21:00,B
658,activation,2026-05-09 19:21:00,B
658,feature_use,2026-05-15 19:21:00,B
659,signup,2026-03-27 00:54:12,B
660,signup,2026-04-22 09:46:13,A
661,signup,2026-05-03 20:32:32,B
661,activation,2026-05-05 10:32:32,B
661,feature_use,2026-05-08 10:32:32,B
662,signup,2026-04-30 08:23:52,A
662,activation,2026-05-01 19:23:52,A
663,signup,2026-04-20 13:11:07,A
664,signup,2026-03-31 16:44:29,B
665,signup,2026-02-20 02:46:23,B
665,activation,2026-02-21 03:46:23,B
665,feature_use,2026-02-22 03:46:23,B
665,purchase,2026-03-01 03:46:23,B
666,signup,2026-03-09 08:36:39,B
666,activation,2026-03-10 22:36:39,B
667,signup,2026-03-02 03:26:39,B
668,signup,2026-03-24 07:40:38,A
668,activation,2026-03-25 04:40:38,A
669,signup,2026-03-27 10:05:06,B
669,activation,2026-03-28 10:05:06,B
669,feature_use,2026-03-31 10:05:06,B
669,purchase,2026-04-04 10:05:06,B
670,signup,2026-04-22 00:49:08,A
670,activation,2026-04-23 22:49:08,A
670,feature_use,2026-04-28 22:49:08,A
671,signup,2026-03-01 10:55:35,A
671,activation,2026-03-01 13:55:35,A
671,feature_use,2026-03-02 13:55:35,A
671,purchase,2026-03-08 13:55:35,A
672,signup,2026-04-23 10:55:10,B
672,activation,2026-04-25 05:55:10,B
672,feature_use,2026-04-28 05:55:10,B
673,signup,2026-05-02 23:57:48,B
674,signup,2026-05-08 21:32:49,A
674,activation,2026-05-10 08:32:49,A
674,feature_use,2026-05-11 08:32:49,A
674,purchase,2026-05-21 08:32:49,A
675,signup,2026-04-07 21:02:52,B
675,activation,2026-04-08 08:02:52,B
675,feature_use,2026-04-12 08:02:52,B
675,purchase,2026-04-15 08:02:52,B
676,signup,2026-05-13 05:47:48,A
676,activation,2026-05-13 09:47:48,A
677,signup,2026-02-22 00:37:02,A
677,activation,2026-02-23 09:37:02,A
678,signup,2026-03-06 04:31:29,A
679,signup,2026-04-02 07:42:02,A
679,activation,2026-04-03 01:42:02,A
679,feature_use,2026-04-04 01:42:02,A
680,signup,2026-05-07 15:41:14,B
680,activation,2026-05-07 22:41:14,B
681,signup,2026-04-21 20:40:29,A
681,activation,2026-04-23 13:40:29,A
681,feature_use,2026-04-24 13:40:29,A
682,signup,2026-05-17 02:42:41,B
682,activation,2026-05-18 00:42:41,B
682,feature_use,2026-05-25 00:42:41,B
682,purchase,2026-05-30 00:42:41,B
683,signup,2026-02-25 00:37:16,B
683,activation,2026-02-25 14:37:16,B
684,signup,2026-03-01 20:14:14,A
684,activation,2026-03-02 14:14:14,A
685,signup,2026-04-21 11:05:34,A
685,activation,2026-04-21 13:05:34,A
685,feature_use,2026-04-28 13:05:34,A
685,purchase,2026-05-03 13:05:34,A
686,signup,2026-04-05 11:35:56,B
686,activation,2026-04-06 19:35:56,B
687,signup,2026-05-10 00:42:57,B
687,activation,2026-05-10 17:42:57,B
687,feature_use,2026-05-16 17:42:57,B
687,purchase,2026-05-23 17:42:57,B
688,signup,2026-05-13 18:59:49,B
688,activation,2026-05-15 15:59:49,B
689,signup,2026-04-19 23:55:52,B
690,signup,2026-04-15 22:35:42,B
690,activation,2026-04-16 04:35:42,B
690,feature_use,2026-04-18 04:35:42,B
691,signup,2026-03-01 12:03:24,A
692,signup,2026-02-25 07:28:54,A
692,activation,2026-02-26 14:28:54,A
693,signup,2026-03-20 12:30:27,A
693,activation,2026-03-21 14:30:27,A
693,feature_use,2026-03-22 14:30:27,A
694,signup,2026-04-08 07:28:17,B
694,activation,2026-04-09 03:28:17,B
694,feature_use,2026-04-12 03:28:17,B
695,signup,2026-04-11 02:48:04,B
696,signup,2026-04-26 05:56:27,B
696,activation,2026-04-27 22:56:27,B
697,signup,2026-03-15 05:11:38,B
697,activation,2026-03-15 11:11:38,B
698,signup,2026-03-08 13:25:46,B
698,activation,2026-03-08 17:25:46,B
699,signup,2026-03-15 05:50:28,B
700,signup,2026-04-04 03:47:08,B
700,activation,2026-04-05 13:47:08,B
701,signup,2026-04-20 08:56:23,A
701,activation,2026-04-21 03:56:23,A
702,signup,2026-05-15 12:13:57,A
702,activation,2026-05-15 20:13:57,A
703,signup,2026-04-03 17:28:49,A
704,signup,2026-05-01 06:39:25,A
704,activation,2026-05-02 21:39:25,A
705,signup,2026-03-16 07:56:11,B
706,signup,2026-04-01 17:36:50,B
706,activation,2026-04-01 18:36:50,B
706,feature_use,2026-04-08 18:36:50,B
706,purchase,2026-04-15 18:36:50,B
707,signup,2026-03-15 14:06:54,B
708,signup,2026-04-07 01:38:46,B
708,activation,2026-04-08 16:38:46,B
709,signup,2026-05-12 21:17:38,A
709,activation,2026-05-14 19:17:38,A
709,feature_use,2026-05-15 19:17:38,A
710,signup,2026-04-12 07:36:12,B
710,activation,2026-04-13 07:36:12,B
711,signup,2026-04-20 02:27:10,B
711,activation,2026-04-21 18:27:10,B
711,feature_use,2026-04-23 18:27:10,B
712,signup,2026-03-14 06:03:34,A
713,signup,2026-03-04 13:14:46,A
713,activation,2026-03-05 14:14:46,A
713,feature_use,2026-03-09 14:14:46,A
713,purchase,2026-03-15 14:14:46,A
714,signup,2026-04-22 17:53:13,A
714,activation,2026-04-22 23:53:13,A
715,signup,2026-04-11 20:42:20,B
715,activation,2026-04-13 06:42:20,B
716,signup,2026-04-23 08:19:45,A
717,signup,2026-03-06 08:04:28,A
718,signup,2026-03-10 14:18:14,A
718,activation,2026-03-11 03:18:14,A
719,signup,2026-04-02 20:22:17,A
719,activation,2026-04-04 01:22:17,A
720,signup,2026-05-18 12:58:21,B
721,signup,2026-04-26 06:00:17,A
721,activation,2026-04-26 11:00:17,A
722,signup,2026-04-14 18:24:27,A
722,activation,2026-04-14 19:24:27,A
723,signup,2026-03-09 20:39:35,B
723,activation,2026-03-11 09:39:35,B
724,signup,2026-05-04 13:36:59,A
724,activation,2026-05-05 19:36:59,A
725,signup,2026-05-10 16:28:13,B
726,signup,2026-03-08 18:54:36,A
726,activation,2026-03-09 11:54:36,A
726,feature_use,2026-03-16 11:54:36,A
727,signup,2026-04-25 00:16:52,B
728,signup,2026-05-17 07:47:10,A
728,activation,2026-05-19 06:47:10,A
729,signup,2026-04-19 01:44:06,A
729,activation,2026-04-19 14:44:06,A
729,feature_use,2026-04-20 14:44:06,A
730,signup,2026-04-13 14:56:08,A
731,signup,2026-03-29 02:14:04,A
731,activation,2026-03-30 08:14:04,A
731,feature_use,2026-04-03 08:14:04,A
731,purchase,2026-04-12 08:14:04,A
732,signup,2026-04-12 05:43:54,A
732,activation,2026-04-13 21:43:54,A
733,signup,2026-04-02 22:11:20,A
733,activation,2026-04-03 21:11:20,A
733,feature_use,2026-04-07 21:11:20,A
734,signup,2026-04-01 03:13:06,A
734,activation,2026-04-02 18:13:06,A
734,feature_use,2026-04-04 18:13:06,A
734,purchase,2026-04-10 18:13:06,A
735,signup,2026-03-28 16:54:02,B
735,activation,2026-03-29 23:54:02,B
736,signup,2026-03-07 04:34:37,B
736,activation,2026-03-08 15:34:37,B
737,signup,2026-04-08 14:03:46,A
737,activation,2026-04-10 01:03:46,A
738,signup,2026-05-03 05:58:39,A
739,signup,2026-05-02 00:10:33,A
739,activation,2026-05-03 02:10:33,A
739,feature_use,2026-05-10 02:10:33,A
739,purchase,2026-05-14 02:10:33,A
740,signup,2026-04-21 20:58:11,B
741,signup,2026-04-16 16:30:35,A
741,activation,2026-04-18 07:30:35,A
741,feature_use,2026-04-22 07:30:35,A
742,signup,2026-02-28 23:20:04,B
742,activation,2026-03-02 05:20:04,B
742,feature_use,2026-03-09 05:20:04,B
743,signup,2026-04-03 12:01:23,A
744,signup,2026-03-27 23:39:10,A
744,activation,2026-03-28 05:39:10,A
744,feature_use,2026-03-30 05:39:10,A
745,signup,2026-03-03 06:25:00,A
746,signup,2026-03-04 15:40:40,B
747,signup,2026-03-24 11:55:18,B
748,signup,2026-03-07 18:37:26,B
748,activation,2026-03-09 14:37:26,B
748,feature_use,2026-03-16 14:37:26,B
749,signup,2026-04-25 16:09:21,A
749,activation,2026-04-27 12:09:21,A
749,feature_use,2026-05-03 12:09:21,A
750,signup,2026-04-29 02:03:21,A
750,activation,2026-04-29 04:03:21,A
751,signup,2026-03-04 04:00:41,A
751,activation,2026-03-05 13:00:41,A
751,feature_use,2026-03-07 13:00:41,A
752,signup,2026-03-25 13:47:56,A
752,activation,2026-03-27 02:47:56,A
752,feature_use,2026-04-02 02:47:56,A
752,purchase,2026-04-05 02:47:56,A
753,signup,2026-05-17 16:48:14,B
753,activation,2026-05-18 03:48:14,B
753,feature_use,2026-05-20 03:48:14,B
754,signup,2026-03-23 19:31:14,A
754,activation,2026-03-23 20:31:14,A
754,feature_use,2026-03-30 20:31:14,A
755,signup,2026-04-23 05:55:35,A
755,activation,2026-04-24 15:55:35,A
756,signup,2026-02-21 21:44:31,A
757,signup,2026-04-13 06:59:15,B
757,activation,2026-04-13 21:59:15,B
758,signup,2026-05-12 11:07:59,B
758,activation,2026-05-13 03:07:59,B
759,signup,2026-02-26 15:45:15,B
759,activation,2026-02-26 19:45:15,B
759,feature_use,2026-03-04 19:45:15,B
760,signup,2026-03-18 09:29:04,B
760,activation,2026-03-18 23:29:04,B
761,signup,2026-03-09 18:09:26,A
762,signup,2026-04-21 13:43:41,B
762,activation,2026-04-22 06:43:41,B
763,signup,2026-02-23 03:08:58,A
764,signup,2026-02-27 02:15:21,B
764,activation,2026-02-28 08:15:21,B
764,feature_use,2026-03-06 08:15:21,B
765,signup,2026-04-17 09:07:11,B
766,signup,2026-04-08 22:38:32,A
766,activation,2026-04-10 20:38:32,A
767,signup,2026-04-27 04:49:31,B
767,activation,2026-04-28 04:49:31,B
768,signup,2026-04-16 10:23:08,B
769,signup,2026-02-25 18:02:22,B
769,activation,2026-02-25 21:02:22,B
770,signup,2026-04-16 16:37:57,A
770,activation,2026-04-18 14:37:57,A
771,signup,2026-04-30 11:44:29,B
771,activation,2026-05-01 20:44:29,B
772,signup,2026-04-21 09:37:24,B
772,activation,2026-04-22 16:37:24,B
773,signup,2026-03-27 21:11:11,A
773,activation,2026-03-29 11:11:11,A
773,feature_use,2026-03-31 11:11:11,A
774,signup,2026-05-08 18:29:55,B
775,signup,2026-04-21 10:10:35,B
776,signup,2026-04-07 15:50:17,B
776,activation,2026-04-08 03:50:17,B
777,signup,2026-05-04 05:27:53,A
778,signup,2026-04-22 00:17:57,A
778,activation,2026-04-23 09:17:57,A
779,signup,2026-04-05 18:02:03,B
780,signup,2026-02-22 19:22:03,A
780,activation,2026-02-23 07:22:03,A
780,feature_use,2026-03-01 07:22:03,A
781,signup,2026-03-28 04:55:42,A
781,activation,2026-03-29 23:55:42,A
782,signup,2026-04-30 17:25:26,B
783,signup,2026-04-28 12:17:15,B
783,activation,2026-04-28 23:17:15,B
783,feature_use,2026-05-03 23:17:15,B
783,purchase,2026-05-06 23:17:15,B
784,signup,2026-05-06 12:38:22,B
784,activation,2026-05-07 10:38:22,B
784,feature_use,2026-05-10 10:38:22,B
784,purchase,2026-05-19 10:38:22,B
785,signup,2026-04-13 20:46:22,A
785,activation,2026-04-14 17:46:22,A
786,signup,2026-03-24 02:23:07,A
787,signup,2026-03-07 22:15:11,B
787,activation,2026-03-08 17:15:11,B
787,feature_use,2026-03-09 17:15:11,B
788,signup,2026-04-05 10:49:11,B
789,signup,2026-04-29 10:58:13,A
789,activation,2026-05-01 01:58:13,A
790,signup,2026-04-06 04:52:20,B
791,signup,2026-04-21 20:03:38,B
791,activation,2026-04-22 18:03:38,B
792,signup,2026-03-15 15:45:13,A
793,signup,2026-04-27 06:54:14,B
794,signup,2026-05-15 04:10:06,A
795,signup,2026-04-12 10:13:08,B
796,signup,2026-04-13 13:07:35,B
796,activation,2026-04-15 08:07:35,B
797,signup,2026-03-16 11:03:15,A
798,signup,2026-03-13 21:30:19,A
799,signup,2026-04-12 17:17:42,A
800,signup,2026-03-22 17:29:53,A
801,signup,2026-03-15 02:26:39,A
801,activation,2026-03-15 13:26:39,A
801,feature_use,2026-03-16 13:26:39,A
802,signup,2026-03-11 12:48:45,B
802,activation,2026-03-12 11:48:45,B
803,signup,2026-03-11 16:30:48,B
803,activation,2026-03-12 23:30:48,B
804,signup,2026-03-08 03:10:37,B
804,activation,2026-03-08 14:10:37,B
804,feature_use,2026-03-14 14:10:37,B
804,purchase,2026-03-23 14:10:37,B
805,signup,2026-02-24 16:11:34,A
805,activation,2026-02-24 18:11:34,A
805,feature_use,2026-03-01 18:11:34,A
806,signup,2026-05-04 05:06:36,A
807,signup,2026-03-14 06:20:26,A
808,signup,2026-04-15 00:42:11,B
809,signup,2026-02-27 22:11:59,A
810,signup,2026-05-12 05:44:13,A
810,activation,2026-05-14 00:44:13,A
811,signup,2026-03-06 11:53:46,A
812,signup,2026-05-12 17:55:37,A
812,activation,2026-05-13 22:55:37,A
812,feature_use,2026-05-14 22:55:37,A
813,signup,2026-03-11 00:54:07,A
813,activation,2026-03-12 00:54:07,A
814,signup,2026-03-04 20:42:40,A
814,activation,2026-03-06 01:42:40,A
815,signup,2026-04-10 02:36:21,A
815,activation,2026-04-11 15:36:21,A
816,signup,2026-03-21 03:42:49,B
817,signup,2026-05-14 12:17:47,B
817,activation,2026-05-15 17:17:47,B
817,feature_use,2026-05-19 17:17:47,B
817,purchase,2026-05-27 17:17:47,B
818,signup,2026-04-27 02:18:31,B
819,signup,2026-05-02 20:04:26,A
819,activation,2026-05-04 07:04:26,A
820,signup,2026-02-26 02:33:26,B
820,activation,2026-02-27 03:33:26,B
821,signup,2026-04-05 23:26:08,A
821,activation,2026-04-07 17:26:08,A
821,feature_use,2026-04-09 17:26:08,A
821,purchase,2026-04-18 17:26:08,A
822,signup,2026-03-20 22:15:59,A
822,activation,2026-03-21 08:15:59,A
822,feature_use,2026-03-26 08:15:59,A
823,signup,2026-05-18 18:56:12,A
823,activation,2026-05-20 09:56:12,A
824,signup,2026-05-03 17:49:04,A
824,activation,2026-05-04 22:49:04,A
824,feature_use,2026-05-09 22:49:04,A
825,signup,2026-05-03 16:28:52,B
825,activation,2026-05-04 21:28:52,B
826,signup,2026-04-25 07:17:26,A
827,signup,2026-04-26 08:26:28,B
828,signup,2026-03-31 14:42:44,A
828,activation,2026-04-02 05:42:44,A
828,feature_use,2026-04-07 05:42:44,A
828,purchase,2026-04-14 05:42:44,A
829,signup,2026-03-06 06:02:27,A
829,activation,2026-03-06 11:02:27,A
829,feature_use,2026-03-08 11:02:27,A
830,signup,2026-03-02 08:17:17,B
830,activation,2026-03-04 08:17:17,B
830,feature_use,2026-03-10 08:17:17,B
831,signup,2026-05-02 02:30:05,A
832,signup,2026-04-15 23:09:24,B
832,activation,2026-04-17 09:09:24,B
833,signup,2026-04-30 21:03:29,B
833,activation,2026-05-01 09:03:29,B
834,signup,2026-03-13 07:04:22,A
835,signup,2026-04-25 08:05:24,A
835,activation,2026-04-26 10:05:24,A
835,feature_use,2026-05-01 10:05:24,A
836,signup,2026-04-14 12:27:25,A
837,signup,2026-03-10 08:06:01,A
838,signup,2026-05-01 15:23:10,A
839,signup,2026-04-15 05:32:52,A
839,activation,2026-04-17 05:32:52,A
839,feature_use,2026-04-23 05:32:52,A
840,signup,2026-04-02 23:21:53,A
840,activation,2026-04-04 09:21:53,A
841,signup,2026-04-08 22:47:14,B
841,activation,2026-04-08 23:47:14,B
842,signup,2026-03-08 21:02:50,B
842,activation,2026-03-10 19:02:50,B
842,feature_use,2026-03-13 19:02:50,B
843,signup,2026-05-05 20:12:57,B
844,signup,2026-04-06 18:38:03,A
844,activation,2026-04-07 16:38:03,A
845,signup,2026-03-06 06:13:37,A
845,activation,2026-03-07 05:13:37,A
845,feature_use,2026-03-08 05:13:37,A
846,signup,2026-05-05 17:26:49,A
846,activation,2026-05-05 20:26:49,A
847,signup,2026-03-16 17:04:11,A
847,activation,2026-03-17 19:04:11,A
848,signup,2026-03-26 08:45:06,A
849,signup,2026-03-23 20:19:23,B
850,signup,2026-03-02 11:47:52,B
850,activation,2026-03-03 19:47:52,B
850,feature_use,2026-03-10 19:47:52,B
850,purchase,2026-03-16 19:47:52,B
851,signup,2026-04-09 03:03:10,A
851,activation,2026-04-10 01:03:10,A
852,signup,2026-04-03 02:50:54,B
852,activation,2026-04-03 04:50:54,B
853,signup,2026-03-24 22:09:36,A
853,activation,2026-03-26 06:09:36,A
854,signup,2026-03-05 08:49:19,B
854,activation,2026-03-07 08:49:19,B
854,feature_use,2026-03-11 08:49:19,B
855,signup,2026-02-27 18:37:23,A
856,signup,2026-02-25 15:48:14,A
856,activation,2026-02-26 00:48:14,A
856,feature_use,2026-02-27 00:48:14,A
857,signup,2026-04-22 05:21:33,A
858,signup,2026-04-30 05:57:19,A
859,signup,2026-03-07 04:21:50,A
859,activation,2026-03-07 14:21:50,A
859,feature_use,2026-03-09 14:21:50,A
860,signup,2026-04-17 05:30:15,A
860,activation,2026-04-19 01:30:15,A
860,feature_use,2026-04-25 01:30:15,A
861,signup,2026-05-13 15:12:16,B
862,signup,2026-03-16 07:42:28,A
863,signup,2026-02-26 20:06:51,B
863,activation,2026-02-28 18:06:51,B
863,feature_use,2026-03-06 18:06:51,B
864,signup,2026-03-01 18:56:12,A
864,activation,2026-03-02 13:56:12,A
865,signup,2026-05-09 04:08:36,A
865,activation,2026-05-09 11:08:36,A
865,feature_use,2026-05-11 11:08:36,A
866,signup,2026-04-14 15:39:20,B
866,activation,2026-04-14 23:39:20,B
866,feature_use,2026-04-18 23:39:20,B
866,purchase,2026-04-26 23:39:20,B
867,signup,2026-05-09 01:26:43,B
867,activation,2026-05-10 10:26:43,B
867,feature_use,2026-05-17 10:26:43,B
867,purchase,2026-05-27 10:26:43,B
868,signup,2026-05-08 11:07:31,B
869,signup,2026-04-02 22:05:39,B
870,signup,2026-05-20 17:46:27,A
871,signup,2026-04-02 18:39:39,B
872,signup,2026-03-11 23:35:16,B
873,signup,2026-03-05 06:43:42,B
873,activation,2026-03-06 19:43:42,B
873,feature_use,2026-03-09 19:43:42,B
874,signup,2026-03-05 14:22:21,B
874,activation,2026-03-05 17:22:21,B
874,feature_use,2026-03-10 17:22:21,B
874,purchase,2026-03-19 17:22:21,B
875,signup,2026-04-01 20:29:52,A
875,activation,2026-04-03 19:29:52,A
875,feature_use,2026-04-05 19:29:52,A
876,signup,2026-04-09 01:46:13,A
876,activation,2026-04-10 07:46:13,A
876,feature_use,2026-04-16 07:46:13,A
876,purchase,2026-04-19 07:46:13,A
877,signup,2026-04-02 18:56:06,A
878,signup,2026-05-06 10:49:20,B
878,activation,2026-05-06 20:49:20,B
878,feature_use,2026-05-11 20:49:20,B
879,signup,2026-05-18 19:30:19,B
879,activation,2026-05-19 23:30:19,B
879,feature_use,2026-05-25 23:30:19,B
879,purchase,2026-06-03 23:30:19,B
880,signup,2026-03-30 10:10:35,A
880,activation,2026-04-01 09:10:35,A
881,signup,2026-04-16 23:25:22,A
881,activation,2026-04-17 16:25:22,A
882,signup,2026-04-11 08:37:32,A
883,signup,2026-02-24 10:47:41,A
883,activation,2026-02-26 02:47:41,A
884,signup,2026-04-08 10:53:21,A
885,signup,2026-02-28 21:44:02,A
885,activation,2026-03-01 06:44:02,A
885,feature_use,2026-03-07 06:44:02,A
885,purchase,2026-03-15 06:44:02,A
886,signup,2026-02-25 00:53:05,B
887,signup,2026-03-03 15:54:43,B
888,signup,2026-05-09 16:33:08,A
889,signup,2026-03-12 17:44:47,B
890,signup,2026-04-04 06:36:18,B
890,activation,2026-04-06 06:36:18,B
891,signup,2026-04-17 01:05:57,A
891,activation,2026-04-17 18:05:57,A
892,signup,2026-02-27 13:40:04,B
892,activation,2026-03-01 08:40:04,B
892,feature_use,2026-03-03 08:40:04,B
893,signup,2026-05-10 00:45:59,A
894,signup,2026-05-13 07:20:36,A
894,activation,2026-05-14 10:20:36,A
895,signup,2026-04-25 18:46:09,A
895,activation,2026-04-25 19:46:09,A
896,signup,2026-05-04 00:07:02,A
896,activation,2026-05-06 00:07:02,A
897,signup,2026-04-28 12:39:13,B
897,activation,2026-04-29 02:39:13,B
898,signup,2026-05-17 12:41:48,B
898,activation,2026-05-18 02:41:48,B
899,signup,2026-05-04 18:41:21,B
899,activation,2026-05-05 18:41:21,B
899,feature_use,2026-05-09 18:41:21,B
899,purchase,2026-05-16 18:41:21,B
900,signup,2026-03-27 16:50:08,A
900,activation,2026-03-28 22:50:08,A
900,feature_use,2026-04-03 22:50:08,A
901,signup,2026-03-24 14:52:01,B
901,activation,2026-03-26 09:52:01,B
901,feature_use,2026-03-27 09:52:01,B
901,purchase,2026-03-29 09:52:01,B
902,signup,2026-04-26 16:37:43,A
903,signup,2026-03-01 11:09:42,A
903,activation,2026-03-02 09:09:42,A
904,signup,2026-05-02 08:38:35,A
905,signup,2026-04-11 05:06:39,A
906,signup,2026-03-07 08:31:46,B
906,activation,2026-03-07 20:31:46,B
906,feature_use,2026-03-09 20:31:46,B
907,signup,2026-03-26 20:52:38,A
907,activation,2026-03-27 07:52:38,A
907,feature_use,2026-04-03 07:52:38,A
908,signup,2026-05-20 05:45:10,B
908,activation,2026-05-21 08:45:10,B
909,signup,2026-03-12 07:44:50,B
909,activation,2026-03-13 16:44:50,B
909,feature_use,2026-03-16 16:44:50,B
910,signup,2026-04-19 03:51:37,B
910,activation,2026-04-20 17:51:37,B
910,feature_use,2026-04-25 17:51:37,B
911,signup,2026-04-15 02:27:41,B
911,activation,2026-04-17 02:27:41,B
911,feature_use,2026-04-18 02:27:41,B
912,signup,2026-04-13 09:16:10,A
913,signup,2026-03-31 10:01:47,A
914,signup,2026-02-23 02:20:31,A
914,activation,2026-02-24 19:20:31,A
915,signup,2026-03-05 05:24:43,B
915,activation,2026-03-05 07:24:43,B
915,feature_use,2026-03-08 07:24:43,B
916,signup,2026-03-09 20:29:16,A
917,signup,2026-03-30 20:03:28,A
917,activation,2026-03-31 11:03:28,A
917,feature_use,2026-04-06 11:03:28,A
918,signup,2026-03-02 04:07:27,B
918,activation,2026-03-03 07:07:27,B
919,signup,2026-04-11 11:32:18,B
919,activation,2026-04-12 05:32:18,B
919,feature_use,2026-04-15 05:32:18,B
920,signup,2026-03-12 13:37:57,B
920,activation,2026-03-14 11:37:57,B
920,feature_use,2026-03-21 11:37:57,B
921,signup,2026-03-08 08:51:15,A
922,signup,2026-04-05 07:05:27,B
922,activation,2026-04-06 13:05:27,B
922,feature_use,2026-04-07 13:05:27,B
922,purchase,2026-04-17 13:05:27,B
923,signup,2026-05-10 18:28:39,B
923,activation,2026-05-12 00:28:39,B
923,feature_use,2026-05-17 00:28:39,B
924,signup,2026-04-24 11:10:20,B
924,activation,2026-04-24 17:10:20,B
924,feature_use,2026-04-30 17:10:20,B
924,purchase,2026-05-05 17:10:20,B
925,signup,2026-05-08 01:25:30,B
926,signup,2026-03-11 19:13:28,A
926,activation,2026-03-13 19:13:28,A
927,signup,2026-04-05 09:32:35,B
927,activation,2026-04-06 09:32:35,B
928,signup,2026-03-13 20:53:30,B
928,activation,2026-03-14 08:53:30,B
929,signup,2026-03-09 11:54:35,B
929,activation,2026-03-09 15:54:35,B
929,feature_use,2026-03-12 15:54:35,B
929,purchase,2026-03-17 15:54:35,B
930,signup,2026-04-29 13:06:40,B
930,activation,2026-05-01 11:06:40,B
930,feature_use,2026-05-02 11:06:40,B
931,signup,2026-05-01 08:48:11,A
931,activation,2026-05-01 16:48:11,A
932,signup,2026-03-27 23:15:21,B
932,activation,2026-03-29 13:15:21,B
932,feature_use,2026-03-30 13:15:21,B
932,purchase,2026-04-05 13:15:21,B
933,signup,2026-04-29 03:11:20,B
933,activation,2026-04-29 20:11:20,B
934,signup,2026-03-21 16:15:38,A
934,activation,2026-03-23 14:15:38,A
935,signup,2026-03-12 12:42:57,A
935,activation,2026-03-13 19:42:57,A
936,signup,2026-03-09 22:38:09,B
936,activation,2026-03-10 09:38:09,B
937,signup,2026-04-11 09:04:04,B
937,activation,2026-04-12 10:04:04,B
937,feature_use,2026-04-13 10:04:04,B
938,signup,2026-03-05 23:27:30,A
939,signup,2026-03-26 16:41:05,B
940,signup,2026-03-07 02:45:17,A
940,activation,2026-03-07 09:45:17,A
941,signup,2026-05-07 07:46:14,A
942,signup,2026-03-03 02:59:08,A
942,activation,2026-03-04 19:59:08,A
942,feature_use,2026-03-09 19:59:08,A
943,signup,2026-04-13 08:05:06,A
944,signup,2026-04-05 20:16:32,A
944,activation,2026-04-06 23:16:32,A
945,signup,2026-05-15 20:58:52,A
945,activation,2026-05-16 07:58:52,A
946,signup,2026-03-24 11:47:22,A
947,signup,2026-05-06 02:26:31,B
947,activation,2026-05-06 20:26:31,B
948,signup,2026-05-07 10:21:17,B
948,activation,2026-05-08 08:21:17,B
948,feature_use,2026-05-09 08:21:17,B
949,signup,2026-05-02 12:04:16,B
949,activation,2026-05-03 23:04:16,B
949,feature_use,2026-05-04 23:04:16,B
950,signup,2026-04-03 04:21:03,A
951,signup,2026-04-12 11:24:30,B
951,activation,2026-04-12 23:24:30,B
951,feature_use,2026-04-16 23:24:30,B
952,signup,2026-03-16 12:06:46,A
953,signup,2026-03-27 13:53:31,B
953,activation,2026-03-27 14:53:31,B
954,signup,2026-03-31 05:37:55,A
955,signup,2026-04-06 05:31:42,A
956,signup,2026-04-08 19:40:07,B
957,signup,2026-02-23 11:58:44,A
957,activation,2026-02-25 00:58:44,A
958,signup,2026-03-09 10:45:38,A
959,signup,2026-05-08 05:03:29,B
959,activation,2026-05-08 06:03:29,B
959,feature_use,2026-05-10 06:03:29,B
960,signup,2026-03-29 14:54:12,A
960,activation,2026-03-30 08:54:12,A
961,signup,2026-03-16 08:22:38,B
961,activation,2026-03-17 01:22:38,B
961,feature_use,2026-03-23 01:22:38,B
962,signup,2026-05-08 06:41:36,A
962,activation,2026-05-08 13:41:36,A
962,feature_use,2026-05-09 13:41:36,A
962,purchase,2026-05-19 13:41:36,A
963,signup,2026-03-03 04:13:26,B
964,signup,2026-04-25 15:28:08,A
964,activation,2026-04-26 17:28:08,A
964,feature_use,2026-04-28 17:28:08,A
964,purchase,2026-05-05 17:28:08,A
965,signup,2026-03-11 09:56:36,B
965,activation,2026-03-12 20:56:36,B
966,signup,2026-02-28 08:16:29,B
967,signup,2026-05-09 19:56:30,B
967,activation,2026-05-09 23:56:30,B
967,feature_use,2026-05-10 23:56:30,B
967,purchase,2026-05-14 23:56:30,B
968,signup,2026-04-21 07:00:58,B
968,activation,2026-04-21 17:00:58,B
969,signup,2026-05-05 09:08:50,A
969,activation,2026-05-06 05:08:50,A
969,feature_use,2026-05-13 05:08:50,A
969,purchase,2026-05-20 05:08:50,A
970,signup,2026-04-07 12:31:24,B
970,activation,2026-04-07 16:31:24,B
970,feature_use,2026-04-11 16:31:24,B
971,signup,2026-04-04 08:02:33,A
972,signup,2026-05-17 13:55:52,B
972,activation,2026-05-18 02:55:52,B
972,feature_use,2026-05-23 02:55:52,B
973,signup,2026-03-05 10:08:28,B
973,activation,2026-03-06 08:08:28,B
974,signup,2026-03-15 12:25:55,A
974,activation,2026-03-16 12:25:55,A
975,signup,2026-05-17 23:14:34,B
975,activation,2026-05-18 19:14:34,B
976,signup,2026-04-20 20:44:42,B
976,activation,2026-04-21 12:44:42,B
976,feature_use,2026-04-22 12:44:42,B
977,signup,2026-04-08 19:23:30,A
978,signup,2026-04-23 08:24:03,A
978,activation,2026-04-24 18:24:03,A
978,feature_use,2026-04-27 18:24:03,A
979,signup,2026-05-13 08:53:40,A
980,signup,2026-03-03 17:34:30,B
980,activation,2026-03-03 21:34:30,B
980,feature_use,2026-03-07 21:34:30,B
981,signup,2026-02-20 00:15:24,A
981,activation,2026-02-21 11:15:24,A
981,feature_use,2026-02-24 11:15:24,A
982,signup,2026-03-29 00:13:02,A
982,activation,2026-03-29 06:13:02,A
982,feature_use,2026-04-04 06:13:02,A
983,signup,2026-05-12 08:26:41,B
984,signup,2026-04-21 11:42:27,A
985,signup,2026-04-23 14:58:21,A
985,activation,2026-04-23 16:58:21,A
985,feature_use,2026-04-25 16:58:21,A
986,signup,2026-04-29 20:02:50,A
986,activation,2026-05-01 04:02:50,A
986,feature_use,2026-05-04 04:02:50,A
986,purchase,2026-05-10 04:02:50,A
987,signup,2026-03-31 12:08:27,B
987,activation,2026-04-01 18:08:27,B
987,feature_use,2026-04-07 18:08:27,B
988,signup,2026-03-05 08:53:27,A
988,activation,2026-03-06 11:53:27,A
988,feature_use,2026-03-10 11:53:27,A
989,signup,2026-03-07 11:25:01,A
989,activation,2026-03-09 11:25:01,A
989,feature_use,2026-03-12 11:25:01,A
989,purchase,2026-03-19 11:25:01,A
990,signup,2026-03-31 01:19:02,B
990,activation,2026-03-31 02:19:02,B
990,feature_use,2026-04-07 02:19:02,B
991,signup,2026-04-09 20:19:06,B
992,signup,2026-05-19 16:06:41,A
992,activation,2026-05-21 10:06:41,A
992,feature_use,2026-05-25 10:06:41,A
992,purchase,2026-06-02 10:06:41,A
993,signup,2026-03-12 10:40:48,B
993,activation,2026-03-13 17:40:48,B
994,signup,2026-05-16 19:53:57,A
994,activation,2026-05-16 23:53:57,A
995,signup,2026-02-27 02:26:46,B
995,activation,2026-02-28 17:26:46,B
995,feature_use,2026-03-03 17:26:46,B
996,signup,2026-03-07 20:47:26,A
996,activation,2026-03-08 08:47:26,A
997,signup,2026-05-06 00:11:27,B
997,activation,2026-05-06 23:11:27,B
998,signup,2026-05-04 12:08:48,B
998,activation,2026-05-06 00:08:48,B
998,feature_use,2026-05-11 00:08:48,B
999,signup,2026-03-04 08:53:49,A
999,activation,2026-03-05 00:53:49,A
999,feature_use,2026-03-07 00:53:49,A
1000,signup,2026-04-05 20:54:20,B
1000,activation,2026-04-06 13:54:20,B
1000,feature_use,2026-04-13 13:54:20,B
1001,signup,2026-04-17 15:42:46,B
1001,activation,2026-04-19 02:42:46,B
1002,signup,2026-03-11 03:31:55,B
1002,activation,2026-03-11 22:31:55,B
1003,signup,2026-04-05 15:58:49,B
1004,signup,2026-05-04 13:09:52,A
1004,activation,2026-05-05 00:09:52,A
1004,feature_use,2026-05-06 00:09:52,A
1005,signup,2026-05-06 06:49:00,A
1005,activation,2026-05-06 21:49:00,A
1005,feature_use,2026-05-13 21:49:00,A
1005,purchase,2026-05-18 21:49:00,A
1006,signup,2026-03-28 15:51:22,B
1007,signup,2026-03-10 05:15:35,B
1007,activation,2026-03-10 11:15:35,B
1007,feature_use,2026-03-13 11:15:35,B
1008,signup,2026-03-09 18:51:48,A
1008,activation,2026-03-10 21:51:48,A
1009,signup,2026-02-25 03:37:10,B
1010,signup,2026-04-07 17:54:59,B
1011,signup,2026-03-30 16:26:54,B
1012,signup,2026-02-20 02:28:30,B
1013,signup,2026-03-04 00:21:02,B
1014,signup,2026-03-27 11:39:24,A
1014,activation,2026-03-27 21:39:24,A
1014,feature_use,2026-04-02 21:39:24,A
1014,purchase,2026-04-08 21:39:24,A
1015,signup,2026-03-26 11:44:32,A
1015,activation,2026-03-28 08:44:32,A
1015,feature_use,2026-04-04 08:44:32,A
1015,purchase,2026-04-05 08:44:32,A
1016,signup,2026-05-07 21:32:56,A
1017,signup,2026-03-01 11:02:34,B
1017,activation,2026-03-02 03:02:34,B
1017,feature_use,2026-03-04 03:02:34,B
1018,signup,2026-05-13 06:53:10,B
1019,signup,2026-04-19 04:56:18,B
1019,activation,2026-04-20 22:56:18,B
1020,signup,2026-03-29 23:07:27,A
1020,activation,2026-03-31 06:07:27,A
1021,signup,2026-04-17 04:42:44,A
1021,activation,2026-04-19 04:42:44,A
1021,feature_use,2026-04-26 04:42:44,A
1021,purchase,2026-04-29 04:42:44,A
1022,signup,2026-02-26 22:47:54,A
1022,activation,2026-02-27 11:47:54,A
1023,signup,2026-03-18 16:24:43,B
1023,activation,2026-03-19 04:24:43,B
1024,signup,2026-04-17 04:02:58,B
1024,activation,2026-04-18 14:02:58,B
1025,signup,2026-04-28 06:35:01,B
1025,activation,2026-04-28 11:35:01,B
1026,signup,2026-03-23 12:42:47,A
1026,activation,2026-03-24 08:42:47,A
1027,signup,2026-03-27 13:39:25,B
1028,signup,2026-04-05 03:19:20,B
1029,signup,2026-05-06 19:14:07,B
1030,signup,2026-02-24 16:33:39,A
1030,activation,2026-02-25 01:33:39,A
1030,feature_use,2026-02-26 01:33:39,A
1031,signup,2026-04-12 08:30:50,A
1032,signup,2026-02-25 03:41:42,B
1032,activation,2026-02-26 00:41:42,B
1033,signup,2026-03-20 10:07:57,B
1033,activation,2026-03-21 16:07:57,B
1033,feature_use,2026-03-26 16:07:57,B
1034,signup,2026-03-03 00:04:13,A
1034,activation,2026-03-04 22:04:13,A
1034,feature_use,2026-03-09 22:04:13,A
1035,signup,2026-03-06 13:44:06,A
1035,activation,2026-03-06 22:44:06,A
1035,feature_use,2026-03-12 22:44:06,A
1036,signup,2026-05-15 18:46:31,B
1036,activation,2026-05-15 19:46:31,B
1037,signup,2026-03-04 06:05:39,B
1037,activation,2026-03-05 02:05:39,B
1038,signup,2026-05-18 06:17:52,A
1038,activation,2026-05-18 20:17:52,A
1038,feature_use,2026-05-23 20:17:52,A
1039,signup,2026-05-10 09:16:00,B
1039,activation,2026-05-12 03:16:00,B
1039,feature_use,2026-05-17 03:16:00,B
1039,purchase,2026-05-26 03:16:00,B
1040,signup,2026-05-11 01:31:44,A
1040,activation,2026-05-12 13:31:44,A
1041,signup,2026-05-14 17:59:27,B
1042,signup,2026-03-12 21:38:49,B
1043,signup,2026-05-12 10:09:17,B
1044,signup,2026-04-15 07:49:40,B
1045,signup,2026-03-18 22:08:23,B
1045,activation,2026-03-19 11:08:23,B
1046,signup,2026-03-03 12:02:19,B
1046,activation,2026-03-03 17:02:19,B
1047,signup,2026-03-27 08:00:09,B
1047,activation,2026-03-28 22:00:09,B
1047,feature_use,2026-04-04 22:00:09,B
1047,purchase,2026-04-07 22:00:09,B
1048,signup,2026-03-28 11:44:00,B
1048,activation,2026-03-29 19:44:00,B
1048,feature_use,2026-04-02 19:44:00,B
1048,purchase,2026-04-12 19:44:00,B
1049,signup,2026-05-18 21:19:05,B
1049,activation,2026-05-19 16:19:05,B
1049,feature_use,2026-05-22 16:19:05,B
1049,purchase,2026-05-30 16:19:05,B
1050,signup,2026-04-01 10:58:32,B
1051,signup,2026-03-06 14:24:48,B
1052,signup,2026-05-16 01:40:33,B
1052,activation,2026-05-17 13:40:33,B
1053,signup,2026-03-08 13:44:34,A
1053,activation,2026-03-09 09:44:34,A
1053,feature_use,2026-03-14 09:44:34,A
1054,signup,2026-05-05 10:56:19,B
1054,activation,2026-05-06 02:56:19,B
1054,feature_use,2026-05-10 02:56:19,B
1055,signup,2026-02-20 20:55:55,B
1056,signup,2026-04-28 02:31:25,A
1056,activation,2026-04-29 21:31:25,A
1056,feature_use,2026-05-06 21:31:25,A
1056,purchase,2026-05-16 21:31:25,A
1057,signup,2026-05-13 10:17:18,A
1058,signup,2026-05-18 22:07:46,B
1058,activation,2026-05-19 21:07:46,B
1059,signup,2026-03-10 08:06:09,A
1059,activation,2026-03-10 19:06:09,A
1060,signup,2026-03-08 15:45:36,A
1060,activation,2026-03-10 05:45:36,A
1061,signup,2026-04-29 19:40:52,B
1062,signup,2026-04-07 15:30:33,A
1063,signup,2026-02-28 01:53:20,A
1063,activation,2026-03-01 06:53:20,A
1064,signup,2026-04-20 19:03:27,A
1064,activation,2026-04-21 22:03:27,A
1065,signup,2026-04-26 14:21:27,B
1066,signup,2026-05-07 02:27:15,A
1066,activation,2026-05-08 11:27:15,A
1066,feature_use,2026-05-13 11:27:15,A
1067,signup,2026-04-13 03:04:22,A
1068,signup,2026-05-12 07:19:06,A
1069,signup,2026-02-23 15:12:48,A
1070,signup,2026-04-20 15:54:58,B
1070,activation,2026-04-21 18:54:58,B
1071,signup,2026-05-03 20:29:08,A
1071,activation,2026-05-04 06:29:08,A
1072,signup,2026-04-09 06:00:38,A
1072,activation,2026-04-09 07:00:38,A
1073,signup,2026-03-26 04:30:11,B
1073,activation,2026-03-27 20:30:11,B
1074,signup,2026-03-14 02:19:41,A
1074,activation,2026-03-16 01:19:41,A
1075,signup,2026-04-27 00:45:32,A
1076,signup,2026-03-27 08:49:21,B
1076,activation,2026-03-28 19:49:21,B
1076,feature_use,2026-03-31 19:49:21,B
1077,signup,2026-04-01 14:23:36,A
1077,activation,2026-04-02 06:23:36,A
1078,signup,2026-04-23 11:10:59,B
1079,signup,2026-05-06 10:39:29,B
1079,activation,2026-05-07 03:39:29,B
1080,signup,2026-05-15 20:47:37,A
1080,activation,2026-05-17 20:47:37,A
1080,feature_use,2026-05-24 20:47:37,A
1080,purchase,2026-05-27 20:47:37,A
1081,signup,2026-05-13 14:51:49,B
1081,activation,2026-05-14 11:51:49,B
1082,signup,2026-05-11 08:40:40,A
1083,signup,2026-04-05 01:00:36,A
1083,activation,2026-04-06 14:00:36,A
1083,feature_use,2026-04-10 14:00:36,A
1084,signup,2026-04-26 13:48:15,B
1084,activation,2026-04-27 16:48:15,B
1085,signup,2026-03-24 14:04:00,A
1086,signup,2026-04-15 22:13:54,B
1086,activation,2026-04-17 20:13:54,B
1087,signup,2026-04-16 05:35:00,A
1088,signup,2026-05-04 06:02:36,A
1089,signup,2026-03-07 10:46:18,B
1089,activation,2026-03-07 19:46:18,B
1090,signup,2026-03-04 00:27:49,B
1090,activation,2026-03-04 15:27:49,B
1090,feature_use,2026-03-08 15:27:49,B
1091,signup,2026-04-14 13:38:55,A
1092,signup,2026-04-17 06:12:35,B
1092,activation,2026-04-17 21:12:35,B
1092,feature_use,2026-04-24 21:12:35,B
1092,purchase,2026-04-27 21:12:35,B
1093,signup,2026-05-01 16:53:36,A
1094,signup,2026-04-15 19:37:51,A
1094,activation,2026-04-15 22:37:51,A
1095,signup,2026-04-02 03:32:21,A
1095,activation,2026-04-04 02:32:21,A
1095,feature_use,2026-04-11 02:32:21,A
1095,purchase,2026-04-16 02:32:21,A
1096,signup,2026-04-13 19:35:07,A
1097,signup,2026-05-03 09:19:22,B
1098,signup,2026-03-09 12:01:40,B
1098,activation,2026-03-10 23:01:40,B
1099,signup,2026-02-22 10:06:48,B
1099,activation,2026-02-24 00:06:48,B
1100,signup,2026-03-30 19:30:08,A
1101,signup,2026-04-05 16:07:58,A
1101,activation,2026-04-05 17:07:58,A
1101,feature_use,2026-04-11 17:07:58,A
1102,signup,2026-04-05 07:37:51,B
1103,signup,2026-04-18 18:16:37,B
1104,signup,2026-03-29 13:05:18,A
1105,signup,2026-05-10 09:43:30,B
1106,signup,2026-03-19 03:11:05,B
1106,activation,2026-03-20 10:11:05,B
1106,feature_use,2026-03-25 10:11:05,B
1106,purchase,2026-04-01 10:11:05,B
1107,signup,2026-05-07 10:31:02,A
1107,activation,2026-05-07 17:31:02,A
1107,feature_use,2026-05-09 17:31:02,A
1108,signup,2026-02-20 15:01:23,A
1108,activation,2026-02-22 12:01:23,A
1108,feature_use,2026-02-25 12:01:23,A
1108,purchase,2026-03-03 12:01:23,A
1109,signup,2026-03-19 02:28:11,B
1109,activation,2026-03-19 18:28:11,B
1109,feature_use,2026-03-25 18:28:11,B
1109,purchase,2026-03-29 18:28:11,B
1110,signup,2026-05-09 05:26:03,B
1111,signup,2026-05-07 11:22:18,B
1112,signup,2026-04-03 16:31:04,A
1112,activation,2026-04-03 19:31:04,A
1112,feature_use,2026-04-04 19:31:04,A
1113,signup,2026-05-04 00:59:57,A
1114,signup,2026-05-06 10:25:25,B
1114,activation,2026-05-06 22:25:25,B
1115,signup,2026-03-06 13:12:36,A
1115,activation,2026-03-07 19:12:36,A
1116,signup,2026-05-12 16:18:28,B
1117,signup,2026-05-14 16:23:16,B
1118,signup,2026-05-17 07:09:15,A
1119,signup,2026-02-22 10:24:59,A
1119,activation,2026-02-23 16:24:59,A
1119,feature_use,2026-02-28 16:24:59,A
1119,purchase,2026-03-01 16:24:59,A
1120,signup,2026-05-03 12:08:41,B
1120,activation,2026-05-04 17:08:41,B
1120,feature_use,2026-05-10 17:08:41,B
1121,signup,2026-04-08 04:00:07,B
1121,activation,2026-04-08 17:00:07,B
1122,signup,2026-04-26 02:06:56,A
1123,signup,2026-04-06 15:05:07,A
1123,activation,2026-04-07 22:05:07,A
1123,feature_use,2026-04-13 22:05:07,A
1124,signup,2026-05-06 19:20:02,A
1124,activation,2026-05-07 16:20:02,A
1125,signup,2026-03-01 04:53:05,B
1125,activation,2026-03-02 02:53:05,B
1125,feature_use,2026-03-08 02:53:05,B
1126,signup,2026-03-30 00:24:09,B
1126,activation,2026-03-31 01:24:09,B
1127,signup,2026-04-26 06:26:46,A
1127,activation,2026-04-26 15:26:46,A
1127,feature_use,2026-04-27 15:26:46,A
1127,purchase,2026-05-07 15:26:46,A
1128,signup,2026-04-28 11:18:02,B
1129,signup,2026-03-05 04:02:17,B
1129,activation,2026-03-06 16:02:17,B
1129,feature_use,2026-03-11 16:02:17,B
1129,purchase,2026-03-12 16:02:17,B
1130,signup,2026-05-09 20:51:32,B
1131,signup,2026-02-28 02:24:50,B
1132,signup,2026-04-05 01:02:29,B
1132,activation,2026-04-07 01:02:29,B
1132,feature_use,2026-04-09 01:02:29,B
1133,signup,2026-03-24 16:34:09,A
1133,activation,2026-03-25 14:34:09,A
1133,feature_use,2026-03-27 14:34:09,A
1134,signup,2026-02-22 05:24:37,A
1134,activation,2026-02-22 09:24:37,A
1135,signup,2026-05-10 23:02:46,A
1135,activation,2026-05-12 16:02:46,A
1136,signup,2026-03-13 11:00:18,A
1136,activation,2026-03-15 07:00:18,A
1137,signup,2026-03-03 04:53:08,A
1137,activation,2026-03-04 12:53:08,A
1138,signup,2026-03-12 18:20:39,A
1139,signup,2026-04-05 18:04:03,A
1139,activation,2026-04-06 19:04:03,A
1139,feature_use,2026-04-09 19:04:03,A
1140,signup,2026-02-22 22:54:03,B
1140,activation,2026-02-24 02:54:03,B
1140,feature_use,2026-03-03 02:54:03,B
1140,purchase,2026-03-04 02:54:03,B
1141,signup,2026-04-22 05:47:43,A
1141,activation,2026-04-23 00:47:43,A
1141,feature_use,2026-04-29 00:47:43,A
1142,signup,2026-03-07 23:49:23,A
1143,signup,2026-05-17 14:03:49,B
1143,activation,2026-05-18 10:03:49,B
1144,signup,2026-04-09 11:42:42,A
1145,signup,2026-02-25 05:20:42,B
1146,signup,2026-05-12 19:46:21,A
1146,activation,2026-05-14 16:46:21,A
1147,signup,2026-03-03 15:08:53,B
1147,activation,2026-03-03 20:08:53,B
1148,signup,2026-03-19 11:06:59,A
1148,activation,2026-03-21 02:06:59,A
1149,signup,2026-04-26 09:06:03,A
1150,signup,2026-05-01 04:35:13,B
1150,activation,2026-05-03 04:35:13,B
1150,feature_use,2026-05-10 04:35:13,B
1150,purchase,2026-05-16 04:35:13,B
1151,signup,2026-03-25 23:25:13,A
1151,activation,2026-03-27 05:25:13,A
1151,feature_use,2026-03-31 05:25:13,A
1152,signup,2026-04-17 01:11:44,B
1152,activation,2026-04-18 15:11:44,B
1152,feature_use,2026-04-23 15:11:44,B
1153,signup,2026-03-21 18:43:51,B
1154,signup,2026-04-14 09:49:23,A
1155,signup,2026-03-06 09:10:22,A
1156,signup,2026-03-24 06:40:05,A
1156,activation,2026-03-24 16:40:05,A
1156,feature_use,2026-03-29 16:40:05,A
1156,purchase,2026-04-03 16:40:05,A
1157,signup,2026-02-27 12:37:49,A
1157,activation,2026-02-27 21:37:49,A
1158,signup,2026-04-05 02:26:03,B
1159,signup,2026-04-26 01:06:33,A
1160,signup,2026-04-26 00:09:24,A
1161,signup,2026-03-19 06:56:33,B
1162,signup,2026-04-25 23:21:47,A
1163,signup,2026-04-02 05:02:15,B
1164,signup,2026-04-14 18:05:42,B
1165,signup,2026-03-24 00:45:09,B
1165,activation,2026-03-25 14:45:09,B
1166,signup,2026-05-19 21:05:50,A
1166,activation,2026-05-21 09:05:50,A
1166,feature_use,2026-05-23 09:05:50,A
1167,signup,2026-05-03 20:23:55,B
1167,activation,2026-05-03 23:23:55,B
1168,signup,2026-05-18 06:36:02,B
1169,signup,2026-03-08 05:53:35,A
1169,activation,2026-03-09 08:53:35,A
1170,signup,2026-04-02 02:28:56,A
1170,activation,2026-04-03 12:28:56,A
1171,signup,2026-03-11 19:05:50,A
1172,signup,2026-04-03 18:20:03,A
1172,activation,2026-04-04 01:20:03,A
1172,feature_use,2026-04-08 01:20:03,A
1173,signup,2026-02-23 02:46:59,B
1173,activation,2026-02-23 19:46:59,B
1173,feature_use,2026-02-28 19:46:59,B
1174,signup,2026-04-13 08:53:12,B
1174,activation,2026-04-14 23:53:12,B
1175,signup,2026-03-01 21:35:38,B
1175,activation,2026-03-03 15:35:38,B
1175,feature_use,2026-03-06 15:35:38,B
1175,purchase,2026-03-08 15:35:38,B
1176,signup,2026-05-17 18:32:32,B
1176,activation,2026-05-18 16:32:32,B
1176,feature_use,2026-05-22 16:32:32,B
1177,signup,2026-05-11 16:57:34,A
1177,activation,2026-05-12 12:57:34,A
1177,feature_use,2026-05-19 12:57:34,A
1178,signup,2026-03-04 13:46:53,B
1178,activation,2026-03-04 22:46:53,B
1179,signup,2026-04-06 13:54:46,A
1180,signup,2026-04-01 21:52:22,B
1180,activation,2026-04-02 18:52:22,B
1181,signup,2026-03-09 01:39:17,B
1181,activation,2026-03-09 07:39:17,B
1181,feature_use,2026-03-15 07:39:17,B
1182,signup,2026-04-12 20:53:07,B
1182,activation,2026-04-14 04:53:07,B
1182,feature_use,2026-04-18 04:53:07,B
1183,signup,2026-03-16 16:03:39,A
1183,activation,2026-03-16 19:03:39,A
1184,signup,2026-05-04 09:34:54,A
1185,signup,2026-04-03 15:06:41,A
1185,activation,2026-04-04 10:06:41,A
1186,signup,2026-02-20 20:47:17,B
1187,signup,2026-02-25 08:28:32,A
1187,activation,2026-02-26 12:28:32,A
1188,signup,2026-02-19 23:01:42,B
1188,activation,2026-02-21 17:01:42,B
1189,signup,2026-03-30 01:34:02,B
1190,signup,2026-04-19 11:49:27,A
1190,activation,2026-04-20 21:49:27,A
1191,signup,2026-04-15 09:42:24,A
1192,signup,2026-02-22 01:25:50,A
1192,activation,2026-02-23 16:25:50,A
1192,feature_use,2026-02-25 16:25:50,A
1193,signup,2026-05-17 13:01:03,B
1194,signup,2026-04-29 13:22:49,A
1195,signup,2026-02-27 14:52:57,B
1195,activation,2026-02-28 20:52:57,B
1196,signup,2026-04-16 15:50:22,A
1197,signup,2026-04-23 03:24:24,B
1198,signup,2026-04-12 16:48:16,A
1198,activation,2026-04-14 13:48:16,A
1199,signup,2026-05-12 17:52:58,B
1200,signup,2026-04-04 08:39:01,B
1200,activation,2026-04-05 10:39:01,B
1201,signup,2026-05-05 05:02:59,B
1201,activation,2026-05-06 17:02:59,B
1202,signup,2026-02-22 13:20:46,B
1202,activation,2026-02-23 04:20:46,B
1203,signup,2026-04-28 12:36:42,B
1203,activation,2026-04-29 03:36:42,B
1203,feature_use,2026-04-30 03:36:42,B
1203,purchase,2026-05-08 03:36:42,B
1204,signup,2026-04-14 12:36:58,A
1204,activation,2026-04-16 00:36:58,A
1205,signup,2026-03-10 20:08:32,B
1206,signup,2026-03-12 12:19:02,B
1207,signup,2026-05-19 09:46:32,A
1207,activation,2026-05-20 23:46:32,A
1207,feature_use,2026-05-26 23:46:32,A
1208,signup,2026-03-25 18:17:29,A
1209,signup,2026-03-01 18:06:57,A
1209,activation,2026-03-03 10:06:57,A
1210,signup,2026-03-30 08:09:32,B
1210,activation,2026-04-01 03:09:32,B
1211,signup,2026-04-13 20:35:57,B
1211,activation,2026-04-15 16:35:57,B
1212,signup,2026-05-12 21:14:15,A
1213,signup,2026-04-02 23:27:43,A
1213,activation,2026-04-03 03:27:43,A
1213,feature_use,2026-04-10 03:27:43,A
1214,signup,2026-03-12 16:42:28,B
1214,activation,2026-03-14 11:42:28,B
1214,feature_use,2026-03-16 11:42:28,B
1215,signup,2026-03-01 23:58:58,B
1216,signup,2026-03-28 15:51:06,B
1216,activation,2026-03-29 05:51:06,B
1216,feature_use,2026-04-01 05:51:06,B
1217,signup,2026-03-27 12:49:54,B
1217,activation,2026-03-27 13:49:54,B
1217,feature_use,2026-03-28 13:49:54,B
1217,purchase,2026-03-31 13:49:54,B
1218,signup,2026-05-13 02:03:47,B
1218,activation,2026-05-14 14:03:47,B
1218,feature_use,2026-05-19 14:03:47,B
1219,signup,2026-03-10 02:16:08,B
1220,signup,2026-05-15 08:31:19,B
1221,signup,2026-04-17 01:37:08,A
1221,activation,2026-04-17 23:37:08,A
1222,signup,2026-05-13 00:20:06,A
1222,activation,2026-05-13 12:20:06,A
1223,signup,2026-03-30 16:14:48,A
1223,activation,2026-03-31 06:14:48,A
1224,signup,2026-04-09 12:21:37,B
1224,activation,2026-04-10 00:21:37,B
1224,feature_use,2026-04-12 00:21:37,B
1225,signup,2026-05-14 08:25:40,B
1225,activation,2026-05-14 17:25:40,B
1226,signup,2026-05-06 02:24:46,B
1226,activation,2026-05-06 14:24:46,B
1227,signup,2026-03-10 09:34:07,A
1227,activation,2026-03-11 01:34:07,A
1227,feature_use,2026-03-12 01:34:07,A
1228,signup,2026-02-19 23:54:11,B
1228,activation,2026-02-20 06:54:11,B
1228,feature_use,2026-02-23 06:54:11,B
1228,purchase,2026-02-25 06:54:11,B
1229,signup,2026-03-19 00:46:00,A
1229,activation,2026-03-20 17:46:00,A
1230,signup,2026-04-11 00:22:10,B
1230,activation,2026-04-11 09:22:10,B
1231,signup,2026-04-27 01:10:54,A
1232,signup,2026-03-28 18:27:31,A
1232,activation,2026-03-30 14:27:31,A
1232,feature_use,2026-04-01 14:27:31,A
1233,signup,2026-04-07 16:10:47,A
1233,activation,2026-04-08 14:10:47,A
1234,signup,2026-05-15 06:35:19,A
1234,activation,2026-05-16 09:35:19,A
1234,feature_use,2026-05-21 09:35:19,A
1234,purchase,2026-05-27 09:35:19,A
1235,signup,2026-05-17 12:57:33,B
1236,signup,2026-03-29 02:36:42,B
1237,signup,2026-04-09 22:38:25,B
1237,activation,2026-04-11 17:38:25,B
1238,signup,2026-04-14 17:51:33,B
1238,activation,2026-04-16 04:51:33,B
1239,signup,2026-03-30 02:23:59,B
1239,activation,2026-03-30 10:23:59,B
1240,signup,2026-05-04 17:58:27,A
1240,activation,2026-05-06 06:58:27,A
1240,feature_use,2026-05-12 06:58:27,A
1240,purchase,2026-05-14 06:58:27,A
1241,signup,2026-03-18 17:09:05,A
1241,activation,2026-03-18 23:09:05,A
1242,signup,2026-05-06 06:49:13,A
1242,activation,2026-05-06 10:49:13,A
1243,signup,2026-04-20 18:53:32,B
1244,signup,2026-03-04 20:13:47,A
1244,activation,2026-03-05 12:13:47,A
1244,feature_use,2026-03-11 12:13:47,A
1245,signup,2026-03-04 12:39:25,A
1246,signup,2026-04-28 16:54:49,B
1247,signup,2026-04-29 18:56:13,B
1247,activation,2026-05-01 13:56:13,B
1247,feature_use,2026-05-07 13:56:13,B
1248,signup,2026-04-11 23:16:00,A
1248,activation,2026-04-13 07:16:00,A
1248,feature_use,2026-04-18 07:16:00,A
1249,signup,2026-03-29 08:29:12,A
1250,signup,2026-05-01 11:05:02,A
1250,activation,2026-05-01 22:05:02,A
1251,signup,2026-04-01 15:07:17,B
1251,activation,2026-04-03 04:07:17,B
1252,signup,2026-03-08 14:51:11,B
1252,activation,2026-03-09 21:51:11,B
1252,feature_use,2026-03-10 21:51:11,B
1252,purchase,2026-03-17 21:51:11,B
1253,signup,2026-02-26 03:37:27,A
1253,activation,2026-02-26 23:37:27,A
1253,feature_use,2026-02-28 23:37:27,A
1254,signup,2026-05-13 13:54:58,A
1255,signup,2026-04-03 19:01:40,A
1255,activation,2026-04-04 11:01:40,A
1255,feature_use,2026-04-08 11:01:40,A
1256,signup,2026-04-27 13:04:05,A
1257,signup,2026-04-01 07:35:44,A
1258,signup,2026-03-28 21:11:25,B
1259,signup,2026-04-19 04:24:08,A
1260,signup,2026-04-06 03:18:51,B
1260,activation,2026-04-07 17:18:51,B
1260,feature_use,2026-04-13 17:18:51,B
1261,signup,2026-04-13 20:55:29,B
1261,activation,2026-04-15 02:55:29,B
1261,feature_use,2026-04-21 02:55:29,B
1262,signup,2026-03-30 07:09:09,B
1263,signup,2026-02-28 10:22:00,B
1263,activation,2026-02-28 21:22:00,B
1264,signup,2026-04-07 04:47:31,B
1264,activation,2026-04-09 04:47:31,B
1264,feature_use,2026-04-11 04:47:31,B
1265,signup,2026-03-30 07:56:38,A
1265,activation,2026-04-01 07:56:38,A
1266,signup,2026-05-06 04:09:24,B
1266,activation,2026-05-07 00:09:24,B
1267,signup,2026-04-12 17:35:34,B
1267,activation,2026-04-13 06:35:34,B
1267,feature_use,2026-04-17 06:35:34,B
1268,signup,2026-03-09 22:30:38,A
1268,activation,2026-03-10 10:30:38,A
1269,signup,2026-03-28 04:02:23,B
1269,activation,2026-03-28 07:02:23,B
1269,feature_use,2026-04-02 07:02:23,B
1270,signup,2026-03-28 07:31:14,A
1270,activation,2026-03-28 19:31:14,A
1270,feature_use,2026-03-30 19:31:14,A
1271,signup,2026-03-12 12:17:27,A
1272,signup,2026-03-04 08:16:59,A
1272,activation,2026-03-05 07:16:59,A
1273,signup,2026-04-01 17:33:34,A
1273,activation,2026-04-03 03:33:34,A
1274,signup,2026-04-16 13:45:48,A
1274,activation,2026-04-17 05:45:48,A
1274,feature_use,2026-04-20 05:45:48,A
1274,purchase,2026-04-30 05:45:48,A
1275,signup,2026-03-07 07:50:26,B
1275,activation,2026-03-07 21:50:26,B
1276,signup,2026-04-24 12:42:20,B
1276,activation,2026-04-25 20:42:20,B
1277,signup,2026-03-09 13:33:27,B
1277,activation,2026-03-11 12:33:27,B
1278,signup,2026-03-01 15:10:49,B
1278,activation,2026-03-03 13:10:49,B
1279,signup,2026-03-21 22:03:14,B
1279,activation,2026-03-22 02:03:14,B
1279,feature_use,2026-03-26 02:03:14,B
1280,signup,2026-03-15 16:53:00,B
1280,activation,2026-03-16 12:53:00,B
1281,signup,2026-05-07 05:58:28,A
1282,signup,2026-05-05 01:47:19,B
1282,activation,2026-05-06 16:47:19,B
1282,feature_use,2026-05-09 16:47:19,B
1282,purchase,2026-05-14 16:47:19,B
1283,signup,2026-04-18 22:33:24,B
1283,activation,2026-04-19 23:33:24,B
1283,feature_use,2026-04-20 23:33:24,B
1283,purchase,2026-04-30 23:33:24,B
1284,signup,2026-03-20 16:49:47,A
1285,signup,2026-02-27 05:19:59,A
1285,activation,2026-02-27 18:19:59,A
1285,feature_use,2026-03-02 18:19:59,A
1286,signup,2026-04-02 23:31:12,A
1286,activation,2026-04-03 21:31:12,A
1286,feature_use,2026-04-08 21:31:12,A
1286,purchase,2026-04-15 21:31:12,A
1287,signup,2026-04-07 07:57:20,A
1288,signup,2026-02-26 15:05:10,B
1288,activation,2026-02-26 16:05:10,B
1289,signup,2026-04-16 23:50:19,B
1289,activation,2026-04-17 00:50:19,B
1290,signup,2026-03-20 15:37:26,B
1290,activation,2026-03-22 15:37:26,B
1290,feature_use,2026-03-26 15:37:26,B
1291,signup,2026-04-18 06:44:48,B
1292,signup,2026-04-24 09:03:05,A
1292,activation,2026-04-26 01:03:05,A
1292,feature_use,2026-04-30 01:03:05,A
1293,signup,2026-03-14 06:07:35,A
1293,activation,2026-03-14 12:07:35,A
1294,signup,2026-03-13 21:47:49,A
1294,activation,2026-03-14 06:47:49,A
1295,signup,2026-04-01 22:00:05,A
1296,signup,2026-02-21 05:24:02,A
1296,activation,2026-02-23 04:24:02,A
1296,feature_use,2026-03-02 04:24:02,A
1297,signup,2026-05-20 12:15:29,B
1297,activation,2026-05-21 00:15:29,B
1298,signup,2026-05-03 11:19:18,B
1298,activation,2026-05-04 04:19:18,B
1298,feature_use,2026-05-09 04:19:18,B
1299,signup,2026-03-18 01:10:05,A
1300,signup,2026-02-22 08:02:35,B
1300,activation,2026-02-24 07:02:35,B
1300,feature_use,2026-02-27 07:02:35,B
1301,signup,2026-05-13 07:42:18,B
1301,activation,2026-05-13 18:42:18,B
1302,signup,2026-05-07 13:55:22,A
1303,signup,2026-03-16 06:20:41,A
1303,activation,2026-03-17 14:20:41,A
1303,feature_use,2026-03-19 14:20:41,A
1304,signup,2026-04-16 07:11:27,A
1304,activation,2026-04-17 07:11:27,A
1304,feature_use,2026-04-23 07:11:27,A
1305,signup,2026-04-11 03:13:29,A
1305,activation,2026-04-12 18:13:29,A
1305,feature_use,2026-04-15 18:13:29,A
1306,signup,2026-04-16 22:23:57,B
1307,signup,2026-05-18 17:40:44,B
1307,activation,2026-05-19 15:40:44,B
1307,feature_use,2026-05-26 15:40:44,B
1307,purchase,2026-05-28 15:40:44,B
1308,signup,2026-02-22 13:55:55,A
1308,activation,2026-02-23 17:55:55,A
1309,signup,2026-04-01 13:33:25,B
1309,activation,2026-04-03 10:33:25,B
1310,signup,2026-05-17 16:04:17,B
1311,signup,2026-05-09 04:37:33,B
1311,activation,2026-05-09 08:37:33,B
1312,signup,2026-03-26 06:36:34,A
1312,activation,2026-03-27 09:36:34,A
1312,feature_use,2026-03-30 09:36:34,A
1312,purchase,2026-04-04 09:36:34,A
1313,signup,2026-03-19 05:47:52,A
1313,activation,2026-03-19 21:47:52,A
1313,feature_use,2026-03-26 21:47:52,A
1314,signup,2026-03-18 03:25:46,A
1315,signup,2026-04-11 14:58:32,A
1315,activation,2026-04-12 18:58:32,A
1315,feature_use,2026-04-14 18:58:32,A
1316,signup,2026-05-04 08:18:35,B
1317,signup,2026-04-22 00:29:17,A
1317,activation,2026-04-23 11:29:17,A
1318,signup,2026-02-23 19:43:28,B
1319,signup,2026-05-02 12:01:22,B
1320,signup,2026-05-11 15:39:44,B
1320,activation,2026-05-12 12:39:44,B
1320,feature_use,2026-05-19 12:39:44,B
1321,signup,2026-05-03 10:29:10,A
1321,activation,2026-05-04 19:29:10,A
1322,signup,2026-03-01 21:14:10,B
1322,activation,2026-03-03 20:14:10,B
1323,signup,2026-02-24 22:17:49,A
1323,activation,2026-02-26 18:17:49,A
1324,signup,2026-04-20 00:02:20,A
1324,activation,2026-04-20 15:02:20,A
1325,signup,2026-05-14 05:16:04,A
1326,signup,2026-05-04 15:14:18,A
1326,activation,2026-05-05 20:14:18,A
1326,feature_use,2026-05-09 20:14:18,A
1327,signup,2026-04-11 05:15:32,B
1327,activation,2026-04-11 12:15:32,B
1327,feature_use,2026-04-16 12:15:32,B
1328,signup,2026-05-08 22:12:58,A
1328,activation,2026-05-10 13:12:58,A
1328,feature_use,2026-05-12 13:12:58,A
1329,signup,2026-04-17 16:36:51,B
1329,activation,2026-04-17 23:36:51,B
1329,feature_use,2026-04-24 23:36:51,B
1330,signup,2026-04-21 05:41:42,A
1330,activation,2026-04-21 09:41:42,A
1331,signup,2026-05-19 00:03:25,A
1331,activation,2026-05-19 11:03:25,A
1331,feature_use,2026-05-21 11:03:25,A
1332,signup,2026-04-09 12:15:56,A
1332,activation,2026-04-09 18:15:56,A
1332,feature_use,2026-04-14 18:15:56,A
1333,signup,2026-03-05 08:18:34,A
1333,activation,2026-03-05 17:18:34,A
1334,signup,2026-03-21 00:38:36,A
1334,activation,2026-03-21 06:38:36,A
1335,signup,2026-04-27 07:14:27,B
1336,signup,2026-03-23 14:12:42,B
1336,activation,2026-03-25 10:12:42,B
1336,feature_use,2026-03-27 10:12:42,B
1337,signup,2026-05-17 01:43:17,A
1337,activation,2026-05-17 21:43:17,A
1337,feature_use,2026-05-19 21:43:17,A
1338,signup,2026-04-07 12:47:42,B
1338,activation,2026-04-08 06:47:42,B
1339,signup,2026-05-04 04:39:46,B
1339,activation,2026-05-05 17:39:46,B
1340,signup,2026-05-06 21:16:17,A
1340,activation,2026-05-08 07:16:17,A
1340,feature_use,2026-05-14 07:16:17,A
1341,signup,2026-03-15 23:46:40,A
1341,activation,2026-03-16 21:46:40,A
1341,feature_use,2026-03-19 21:46:40,A
1342,signup,2026-05-13 14:36:17,A
1342,activation,2026-05-13 22:36:17,A
1343,signup,2026-04-15 14:29:44,B
1344,signup,2026-04-08 18:25:23,A
1344,activation,2026-04-09 12:25:23,A
1344,feature_use,2026-04-16 12:25:23,A
1344,purchase,2026-04-22 12:25:23,A
1345,signup,2026-04-05 02:24:05,B
1346,signup,2026-04-30 02:06:57,B
1347,signup,2026-03-15 17:48:13,B
1347,activation,2026-03-17 16:48:13,B
1348,signup,2026-05-08 10:00:15,A
1349,signup,2026-04-27 01:47:54,B
1349,activation,2026-04-28 21:47:54,B
1349,feature_use,2026-05-04 21:47:54,B
1349,purchase,2026-05-06 21:47:54,B
1350,signup,2026-03-11 17:30:35,A
1351,signup,2026-04-21 06:26:33,B
1352,signup,2026-04-12 12:05:37,B
1352,activation,2026-04-13 09:05:37,B
1352,feature_use,2026-04-18 09:05:37,B
1353,signup,2026-03-22 01:53:44,A
1353,activation,2026-03-22 23:53:44,A
1353,feature_use,2026-03-28 23:53:44,A
1353,purchase,2026-03-31 23:53:44,A
1354,signup,2026-05-12 23:51:34,A
1354,activation,2026-05-14 22:51:34,A
1354,feature_use,2026-05-21 22:51:34,A
1355,signup,2026-05-13 07:24:23,B
1356,signup,2026-03-13 17:27:37,A
1356,activation,2026-03-14 23:27:37,A
1357,signup,2026-02-23 16:55:24,B
1357,activation,2026-02-25 08:55:24,B
1358,signup,2026-03-08 16:52:39,A
1358,activation,2026-03-09 17:52:39,A
1358,feature_use,2026-03-10 17:52:39,A
1359,signup,2026-04-09 03:39:47,A
1359,activation,2026-04-11 02:39:47,A
1359,feature_use,2026-04-12 02:39:47,A
1359,purchase,2026-04-19 02:39:47,A
1360,signup,2026-03-27 18:53:02,B
1360,activation,2026-03-29 07:53:02,B
1360,feature_use,2026-04-04 07:53:02,B
1361,signup,2026-04-11 14:02:50,B
1362,signup,2026-05-07 03:43:26,B
1363,signup,2026-04-24 20:45:29,B
1364,signup,2026-05-10 13:32:17,B
1365,signup,2026-03-15 18:26:32,A
1366,signup,2026-04-13 07:47:41,B
1366,activation,2026-04-14 05:47:41,B
1366,feature_use,2026-04-19 05:47:41,B
1367,signup,2026-05-10 02:57:46,B
1368,signup,2026-02-28 02:06:38,A
1368,activation,2026-02-28 06:06:38,A
1368,feature_use,2026-03-03 06:06:38,A
1369,signup,2026-04-23 22:57:06,A
1369,activation,2026-04-25 21:57:06,A
1370,signup,2026-03-20 08:10:45,B
1370,activation,2026-03-21 00:10:45,B
1370,feature_use,2026-03-27 00:10:45,B
1371,signup,2026-04-18 17:48:11,A
1372,signup,2026-03-24 06:39:37,A
1372,activation,2026-03-26 01:39:37,A
1372,feature_use,2026-03-31 01:39:37,A
1373,signup,2026-04-28 10:21:11,A
1373,activation,2026-04-29 15:21:11,A
1374,signup,2026-05-05 01:51:27,B
1375,signup,2026-04-06 18:31:39,B
1376,signup,2026-03-26 12:00:24,A
1376,activation,2026-03-27 18:00:24,A
1376,feature_use,2026-04-03 18:00:24,A
1376,purchase,2026-04-04 18:00:24,A
1377,signup,2026-05-19 15:17:59,A
1377,activation,2026-05-21 15:17:59,A
1378,signup,2026-03-15 21:11:21,B
1378,activation,2026-03-17 09:11:21,B
1379,signup,2026-04-24 10:59:19,A
1380,signup,2026-04-25 02:16:58,A
1381,signup,2026-03-03 08:23:22,A
1382,signup,2026-03-18 19:20:38,B
1383,signup,2026-04-08 07:20:45,A
1384,signup,2026-04-10 03:41:12,A
1384,activation,2026-04-11 10:41:12,A
1384,feature_use,2026-04-16 10:41:12,A
1385,signup,2026-03-12 20:47:22,A
1386,signup,2026-03-20 16:03:42,A
1387,signup,2026-04-06 14:02:09,A
1388,signup,2026-03-07 06:40:08,B
1389,signup,2026-04-21 18:34:54,B
1390,signup,2026-03-18 08:08:02,A
1391,signup,2026-04-28 08:25:42,B
1392,signup,2026-03-17 04:23:24,A
1393,signup,2026-02-26 21:25:30,B
1393,activation,2026-02-26 22:25:30,B
1394,signup,2026-05-18 17:59:19,A
1394,activation,2026-05-19 01:59:19,A
1395,signup,2026-03-17 02:22:41,B
1396,signup,2026-04-29 11:51:56,A
1396,activation,2026-04-30 03:51:56,A
1396,feature_use,2026-05-07 03:51:56,A
1397,signup,2026-04-02 14:10:13,A
1398,signup,2026-04-16 07:12:37,B
1398,activation,2026-04-16 18:12:37,B
1398,feature_use,2026-04-21 18:12:37,B
1399,signup,2026-03-02 00:53:39,A
1399,activation,2026-03-03 11:53:39,A
1400,signup,2026-03-08 04:45:20,B
1400,activation,2026-03-09 19:45:20,B
1401,signup,2026-03-16 21:37:45,B
1401,activation,2026-03-18 12:37:45,B
1401,feature_use,2026-03-20 12:37:45,B
1402,signup,2026-05-13 00:45:53,B
1402,activation,2026-05-14 23:45:53,B
1402,feature_use,2026-05-15 23:45:53,B
1402,purchase,2026-05-21 23:45:53,B
1403,signup,2026-04-28 06:24:03,A
1403,activation,2026-04-29 08:24:03,A
1404,signup,2026-04-27 10:33:25,A
1405,signup,2026-03-16 20:44:26,B
1405,activation,2026-03-17 23:44:26,B
1406,signup,2026-03-16 15:46:09,A
1406,activation,2026-03-17 14:46:09,A
1407,signup,2026-04-03 17:49:10,B
1407,activation,2026-04-05 11:49:10,B
1407,feature_use,2026-04-12 11:49:10,B
1407,purchase,2026-04-17 11:49:10,B
1408,signup,2026-02-21 19:39:20,A
1408,activation,2026-02-23 00:39:20,A
1409,signup,2026-03-28 04:56:03,A
1410,signup,2026-05-12 09:27:28,A
1410,activation,2026-05-13 12:27:28,A
1411,signup,2026-03-11 16:58:13,B
1411,activation,2026-03-13 13:58:13,B
1412,signup,2026-05-16 00:53:31,A
1412,activation,2026-05-16 03:53:31,A
1412,feature_use,2026-05-20 03:53:31,A
1413,signup,2026-02-21 08:13:16,B
1413,activation,2026-02-21 11:13:16,B
1414,signup,2026-05-15 13:27:25,A
1415,signup,2026-04-21 14:23:12,B
1415,activation,2026-04-22 23:23:12,B
1415,feature_use,2026-04-25 23:23:12,B
1416,signup,2026-05-12 04:21:32,B
1416,activation,2026-05-14 02:21:32,B
1417,signup,2026-05-16 23:43:38,A
1417,activation,2026-05-17 17:43:38,A
1418,signup,2026-02-25 17:59:42,B
1418,activation,2026-02-25 19:59:42,B
1418,feature_use,2026-03-01 19:59:42,B
1419,signup,2026-03-16 10:34:57,B
1419,activation,2026-03-17 10:34:57,B
1420,signup,2026-03-19 17:23:13,B
1420,activation,2026-03-21 14:23:13,B
1421,signup,2026-03-18 16:34:09,B
1422,signup,2026-03-25 05:46:30,A
1422,activation,2026-03-25 22:46:30,A
1423,signup,2026-05-12 16:44:54,A
1424,signup,2026-02-26 08:02:15,A
1424,activation,2026-02-26 17:02:15,A
1424,feature_use,2026-03-03 17:02:15,A
1424,purchase,2026-03-08 17:02:15,A
1425,signup,2026-05-07 00:26:37,B
1425,activation,2026-05-07 02:26:37,B
1425,feature_use,2026-05-10 02:26:37,B
1426,signup,2026-03-13 15:38:38,A
1427,signup,2026-05-11 02:42:52,B
1428,signup,2026-03-23 16:25:55,A
1428,activation,2026-03-25 06:25:55,A
1428,feature_use,2026-03-31 06:25:55,A
1429,signup,2026-04-23 23:22:22,B
1429,activation,2026-04-25 00:22:22,B
1430,signup,2026-05-15 21:37:17,A
1431,signup,2026-03-08 04:03:12,B
1431,activation,2026-03-10 01:03:12,B
1432,signup,2026-05-03 13:43:56,B
1433,signup,2026-03-05 03:57:20,B
1433,activation,2026-03-06 09:57:20,B
1433,feature_use,2026-03-11 09:57:20,B
1434,signup,2026-04-24 03:29:58,B
1435,signup,2026-03-10 21:06:03,A
1435,activation,2026-03-12 11:06:03,A
1436,signup,2026-04-17 20:09:32,B
1437,signup,2026-02-24 09:24:23,B
1437,activation,2026-02-26 06:24:23,B
1437,feature_use,2026-03-04 06:24:23,B
1437,purchase,2026-03-11 06:24:23,B
1438,signup,2026-04-21 20:42:32,A
1438,activation,2026-04-23 03:42:32,A
1439,signup,2026-04-28 19:01:00,B
1439,activation,2026-04-28 23:01:00,B
1439,feature_use,2026-05-05 23:01:00,B
1440,signup,2026-04-12 04:16:05,B
1440,activation,2026-04-13 04:16:05,B
1441,signup,2026-02-22 03:01:34,A
1441,activation,2026-02-23 16:01:34,A
1441,feature_use,2026-02-25 16:01:34,A
1441,purchase,2026-02-28 16:01:34,A
1442,signup,2026-05-02 18:48:38,B
1442,activation,2026-05-03 11:48:38,B
1442,feature_use,2026-05-04 11:48:38,B
1443,signup,2026-05-19 09:50:45,B
1443,activation,2026-05-21 08:50:45,B
1443,feature_use,2026-05-27 08:50:45,B
1443,purchase,2026-05-31 08:50:45,B
1444,signup,2026-05-14 19:11:37,A
1444,activation,2026-05-15 02:11:37,A
1445,signup,2026-04-30 07:49:11,A
1445,activation,2026-04-30 12:49:11,A
1446,signup,2026-03-27 20:52:33,B
1446,activation,2026-03-28 15:52:33,B
1447,signup,2026-04-10 16:12:11,A
1447,activation,2026-04-11 06:12:11,A
1447,feature_use,2026-04-13 06:12:11,A
1448,signup,2026-05-14 17:02:23,A
1448,activation,2026-05-14 21:02:23,A
1448,feature_use,2026-05-19 21:02:23,A
1449,signup,2026-05-09 04:22:51,B
1450,signup,2026-04-02 18:30:03,A
1450,activation,2026-04-03 03:30:03,A
1451,signup,2026-03-17 01:57:00,B
1451,activation,2026-03-17 16:57:00,B
1451,feature_use,2026-03-19 16:57:00,B
1452,signup,2026-05-03 16:26:08,A
1452,activation,2026-05-04 18:26:08,A
1453,signup,2026-03-07 21:53:00,A
1453,activation,2026-03-08 21:53:00,A
1454,signup,2026-04-25 17:36:52,B
1454,activation,2026-04-26 00:36:52,B
1455,signup,2026-02-24 08:37:18,B
1455,activation,2026-02-25 07:37:18,B
1455,feature_use,2026-02-27 07:37:18,B
1456,signup,2026-04-14 18:34:44,B
1457,signup,2026-03-16 16:24:37,A
1457,activation,2026-03-17 20:24:37,A
1457,feature_use,2026-03-22 20:24:37,A
1458,signup,2026-03-04 07:19:39,B
1459,signup,2026-03-04 05:03:11,B
1459,activation,2026-03-05 05:03:11,B
1460,signup,2026-04-25 23:02:32,B
1461,signup,2026-04-17 12:36:42,B
1461,activation,2026-04-17 16:36:42,B
1462,signup,2026-05-13 13:52:00,B
1463,signup,2026-03-25 15:15:38,B
1463,activation,2026-03-26 10:15:38,B
1464,signup,2026-03-05 04:46:35,A
1464,activation,2026-03-05 16:46:35,A
1464,feature_use,2026-03-08 16:46:35,A
1465,signup,2026-04-10 02:04:14,A
1465,activation,2026-04-10 15:04:14,A
1466,signup,2026-02-28 06:59:00,A
1466,activation,2026-03-01 11:59:00,A
1466,feature_use,2026-03-07 11:59:00,A
1467,signup,2026-04-20 17:06:09,A
1468,signup,2026-04-08 07:44:50,B
1468,activation,2026-04-09 05:44:50,B
1468,feature_use,2026-04-16 05:44:50,B
1468,purchase,2026-04-18 05:44:50,B
1469,signup,2026-03-27 09:39:35,B
1469,activation,2026-03-28 15:39:35,B
1470,signup,2026-03-03 06:45:23,A
1470,activation,2026-03-03 17:45:23,A
1470,feature_use,2026-03-05 17:45:23,A
1470,purchase,2026-03-13 17:45:23,A
1471,signup,2026-03-05 14:53:30,B
1471,activation,2026-03-06 06:53:30,B
1472,signup,2026-04-21 18:07:50,A
1472,activation,2026-04-23 00:07:50,A
1472,feature_use,2026-04-29 00:07:50,A
1473,signup,2026-04-06 01:28:49,A
1473,activation,2026-04-06 14:28:49,A
1473,feature_use,2026-04-12 14:28:49,A
1474,signup,2026-05-01 13:17:00,B
1474,activation,2026-05-03 03:17:00,B
1475,signup,2026-04-16 17:33:42,A
1475,activation,2026-04-18 05:33:42,A
1475,feature_use,2026-04-20 05:33:42,A
1476,signup,2026-03-08 11:45:04,A
1477,signup,2026-03-10 12:54:47,B
1478,signup,2026-02-25 09:37:19,A
1478,activation,2026-02-26 06:37:19,A
1478,feature_use,2026-03-04 06:37:19,A
1479,signup,2026-04-01 23:52:56,A
1480,signup,2026-02-22 01:15:00,A
1480,activation,2026-02-23 03:15:00,A
1481,signup,2026-02-22 21:55:04,A
1482,signup,2026-04-05 02:29:15,A
1482,activation,2026-04-05 23:29:15,A
1482,feature_use,2026-04-09 23:29:15,A
1482,purchase,2026-04-17 23:29:15,A
1483,signup,2026-02-27 15:49:18,B
1484,signup,2026-04-24 02:36:35,A
1484,activation,2026-04-25 14:36:35,A
1485,signup,2026-03-23 06:44:25,A
1486,signup,2026-05-12 20:44:00,B
1487,signup,2026-03-30 00:53:09,A
1488,signup,2026-04-09 14:25:08,A
1488,activation,2026-04-11 12:25:08,A
1489,signup,2026-04-07 17:13:12,B
1490,signup,2026-05-09 22:55:53,A
1490,activation,2026-05-10 21:55:53,A
1491,signup,2026-05-18 04:02:29,A
1491,activation,2026-05-19 20:02:29,A
1492,signup,2026-04-09 14:54:22,A
1492,activation,2026-04-11 14:54:22,A
1493,signup,2026-03-09 00:17:42,A
1493,activation,2026-03-10 13:17:42,A
1493,feature_use,2026-03-13 13:17:42,A
1493,purchase,2026-03-18 13:17:42,A
1494,signup,2026-05-06 00:22:36,A
1494,activation,2026-05-06 13:22:36,A
1494,feature_use,2026-05-12 13:22:36,A
1495,signup,2026-05-14 08:20:13,A
1495,activation,2026-05-15 19:20:13,A
1496,signup,2026-04-27 03:38:31,A
1496,activation,2026-04-28 04:38:31,A
1496,feature_use,2026-05-04 04:38:31,A
1497,signup,2026-02-26 12:16:29,B
1498,signup,2026-03-27 09:34:37,B
1498,activation,2026-03-28 11:34:37,B
1499,signup,2026-04-25 05:31:31,B
1500,signup,2026-04-19 16:59:23,B
1500,activation,2026-04-19 17:59:23,B
1500,feature_use,2026-04-21 17:59:23,B
1501,signup,2026-05-14 08:29:14,B
1501,activation,2026-05-14 18:29:14,B
1501,feature_use,2026-05-19 18:29:14,B
1501,purchase,2026-05-27 18:29:14,B
1502,signup,2026-04-17 10:23:45,B
1502,activation,2026-04-17 13:23:45,B
1503,signup,2026-04-05 20:19:14,B
1503,activation,2026-04-06 00:19:14,B
1504,signup,2026-03-24 10:52:04,B
1504,activation,2026-03-26 09:52:04,B
1505,signup,2026-04-22 13:02:18,A
1505,activation,2026-04-24 07:02:18,A
1505,feature_use,2026-05-01 07:02:18,A
1506,signup,2026-05-12 09:15:06,B
1506,activation,2026-05-13 19:15:06,B
1506,feature_use,2026-05-18 19:15:06,B
1507,signup,2026-04-19 10:06:24,B
1507,activation,2026-04-20 17:06:24,B
1507,feature_use,2026-04-23 17:06:24,B
1508,signup,2026-04-13 19:11:03,B
1508,activation,2026-04-14 14:11:03,B
1509,signup,2026-04-19 06:49:05,B
1509,activation,2026-04-20 18:49:05,B
1509,feature_use,2026-04-27 18:49:05,B
1509,purchase,2026-04-30 18:49:05,B
1510,signup,2026-02-27 19:41:38,B
1510,activation,2026-02-28 19:41:38,B
1510,feature_use,2026-03-02 19:41:38,B
1511,signup,2026-03-26 03:10:46,B
1511,activation,2026-03-28 02:10:46,B
1511,feature_use,2026-04-02 02:10:46,B
1512,signup,2026-04-14 11:14:31,B
1512,activation,2026-04-16 10:14:31,B
1512,feature_use,2026-04-21 10:14:31,B
1512,purchase,2026-05-01 10:14:31,B
1513,signup,2026-05-05 06:43:38,A
1513,activation,2026-05-05 09:43:38,A
1513,feature_use,2026-05-09 09:43:38,A
1514,signup,2026-02-26 17:39:01,A
1514,activation,2026-02-28 04:39:01,A
1514,feature_use,2026-03-06 04:39:01,A
1515,signup,2026-03-15 11:42:15,A
1515,activation,2026-03-15 17:42:15,A
1516,signup,2026-04-16 17:27:07,B
1516,activation,2026-04-18 00:27:07,B
1516,feature_use,2026-04-24 00:27:07,B
1516,purchase,2026-05-02 00:27:07,B
1517,signup,2026-04-28 05:29:42,B
1517,activation,2026-04-28 07:29:42,B
1518,signup,2026-03-31 07:11:02,B
1518,activation,2026-04-01 07:11:02,B
1519,signup,2026-02-26 23:19:50,A
1520,signup,2026-02-28 18:02:19,B
1521,signup,2026-03-22 14:36:25,A
1522,signup,2026-04-28 22:36:14,B
1522,activation,2026-04-29 09:36:14,B
1523,signup,2026-05-05 16:17:05,B
1523,activation,2026-05-06 19:17:05,B
1523,feature_use,2026-05-12 19:17:05,B
1524,signup,2026-04-19 12:43:15,B
1524,activation,2026-04-19 16:43:15,B
1524,feature_use,2026-04-23 16:43:15,B
1524,purchase,2026-05-01 16:43:15,B
1525,signup,2026-04-25 04:27:38,A
1526,signup,2026-02-20 06:00:45,B
1527,signup,2026-05-08 10:53:39,B
1527,activation,2026-05-08 14:53:39,B
1528,signup,2026-02-22 01:01:12,B
1528,activation,2026-02-22 13:01:12,B
1529,signup,2026-04-30 18:58:44,B
1529,activation,2026-05-02 15:58:44,B
1529,feature_use,2026-05-04 15:58:44,B
1530,signup,2026-02-28 00:12:45,B
1531,signup,2026-03-15 13:22:44,A
1531,activation,2026-03-16 10:22:44,A
1532,signup,2026-03-10 16:43:39,B
1532,activation,2026-03-11 16:43:39,B
1532,feature_use,2026-03-12 16:43:39,B
1532,purchase,2026-03-18 16:43:39,B
1533,signup,2026-05-09 02:19:22,B
1533,activation,2026-05-09 19:19:22,B
1533,feature_use,2026-05-14 19:19:22,B
1533,purchase,2026-05-17 19:19:22,B
1534,signup,2026-03-15 10:01:37,A
1534,activation,2026-03-15 22:01:37,A
1534,feature_use,2026-03-16 22:01:37,A
1534,purchase,2026-03-20 22:01:37,A
1535,signup,2026-04-19 12:11:02,A
1536,signup,2026-03-30 06:44:14,A
1536,activation,2026-03-31 03:44:14,A
1536,feature_use,2026-04-07 03:44:14,A
1536,purchase,2026-04-13 03:44:14,A
1537,signup,2026-03-16 18:44:55,A
1537,activation,2026-03-17 01:44:55,A
1538,signup,2026-05-15 02:20:36,A
1538,activation,2026-05-15 04:20:36,A
1538,feature_use,2026-05-18 04:20:36,A
1539,signup,2026-04-17 22:26:21,A
1539,activation,2026-04-19 01:26:21,A
1540,signup,2026-04-15 18:41:19,B
1541,signup,2026-04-30 22:41:54,B
1541,activation,2026-05-02 20:41:54,B
1541,feature_use,2026-05-04 20:41:54,B
1542,signup,2026-04-04 22:21:35,B
1543,signup,2026-05-18 22:52:07,B
1543,activation,2026-05-19 04:52:07,B
1544,signup,2026-04-28 19:53:02,B
1545,signup,2026-03-16 16:11:02,A
1546,signup,2026-04-18 02:13:43,B
1546,activation,2026-04-19 19:13:43,B
1546,feature_use,2026-04-23 19:13:43,B
1547,signup,2026-03-27 11:11:01,B
1547,activation,2026-03-28 09:11:01,B
1547,feature_use,2026-03-30 09:11:01,B
1548,signup,2026-05-12 20:54:38,B
1549,signup,2026-05-18 18:39:56,B
1549,activation,2026-05-19 17:39:56,B
1550,signup,2026-03-20 20:36:44,A
1551,signup,2026-05-01 13:55:34,B
1552,signup,2026-04-27 16:05:58,B
1552,activation,2026-04-28 22:05:58,B
1552,feature_use,2026-05-01 22:05:58,B
1553,signup,2026-03-18 11:09:45,A
1554,signup,2026-05-20 00:04:45,A
1554,activation,2026-05-21 17:04:45,A
1555,signup,2026-03-09 20:42:30,A
1556,signup,2026-04-23 10:25:20,A
1556,activation,2026-04-24 04:25:20,A
1556,feature_use,2026-04-27 04:25:20,A
1557,signup,2026-04-29 08:27:58,A
1558,signup,2026-03-29 13:28:54,A
1558,activation,2026-03-29 15:28:54,A
1558,feature_use,2026-04-01 15:28:54,A
1558,purchase,2026-04-11 15:28:54,A
1559,signup,2026-03-17 13:52:01,B
1560,signup,2026-03-03 13:12:21,A
1561,signup,2026-05-16 15:09:50,A
1562,signup,2026-03-07 22:31:07,B
1562,activation,2026-03-09 01:31:07,B
1562,feature_use,2026-03-13 01:31:07,B
1563,signup,2026-04-03 07:02:58,A
1563,activation,2026-04-03 17:02:58,A
1564,signup,2026-03-10 22:38:59,B
1565,signup,2026-05-07 09:45:16,A
1565,activation,2026-05-08 17:45:16,A
1565,feature_use,2026-05-09 17:45:16,A
1565,purchase,2026-05-13 17:45:16,A
1566,signup,2026-04-08 02:23:39,B
1566,activation,2026-04-09 17:23:39,B
1567,signup,2026-04-01 23:07:28,A
1567,activation,2026-04-03 03:07:28,A
1568,signup,2026-03-11 16:34:51,A
1569,signup,2026-05-02 12:20:02,A
1569,activation,2026-05-03 16:20:02,A
1569,feature_use,2026-05-06 16:20:02,A
1570,signup,2026-03-03 16:29:28,B
1570,activation,2026-03-04 18:29:28,B
1570,feature_use,2026-03-10 18:29:28,B
1571,signup,2026-04-09 21:57:46,A
1571,activation,2026-04-10 10:57:46,A
1572,signup,2026-05-16 10:28:10,A
1573,signup,2026-03-20 14:34:34,A
1573,activation,2026-03-20 17:34:34,A
1574,signup,2026-05-07 13:26:40,A
1575,signup,2026-03-10 20:56:56,B
1575,activation,2026-03-12 15:56:56,B
1576,signup,2026-05-11 19:01:08,A
1577,signup,2026-05-03 22:31:36,B
1577,activation,2026-05-05 08:31:36,B
1577,feature_use,2026-05-07 08:31:36,B
1577,purchase,2026-05-17 08:31:36,B
1578,signup,2026-04-20 06:29:57,A
1578,activation,2026-04-21 07:29:57,A
1578,feature_use,2026-04-24 07:29:57,A
1579,signup,2026-05-01 07:07:54,A
1580,signup,2026-03-02 08:46:34,A
1580,activation,2026-03-03 18:46:34,A
1580,feature_use,2026-03-04 18:46:34,A
1581,signup,2026-03-25 00:52:48,B
1581,activation,2026-03-25 05:52:48,B
1581,feature_use,2026-03-26 05:52:48,B
1582,signup,2026-05-03 02:46:47,A
1582,activation,2026-05-05 01:46:47,A
1583,signup,2026-05-14 09:17:51,B
1583,activation,2026-05-15 17:17:51,B
1584,signup,2026-03-19 19:25:59,B
1584,activation,2026-03-21 10:25:59,B
1584,feature_use,2026-03-25 10:25:59,B
1585,signup,2026-05-08 04:16:03,A
1586,signup,2026-05-15 03:28:38,B
1587,signup,2026-05-08 17:22:48,A
1587,activation,2026-05-10 16:22:48,A
1587,feature_use,2026-05-12 16:22:48,A
1588,signup,2026-03-25 13:18:09,B
1588,activation,2026-03-26 05:18:09,B
1588,feature_use,2026-03-30 05:18:09,B
1588,purchase,2026-04-05 05:18:09,B
1589,signup,2026-04-12 23:41:42,B
1589,activation,2026-04-14 13:41:42,B
1590,signup,2026-04-15 19:36:39,A
1590,activation,2026-04-16 10:36:39,A
1591,signup,2026-05-19 13:31:05,B
1591,activation,2026-05-20 22:31:05,B
1591,feature_use,2026-05-23 22:31:05,B
1592,signup,2026-05-20 08:58:15,A
1592,activation,2026-05-22 07:58:15,A
1592,feature_use,2026-05-25 07:58:15,A
1593,signup,2026-04-02 08:14:40,A
1593,activation,2026-04-04 03:14:40,A
1594,signup,2026-04-06 14:29:13,B
1594,activation,2026-04-06 16:29:13,B
1595,signup,2026-04-13 21:45:19,B
1595,activation,2026-04-14 00:45:19,B
1595,feature_use,2026-04-20 00:45:19,B
1595,purchase,2026-04-24 00:45:19,B
1596,signup,2026-04-21 05:02:09,B
1596,activation,2026-04-22 17:02:09,B
1596,feature_use,2026-04-29 17:02:09,B
1597,signup,2026-05-09 21:51:30,A
1598,signup,2026-04-18 00:57:52,A
1598,activation,2026-04-18 05:57:52,A
1598,feature_use,2026-04-24 05:57:52,A
1598,purchase,2026-05-04 05:57:52,A
1599,signup,2026-03-11 21:22:54,A
1599,activation,2026-03-12 23:22:54,A
1600,signup,2026-03-14 11:49:25,B
1601,signup,2026-04-25 04:28:36,B
1602,signup,2026-04-23 11:28:44,B
1603,signup,2026-05-09 06:53:55,A
1603,activation,2026-05-09 20:53:55,A
1603,feature_use,2026-05-16 20:53:55,A
1604,signup,2026-04-14 01:49:36,A
1605,signup,2026-04-19 20:06:49,A
1605,activation,2026-04-20 07:06:49,A
1606,signup,2026-02-23 07:56:28,A
1607,signup,2026-05-10 11:52:59,A
1608,signup,2026-02-27 07:12:15,B
1608,activation,2026-02-27 18:12:15,B
1608,feature_use,2026-03-01 18:12:15,B
1609,signup,2026-03-30 23:43:30,B
1609,activation,2026-03-31 04:43:30,B
1609,feature_use,2026-04-05 04:43:30,B
1610,signup,2026-04-22 05:59:01,A
1611,signup,2026-03-08 13:05:28,A
1611,activation,2026-03-09 23:05:28,A
1612,signup,2026-03-15 10:11:26,B
1613,signup,2026-05-11 11:11:22,B
1613,activation,2026-05-12 07:11:22,B
1613,feature_use,2026-05-18 07:11:22,B
1613,purchase,2026-05-25 07:11:22,B
1614,signup,2026-05-19 18:06:57,B
1615,signup,2026-04-21 18:56:39,A
1615,activation,2026-04-22 00:56:39,A
1615,feature_use,2026-04-27 00:56:39,A
1615,purchase,2026-05-07 00:56:39,A
1616,signup,2026-03-28 07:48:09,B
1617,signup,2026-05-17 13:41:46,A
1617,activation,2026-05-17 17:41:46,A
1618,signup,2026-03-02 16:47:29,B
1618,activation,2026-03-04 04:47:29,B
1618,feature_use,2026-03-06 04:47:29,B
1619,signup,2026-02-26 20:26:56,B
1620,signup,2026-03-17 21:22:47,A
1621,signup,2026-03-28 07:43:28,B
1621,activation,2026-03-29 05:43:28,B
1622,signup,2026-02-25 23:39:50,B
1623,signup,2026-04-28 01:38:38,A
1623,activation,2026-04-29 17:38:38,A
1624,signup,2026-02-26 13:30:53,A
1624,activation,2026-02-27 23:30:53,A
1625,signup,2026-03-08 07:08:50,B
1626,signup,2026-04-27 23:55:20,A
1626,activation,2026-04-28 01:55:20,A
1627,signup,2026-04-24 11:39:49,A
1627,activation,2026-04-25 03:39:49,A
1627,feature_use,2026-04-27 03:39:49,A
1628,signup,2026-04-11 15:31:37,B
1628,activation,2026-04-13 02:31:37,B
1629,signup,2026-03-17 17:21:34,A
1630,signup,2026-03-18 23:31:23,A
1630,activation,2026-03-19 19:31:23,A
1630,feature_use,2026-03-22 19:31:23,A
1631,signup,2026-05-11 15:51:27,B
1631,activation,2026-05-13 08:51:27,B
1632,signup,2026-02-27 17:59:39,A
1633,signup,2026-05-15 09:19:03,B
1634,signup,2026-05-06 02:08:25,A
1635,signup,2026-05-08 11:20:36,A
1636,signup,2026-02-26 09:41:57,A
1637,signup,2026-04-13 08:46:30,B
1638,signup,2026-03-06 17:35:56,A
1638,activation,2026-03-07 02:35:56,A
1638,feature_use,2026-03-14 02:35:56,A
1639,signup,2026-03-25 01:24:41,B
1640,signup,2026-04-13 16:04:20,A
1640,activation,2026-04-14 03:04:20,A
1640,feature_use,2026-04-21 03:04:20,A
1641,signup,2026-05-14 00:20:53,A
1642,signup,2026-03-27 02:26:27,A
1643,signup,2026-03-12 08:36:24,A
1643,activation,2026-03-13 02:36:24,A
1644,signup,2026-03-01 04:22:33,A
1645,signup,2026-03-20 11:49:09,A
1646,signup,2026-04-05 22:14:55,A
1647,signup,2026-03-13 05:25:50,B
1648,signup,2026-05-14 20:55:28,B
1649,signup,2026-05-05 18:26:50,B
1650,signup,2026-02-26 17:00:59,B
1651,signup,2026-04-26 21:22:37,B
1651,activation,2026-04-28 21:22:37,B
1651,feature_use,2026-05-02 21:22:37,B
1652,signup,2026-02-22 23:59:17,B
1653,signup,2026-04-29 20:24:32,A
1653,activation,2026-04-30 15:24:32,A
1653,feature_use,2026-05-05 15:24:32,A
1654,signup,2026-03-11 16:45:09,A
1654,activation,2026-03-12 21:45:09,A
1655,signup,2026-05-19 03:15:58,B
1655,activation,2026-05-20 04:15:58,B
1656,signup,2026-04-01 15:54:09,A
1656,activation,2026-04-03 13:54:09,A
1656,feature_use,2026-04-10 13:54:09,A
1657,signup,2026-04-13 11:21:18,B
1657,activation,2026-04-13 22:21:18,B
1657,feature_use,2026-04-20 22:21:18,B
1657,purchase,2026-04-24 22:21:18,B
1658,signup,2026-03-15 16:19:23,A
1658,activation,2026-03-16 20:19:23,A
1658,feature_use,2026-03-17 20:19:23,A
1659,signup,2026-03-18 05:15:10,B
1660,signup,2026-04-22 14:45:31,B
1660,activation,2026-04-24 06:45:31,B
1661,signup,2026-02-28 07:25:24,A
1661,activation,2026-03-02 00:25:24,A
1662,signup,2026-05-14 08:23:02,A
1662,activation,2026-05-14 19:23:02,A
1662,feature_use,2026-05-17 19:23:02,A
1662,purchase,2026-05-18 19:23:02,A
1663,signup,2026-03-31 20:06:28,A
1663,activation,2026-04-02 05:06:28,A
1664,signup,2026-02-23 11:57:31,A
1664,activation,2026-02-24 00:57:31,A
1664,feature_use,2026-03-01 00:57:31,A
1664,purchase,2026-03-02 00:57:31,A
1665,signup,2026-05-19 03:25:32,B
1666,signup,2026-02-24 23:37:56,B
1666,activation,2026-02-25 23:37:56,B
1667,signup,2026-04-27 19:23:04,A
1667,activation,2026-04-28 01:23:04,A
1667,feature_use,2026-05-01 01:23:04,A
1668,signup,2026-04-23 11:36:27,B
1668,activation,2026-04-25 07:36:27,B
1669,signup,2026-05-16 17:38:53,A
1669,activation,2026-05-17 15:38:53,A
1670,signup,2026-03-18 09:30:43,B
1670,activation,2026-03-19 10:30:43,B
1670,feature_use,2026-03-23 10:30:43,B
1671,signup,2026-04-25 16:28:05,A
1672,signup,2026-04-23 14:38:38,B
1673,signup,2026-03-16 22:50:45,B
1674,signup,2026-03-17 13:38:29,B
1675,signup,2026-04-23 16:15:02,A
1675,activation,2026-04-24 09:15:02,A
1675,feature_use,2026-04-26 09:15:02,A
1676,signup,2026-04-13 16:12:53,B
1676,activation,2026-04-14 13:12:53,B
1677,signup,2026-04-15 11:25:30,B
1677,activation,2026-04-16 14:25:30,B
1678,signup,2026-02-25 21:38:19,A
1679,signup,2026-03-08 23:26:43,B
1679,activation,2026-03-09 17:26:43,B
1679,feature_use,2026-03-15 17:26:43,B
1680,signup,2026-03-14 20:19:25,A
1680,activation,2026-03-15 18:19:25,A
1680,feature_use,2026-03-22 18:19:25,A
1681,signup,2026-05-20 00:38:17,A
1681,activation,2026-05-21 04:38:17,A
1681,feature_use,2026-05-23 04:38:17,A
1682,signup,2026-03-08 23:13:19,A
1682,activation,2026-03-10 04:13:19,A
1683,signup,2026-03-18 13:03:34,B
1683,activation,2026-03-18 14:03:34,B
1683,feature_use,2026-03-19 14:03:34,B
1684,signup,2026-03-20 17:37:15,A
1684,activation,2026-03-21 21:37:15,A
1684,feature_use,2026-03-26 21:37:15,A
1684,purchase,2026-03-30 21:37:15,A
1685,signup,2026-04-12 13:36:04,B
1686,signup,2026-03-19 23:50:18,B
1686,activation,2026-03-21 08:50:18,B
1686,feature_use,2026-03-24 08:50:18,B
1687,signup,2026-04-17 00:37:17,A
1688,signup,2026-03-13 04:53:21,B
1688,activation,2026-03-13 20:53:21,B
1688,feature_use,2026-03-15 20:53:21,B
1689,signup,2026-03-17 15:06:57,B
1689,activation,2026-03-18 05:06:57,B
1690,signup,2026-05-17 11:20:29,B
1691,signup,2026-03-29 04:21:21,B
1691,activation,2026-03-30 08:21:21,B
1691,feature_use,2026-04-01 08:21:21,B
1692,signup,2026-04-02 05:54:01,B
1693,signup,2026-05-12 03:26:48,A
1693,activation,2026-05-12 04:26:48,A
1694,signup,2026-04-02 15:19:59,A
1694,activation,2026-04-03 03:19:59,A
1694,feature_use,2026-04-05 03:19:59,A
1695,signup,2026-03-24 21:59:21,A
1696,signup,2026-03-19 01:10:26,A
1696,activation,2026-03-19 10:10:26,A
1696,feature_use,2026-03-20 10:10:26,A
1697,signup,2026-03-12 18:15:55,A
1698,signup,2026-03-12 10:28:38,A
1699,signup,2026-05-12 13:25:50,B
1699,activation,2026-05-13 20:25:50,B
1699,feature_use,2026-05-20 20:25:50,B
1700,signup,2026-03-12 05:20:58,B
1700,activation,2026-03-13 18:20:58,B
1701,signup,2026-04-13 07:27:20,B
1701,activation,2026-04-15 00:27:20,B
1702,signup,2026-03-28 10:24:41,B
1702,activation,2026-03-29 02:24:41,B
1702,feature_use,2026-04-01 02:24:41,B
1703,signup,2026-02-24 21:39:24,A
1704,signup,2026-02-24 17:30:21,A
1704,activation,2026-02-25 06:30:21,A
1705,signup,2026-04-03 09:42:00,B
1705,activation,2026-04-05 02:42:00,B
1706,signup,2026-02-20 23:42:16,B
1707,signup,2026-04-05 10:15:32,B
1708,signup,2026-04-13 20:59:42,B
1708,activation,2026-04-14 15:59:42,B
1709,signup,2026-05-20 12:55:17,A
1709,activation,2026-05-21 02:55:17,A
1710,signup,2026-03-25 09:23:56,B
1711,signup,2026-05-19 07:02:13,B
1711,activation,2026-05-19 11:02:13,B
1711,feature_use,2026-05-23 11:02:13,B
1712,signup,2026-03-31 11:00:55,A
1712,activation,2026-04-01 16:00:55,A
1712,feature_use,2026-04-03 16:00:55,A
1713,signup,2026-03-25 13:29:58,B
1714,signup,2026-05-12 12:05:00,B
1714,activation,2026-05-13 14:05:00,B
1715,signup,2026-03-19 14:37:14,A
1715,activation,2026-03-19 19:37:14,A
1716,signup,2026-03-01 15:07:18,B
1717,signup,2026-04-15 00:23:11,B
1718,signup,2026-03-13 03:04:08,B
1719,signup,2026-04-26 04:02:36,A
1719,activation,2026-04-26 13:02:36,A
1720,signup,2026-03-20 14:48:57,A
1720,activation,2026-03-21 07:48:57,A
1721,signup,2026-04-17 00:19:28,A
1721,activation,2026-04-17 16:19:28,A
1722,signup,2026-04-14 20:26:38,B
1722,activation,2026-04-16 17:26:38,B
1723,signup,2026-04-20 16:03:38,B
1723,activation,2026-04-21 20:03:38,B
1723,feature_use,2026-04-23 20:03:38,B
1724,signup,2026-03-31 01:31:41,B
1724,activation,2026-04-01 08:31:41,B
1725,signup,2026-03-06 11:42:34,B
1725,activation,2026-03-07 09:42:34,B
1726,signup,2026-04-03 18:09:00,B
1726,activation,2026-04-04 19:09:00,B
1727,signup,2026-04-24 11:23:55,B
1728,signup,2026-04-28 04:04:30,A
1729,signup,2026-04-30 16:35:35,A
1729,activation,2026-05-01 20:35:35,A
1730,signup,2026-03-21 12:04:41,A
1730,activation,2026-03-23 09:04:41,A
1731,signup,2026-02-26 05:44:51,A
1732,signup,2026-05-13 14:01:20,B
1732,activation,2026-05-15 12:01:20,B
1732,feature_use,2026-05-18 12:01:20,B
1732,purchase,2026-05-26 12:01:20,B
1733,signup,2026-04-19 07:25:22,B
1733,activation,2026-04-19 20:25:22,B
1734,signup,2026-02-25 12:16:05,A
1735,signup,2026-04-12 18:34:58,B
1735,activation,2026-04-14 03:34:58,B
1736,signup,2026-04-04 07:21:06,A
1736,activation,2026-04-04 10:21:06,A
1737,signup,2026-03-17 07:45:44,A
1738,signup,2026-03-25 23:59:24,A
1739,signup,2026-03-24 20:34:47,B
1740,signup,2026-04-29 08:24:34,A
1741,signup,2026-04-27 02:01:37,A
1741,activation,2026-04-28 06:01:37,A
1741,feature_use,2026-05-04 06:01:37,A
1742,signup,2026-02-23 11:33:53,B
1742,activation,2026-02-24 21:33:53,B
1743,signup,2026-05-20 14:34:41,B
1743,activation,2026-05-20 15:34:41,B
1743,feature_use,2026-05-26 15:34:41,B
1744,signup,2026-03-10 12:46:45,A
1744,activation,2026-03-11 23:46:45,A
1745,signup,2026-02-23 13:52:23,A
1746,signup,2026-05-20 06:05:11,A
1746,activation,2026-05-21 01:05:11,A
1746,feature_use,2026-05-27 01:05:11,A
1747,signup,2026-02-20 13:02:20,A
1747,activation,2026-02-22 12:02:20,A
1748,signup,2026-04-01 08:54:13,A
1749,signup,2026-05-07 13:32:27,B
1750,signup,2026-05-01 23:00:36,B
1751,signup,2026-04-18 07:20:19,A
1751,activation,2026-04-19 02:20:19,A
1751,feature_use,2026-04-23 02:20:19,A
1751,purchase,2026-04-26 02:20:19,A
1752,signup,2026-02-20 18:36:21,B
1752,activation,2026-02-22 13:36:21,B
1752,feature_use,2026-02-23 13:36:21,B
1752,purchase,2026-03-03 13:36:21,B
1753,signup,2026-03-27 11:15:15,B
1753,activation,2026-03-28 14:15:15,B
1753,feature_use,2026-03-30 14:15:15,B
1753,purchase,2026-04-04 14:15:15,B
1754,signup,2026-04-25 03:02:56,B
1755,signup,2026-03-08 20:25:52,B
1755,activation,2026-03-10 10:25:52,B
1756,signup,2026-03-18 19:07:22,A
1756,activation,2026-03-18 23:07:22,A
1757,signup,2026-04-07 07:32:25,A
1757,activation,2026-04-08 10:32:25,A
1758,signup,2026-03-25 07:49:43,B
1758,activation,2026-03-26 04:49:43,B
1758,feature_use,2026-03-27 04:49:43,B
1758,purchase,2026-03-29 04:49:43,B
1759,signup,2026-04-11 14:17:20,A
1759,activation,2026-04-13 00:17:20,A
1759,feature_use,2026-04-15 00:17:20,A
1760,signup,2026-04-14 04:02:10,B
1761,signup,2026-02-25 01:10:45,A
1761,activation,2026-02-26 14:10:45,A
1762,signup,2026-03-02 09:26:47,A
1762,activation,2026-03-02 23:26:47,A
1762,feature_use,2026-03-09 23:26:47,A
1763,signup,2026-04-20 12:12:08,A
1763,activation,2026-04-21 03:12:08,A
1764,signup,2026-05-10 11:07:47,A
1764,activation,2026-05-11 09:07:47,A
1765,signup,2026-02-20 10:38:15,B
1765,activation,2026-02-21 12:38:15,B
1766,signup,2026-03-14 16:17:15,B
1766,activation,2026-03-15 02:17:15,B
1766,feature_use,2026-03-21 02:17:15,B
1766,purchase,2026-03-28 02:17:15,B
1767,signup,2026-05-11 20:33:46,A
1768,signup,2026-04-17 01:31:58,B
1768,activation,2026-04-17 21:31:58,B
1769,signup,2026-05-13 04:37:21,A
1770,signup,2026-03-27 11:42:26,B
1771,signup,2026-05-15 23:18:37,A
1771,activation,2026-05-16 11:18:37,A
1772,signup,2026-04-06 01:07:55,A
1772,activation,2026-04-07 16:07:55,A
1772,feature_use,2026-04-14 16:07:55,A
1773,signup,2026-03-07 20:22:48,B
1773,activation,2026-03-09 00:22:48,B
1774,signup,2026-02-28 13:20:03,B
1775,signup,2026-05-04 04:29:54,B
1775,activation,2026-05-04 07:29:54,B
1776,signup,2026-04-03 04:35:25,B
1776,activation,2026-04-04 19:35:25,B
1776,feature_use,2026-04-09 19:35:25,B
1776,purchase,2026-04-11 19:35:25,B
1777,signup,2026-03-14 20:44:21,A
1777,activation,2026-03-15 09:44:21,A
1777,feature_use,2026-03-16 09:44:21,A
1778,signup,2026-04-06 11:34:13,A
1779,signup,2026-03-01 08:18:58,B
1779,activation,2026-03-02 04:18:58,B
1780,signup,2026-05-15 17:27:41,B
1780,activation,2026-05-16 08:27:41,B
1780,feature_use,2026-05-21 08:27:41,B
1781,signup,2026-04-14 19:07:23,B
1782,signup,2026-02-21 01:30:31,B
1782,activation,2026-02-22 05:30:31,B
1783,signup,2026-03-01 08:47:00,A
1783,activation,2026-03-02 23:47:00,A
1783,feature_use,2026-03-08 23:47:00,A
1784,signup,2026-04-15 19:12:08,B
1784,activation,2026-04-16 09:12:08,B
1785,signup,2026-02-21 11:11:51,A
1785,activation,2026-02-22 09:11:51,A
1785,feature_use,2026-02-27 09:11:51,A
1786,signup,2026-02-21 08:54:15,A
1787,signup,2026-05-19 12:48:04,A
1787,activation,2026-05-20 06:48:04,A
1787,feature_use,2026-05-22 06:48:04,A
1787,purchase,2026-05-25 06:48:04,A
1788,signup,2026-04-06 15:21:06,A
1789,signup,2026-03-26 17:49:04,B
1789,activation,2026-03-27 19:49:04,B
1790,signup,2026-05-15 08:45:17,A
1791,signup,2026-02-24 23:25:47,B
1791,activation,2026-02-25 00:25:47,B
1792,signup,2026-04-23 20:36:16,A
1793,signup,2026-03-26 12:40:14,B
1793,activation,2026-03-26 22:40:14,B
1793,feature_use,2026-04-01 22:40:14,B
1794,signup,2026-04-06 03:40:34,B
1794,activation,2026-04-06 05:40:34,B
1794,feature_use,2026-04-12 05:40:34,B
1794,purchase,2026-04-17 05:40:34,B
1795,signup,2026-02-21 22:59:39,B
1796,signup,2026-05-11 15:52:37,A
1797,signup,2026-05-01 15:38:14,A
1797,activation,2026-05-03 11:38:14,A
1798,signup,2026-03-11 19:50:04,A
1798,activation,2026-03-13 05:50:04,A
1799,signup,2026-04-19 16:26:00,B
1799,activation,2026-04-21 10:26:00,B
1799,feature_use,2026-04-25 10:26:00,B
1800,signup,2026-03-15 04:05:30,B
1800,activation,2026-03-15 05:05:30,B
1801,signup,2026-04-06 19:25:35,B
1801,activation,2026-04-08 06:25:35,B
1802,signup,2026-02-26 13:05:54,A
1802,activation,2026-02-26 17:05:54,A
1803,signup,2026-04-27 17:05:39,A
1803,activation,2026-04-29 09:05:39,A
1803,feature_use,2026-04-30 09:05:39,A
1804,signup,2026-03-12 19:55:35,B
1804,activation,2026-03-14 09:55:35,B
1805,signup,2026-04-10 19:44:51,A
1806,signup,2026-05-13 19:57:58,A
1807,signup,2026-05-17 20:49:24,A
1807,activation,2026-05-19 05:49:24,A
1807,feature_use,2026-05-20 05:49:24,A
1807,purchase,2026-05-26 05:49:24,A
1808,signup,2026-05-03 11:06:02,A
1808,activation,2026-05-05 02:06:02,A
1809,signup,2026-04-05 17:57:36,B
1809,activation,2026-04-07 00:57:36,B
1810,signup,2026-03-18 08:54:29,A
1810,activation,2026-03-20 03:54:29,A
1811,signup,2026-03-29 00:54:06,A
1812,signup,2026-03-13 18:21:30,A
1812,activation,2026-03-15 04:21:30,A
1813,signup,2026-04-15 17:20:59,B
1813,activation,2026-04-16 04:20:59,B
1814,signup,2026-03-26 20:08:45,A
1815,signup,2026-04-15 08:46:20,B
1816,signup,2026-04-29 21:59:35,A
1817,signup,2026-04-15 02:18:35,A
1817,activation,2026-04-16 17:18:35,A
1818,signup,2026-04-14 16:59:50,B
1819,signup,2026-03-12 09:16:42,A
1820,signup,2026-05-19 07:57:24,A
1820,activation,2026-05-20 02:57:24,A
1820,feature_use,2026-05-22 02:57:24,A
1821,signup,2026-03-19 16:46:40,A
1821,activation,2026-03-20 21:46:40,A
1822,signup,2026-03-17 13:18:35,A
1822,activation,2026-03-19 13:18:35,A
1822,feature_use,2026-03-26 13:18:35,A
1823,signup,2026-03-15 15:32:05,A
1823,activation,2026-03-15 18:32:05,A
1823,feature_use,2026-03-18 18:32:05,A
1824,signup,2026-03-21 06:27:25,A
1824,activation,2026-03-21 22:27:25,A
1825,signup,2026-04-18 06:15:05,B
1825,activation,2026-04-19 17:15:05,B
1826,signup,2026-03-27 01:19:11,A
1826,activation,2026-03-27 02:19:11,A
1826,feature_use,2026-04-02 02:19:11,A
1827,signup,2026-04-13 19:19:13,B
1827,activation,2026-04-15 07:19:13,B
1828,signup,2026-03-04 16:50:49,A
1828,activation,2026-03-05 13:50:49,A
1828,feature_use,2026-03-10 13:50:49,A
1829,signup,2026-02-23 15:57:20,A
1829,activation,2026-02-23 18:57:20,A
1830,signup,2026-05-14 00:46:55,A
1831,signup,2026-03-17 09:45:18,A
1831,activation,2026-03-17 10:45:18,A
1831,feature_use,2026-03-23 10:45:18,A
1832,signup,2026-03-11 00:01:10,A
1833,signup,2026-03-21 19:58:57,B
1833,activation,2026-03-21 21:58:57,B
1833,feature_use,2026-03-27 21:58:57,B
1833,purchase,2026-04-03 21:58:57,B
1834,signup,2026-03-15 12:31:59,B
1834,activation,2026-03-16 17:31:59,B
1835,signup,2026-05-09 18:42:27,B
1836,signup,2026-02-24 16:19:43,B
1836,activation,2026-02-26 08:19:43,B
1836,feature_use,2026-03-05 08:19:43,B
1837,signup,2026-04-04 06:32:34,B
1838,signup,2026-05-10 22:04:05,B
1838,activation,2026-05-12 05:04:05,B
1839,signup,2026-05-18 11:19:46,A
1839,activation,2026-05-20 04:19:46,A
1839,feature_use,2026-05-22 04:19:46,A
1839,purchase,2026-05-27 04:19:46,A
1840,signup,2026-03-26 10:06:42,A
1841,signup,2026-02-26 21:45:48,A
1841,activation,2026-02-28 03:45:48,A
1842,signup,2026-03-25 01:07:28,B
1842,activation,2026-03-27 01:07:28,B
1843,signup,2026-04-12 06:01:58,B
1843,activation,2026-04-12 09:01:58,B
1843,feature_use,2026-04-17 09:01:58,B
1844,signup,2026-04-05 03:21:04,A
1844,activation,2026-04-05 13:21:04,A
1844,feature_use,2026-04-06 13:21:04,A
1845,signup,2026-04-07 12:19:46,B
1845,activation,2026-04-08 05:19:46,B
1846,signup,2026-05-06 02:28:22,A
1846,activation,2026-05-07 13:28:22,A
1846,feature_use,2026-05-12 13:28:22,A
1847,signup,2026-03-24 16:15:59,B
1848,signup,2026-04-04 08:36:54,A
1849,signup,2026-04-18 09:49:43,A
1850,signup,2026-03-31 03:09:28,A
1851,signup,2026-03-12 21:05:10,A
1852,signup,2026-03-02 23:10:57,A
1852,activation,2026-03-03 06:10:57,A
1852,feature_use,2026-03-08 06:10:57,A
1852,purchase,2026-03-10 06:10:57,A
1853,signup,2026-03-03 05:27:12,A
1853,activation,2026-03-04 03:27:12,A
1853,feature_use,2026-03-09 03:27:12,A
1853,purchase,2026-03-18 03:27:12,A
1854,signup,2026-05-18 10:12:57,A
1854,activation,2026-05-19 11:12:57,A
1854,feature_use,2026-05-24 11:12:57,A
1855,signup,2026-04-02 00:46:42,A
1855,activation,2026-04-03 10:46:42,A
1856,signup,2026-04-04 01:32:30,B
1856,activation,2026-04-04 09:32:30,B
1857,signup,2026-04-26 12:32:30,B
1857,activation,2026-04-26 19:32:30,B
1857,feature_use,2026-04-29 19:32:30,B
1857,purchase,2026-05-01 19:32:30,B
1858,signup,2026-02-26 03:38:05,B
1858,activation,2026-02-26 19:38:05,B
1858,feature_use,2026-02-28 19:38:05,B
1859,signup,2026-05-04 14:44:36,B
1859,activation,2026-05-05 04:44:36,B
1859,feature_use,2026-05-09 04:44:36,B
1859,purchase,2026-05-13 04:44:36,B
1860,signup,2026-03-13 06:58:54,B
1861,signup,2026-04-07 06:46:08,A
1861,activation,2026-04-07 22:46:08,A
1862,signup,2026-03-23 06:02:08,B
1862,activation,2026-03-25 02:02:08,B
1863,signup,2026-03-10 02:23:51,A
1864,signup,2026-04-15 06:36:39,A
1864,activation,2026-04-16 07:36:39,A
1864,feature_use,2026-04-19 07:36:39,A
1865,signup,2026-05-15 09:16:34,B
1865,activation,2026-05-17 07:16:34,B
1865,feature_use,2026-05-24 07:16:34,B
1866,signup,2026-05-09 01:17:58,A
1866,activation,2026-05-10 22:17:58,A
1867,signup,2026-04-01 10:17:38,A
1867,activation,2026-04-03 08:17:38,A
1867,feature_use,2026-04-05 08:17:38,A
1868,signup,2026-03-05 17:06:31,B
1869,signup,2026-03-26 07:08:57,B
1869,activation,2026-03-26 20:08:57,B
1869,feature_use,2026-03-31 20:08:57,B
1870,signup,2026-02-23 07:35:29,A
1870,activation,2026-02-24 19:35:29,A
1871,signup,2026-05-13 19:18:52,B
1872,signup,2026-05-09 12:05:06,A
1872,activation,2026-05-10 16:05:06,A
1872,feature_use,2026-05-17 16:05:06,A
1873,signup,2026-04-09 08:32:11,B
1873,activation,2026-04-10 06:32:11,B
1873,feature_use,2026-04-14 06:32:11,B
1873,purchase,2026-04-21 06:32:11,B
1874,signup,2026-05-11 16:26:08,B
1874,activation,2026-05-13 13:26:08,B
1875,signup,2026-04-15 13:32:57,B
1875,activation,2026-04-15 14:32:57,B
1876,signup,2026-03-21 18:41:15,B
1877,signup,2026-04-22 01:16:55,A
1877,activation,2026-04-23 21:16:55,A
1877,feature_use,2026-04-30 21:16:55,A
1878,signup,2026-03-03 03:13:00,B
1879,signup,2026-03-09 04:20:22,A
1880,signup,2026-03-21 00:51:10,A
1880,activation,2026-03-21 06:51:10,A
1880,feature_use,2026-03-24 06:51:10,A
1880,purchase,2026-03-26 06:51:10,A
1881,signup,2026-03-15 04:01:13,A
1881,activation,2026-03-15 19:01:13,A
1881,feature_use,2026-03-22 19:01:13,A
1882,signup,2026-04-03 00:34:04,B
1882,activation,2026-04-04 20:34:04,B
1882,feature_use,2026-04-08 20:34:04,B
1883,signup,2026-05-08 01:23:02,B
1884,signup,2026-02-20 05:57:04,B
1884,activation,2026-02-20 19:57:04,B
1884,feature_use,2026-02-21 19:57:04,B
1884,purchase,2026-02-28 19:57:04,B
1885,signup,2026-02-28 05:46:27,A
1885,activation,2026-03-02 02:46:27,A
1886,signup,2026-05-05 13:23:27,B
1886,activation,2026-05-06 20:23:27,B
1886,feature_use,2026-05-09 20:23:27,B
1886,purchase,2026-05-18 20:23:27,B
1887,signup,2026-02-28 06:10:36,A
1888,signup,2026-05-13 06:03:47,A
1888,activation,2026-05-14 18:03:47,A
1888,feature_use,2026-05-16 18:03:47,A
1889,signup,2026-04-06 02:56:56,A
1889,activation,2026-04-06 11:56:56,A
1890,signup,2026-04-29 15:12:59,B
1890,activation,2026-05-01 14:12:59,B
1891,signup,2026-04-28 18:50:31,B
1892,signup,2026-04-12 22:38:02,B
1892,activation,2026-04-14 16:38:02,B
1892,feature_use,2026-04-21 16:38:02,B
1892,purchase,2026-04-23 16:38:02,B
1893,signup,2026-04-25 22:18:34,B
1893,activation,2026-04-26 05:18:34,B
1894,signup,2026-04-11 20:35:24,B
1894,activation,2026-04-12 21:35:24,B
1895,signup,2026-03-08 09:17:20,B
1895,activation,2026-03-08 17:17:20,B
1895,feature_use,2026-03-15 17:17:20,B
1896,signup,2026-03-04 07:17:18,B
1897,signup,2026-04-23 15:46:54,A
1898,signup,2026-05-08 02:41:47,A
1898,activation,2026-05-09 23:41:47,A
1898,feature_use,2026-05-10 23:41:47,A
1899,signup,2026-03-17 08:19:31,A
1899,activation,2026-03-18 01:19:31,A
1900,signup,2026-02-26 23:01:53,A
1901,signup,2026-04-29 19:28:44,A
1901,activation,2026-05-01 18:28:44,A
1902,signup,2026-03-18 03:43:22,B
1902,activation,2026-03-20 01:43:22,B
1902,feature_use,2026-03-27 01:43:22,B
1903,signup,2026-04-06 14:30:06,B
1903,activation,2026-04-07 19:30:06,B
1904,signup,2026-04-07 17:09:34,A
1904,activation,2026-04-08 11:09:34,A
1905,signup,2026-03-08 22:40:50,B
1906,signup,2026-04-15 19:30:27,A
1907,signup,2026-03-04 01:25:13,A
1908,signup,2026-04-25 06:31:35,A
1909,signup,2026-05-10 03:44:30,A
1909,activation,2026-05-11 13:44:30,A
1910,signup,2026-04-08 03:09:28,A
1910,activation,2026-04-09 15:09:28,A
1911,signup,2026-02-20 06:13:07,B
1911,activation,2026-02-21 10:13:07,B
1911,feature_use,2026-02-28 10:13:07,B
1912,signup,2026-03-20 14:20:28,A
1912,activation,2026-03-21 07:20:28,A
1912,feature_use,2026-03-27 07:20:28,A
1913,signup,2026-04-11 11:03:10,B
1914,signup,2026-03-29 00:27:04,A
1915,signup,2026-04-08 00:21:55,B
1915,activation,2026-04-09 19:21:55,B
1916,signup,2026-04-06 05:07:05,A
1917,signup,2026-04-19 08:27:25,A
1917,activation,2026-04-19 10:27:25,A
1918,signup,2026-03-22 01:17:11,A
1918,activation,2026-03-23 21:17:11,A
1918,feature_use,2026-03-30 21:17:11,A
1918,purchase,2026-04-01 21:17:11,A
1919,signup,2026-04-07 00:28:59,B
1919,activation,2026-04-07 09:28:59,B
1920,signup,2026-03-28 11:18:16,A
1921,signup,2026-03-19 20:24:30,B
1922,signup,2026-03-22 14:18:33,B
1923,signup,2026-05-19 05:28:24,A
1923,activation,2026-05-19 06:28:24,A
1923,feature_use,2026-05-25 06:28:24,A
1923,purchase,2026-05-31 06:28:24,A
1924,signup,2026-05-13 21:11:45,B
1925,signup,2026-04-20 09:25:12,B
1926,signup,2026-04-21 19:07:29,A
1927,signup,2026-04-18 13:47:18,A
1927,activation,2026-04-19 22:47:18,A
1928,signup,2026-03-10 06:07:43,A
1928,activation,2026-03-10 10:07:43,A
1929,signup,2026-03-06 21:12:39,A
1929,activation,2026-03-06 23:12:39,A
1930,signup,2026-05-19 09:28:22,B
1930,activation,2026-05-20 19:28:22,B
1930,feature_use,2026-05-22 19:28:22,B
1930,purchase,2026-05-29 19:28:22,B
1931,signup,2026-04-04 20:57:56,B
1931,activation,2026-04-05 06:57:56,B
1931,feature_use,2026-04-11 06:57:56,B
1932,signup,2026-04-06 15:23:56,A
1932,activation,2026-04-07 11:23:56,A
1932,feature_use,2026-04-10 11:23:56,A
1932,purchase,2026-04-20 11:23:56,A
1933,signup,2026-03-22 05:37:18,B
1934,signup,2026-04-29 13:53:15,B
1934,activation,2026-04-30 05:53:15,B
1934,feature_use,2026-05-06 05:53:15,B
1934,purchase,2026-05-08 05:53:15,B
1935,signup,2026-03-05 18:57:42,A
1936,signup,2026-04-24 10:10:12,A
1937,signup,2026-04-27 18:51:55,A
1938,signup,2026-03-17 02:10:27,B
1938,activation,2026-03-17 23:10:27,B
1938,feature_use,2026-03-24 23:10:27,B
1939,signup,2026-03-21 09:35:09,A
1939,activation,2026-03-22 11:35:09,A
1939,feature_use,2026-03-25 11:35:09,A
1940,signup,2026-02-22 00:24:33,A
1940,activation,2026-02-23 09:24:33,A
1941,signup,2026-03-26 11:42:03,A
1942,signup,2026-05-06 05:26:27,A
1942,activation,2026-05-06 13:26:27,A
1943,signup,2026-03-17 05:42:57,A
1943,activation,2026-03-17 18:42:57,A
1944,signup,2026-05-03 03:34:29,A
1944,activation,2026-05-03 15:34:29,A
1945,signup,2026-03-28 07:32:46,B
1945,activation,2026-03-29 11:32:46,B
1945,feature_use,2026-04-02 11:32:46,B
1946,signup,2026-05-16 23:28:04,A
1947,signup,2026-04-18 18:45:54,B
1948,signup,2026-03-02 09:54:21,B
1948,activation,2026-03-03 12:54:21,B
1948,feature_use,2026-03-06 12:54:21,B
1948,purchase,2026-03-16 12:54:21,B
1949,signup,2026-02-27 11:03:08,A
1949,activation,2026-02-28 22:03:08,A
1950,signup,2026-03-22 12:17:34,A
1950,activation,2026-03-23 13:17:34,A
1950,feature_use,2026-03-29 13:17:34,A
1951,signup,2026-04-16 19:03:58,B
1951,activation,2026-04-16 21:03:58,B
1951,feature_use,2026-04-18 21:03:58,B
1951,purchase,2026-04-19 21:03:58,B
1952,signup,2026-04-19 20:40:32,B
1952,activation,2026-04-20 22:40:32,B
1953,signup,2026-03-06 12:07:56,A
1953,activation,2026-03-07 17:07:56,A
1953,feature_use,2026-03-08 17:07:56,A
1953,purchase,2026-03-11 17:07:56,A
1954,signup,2026-02-25 21:32:17,B
1954,activation,2026-02-26 01:32:17,B
1955,signup,2026-05-07 17:50:51,B
1956,signup,2026-03-29 23:39:38,A
1956,activation,2026-03-31 18:39:38,A
1956,feature_use,2026-04-04 18:39:38,A
1957,signup,2026-04-15 01:56:44,B
1957,activation,2026-04-16 17:56:44,B
1957,feature_use,2026-04-19 17:56:44,B
1958,signup,2026-03-11 15:24:40,B
1958,activation,2026-03-13 03:24:40,B
1958,feature_use,2026-03-18 03:24:40,B
1959,signup,2026-05-09 20:13:04,B
1960,signup,2026-04-14 15:46:03,B
1960,activation,2026-04-15 02:46:03,B
1960,feature_use,2026-04-21 02:46:03,B
1961,signup,2026-04-28 22:51:27,B
1961,activation,2026-04-30 12:51:27,B
1962,signup,2026-03-20 07:21:27,A
1962,activation,2026-03-21 08:21:27,A
1963,signup,2026-03-06 01:42:52,A
1964,signup,2026-04-25 21:50:02,A
1964,activation,2026-04-26 23:50:02,A
1965,signup,2026-03-10 11:24:48,B
1966,signup,2026-02-22 00:21:12,B
1966,activation,2026-02-22 03:21:12,B
1967,signup,2026-04-16 02:12:49,A
1967,activation,2026-04-16 12:12:49,A
1967,feature_use,2026-04-21 12:12:49,A
1968,signup,2026-03-10 03:25:18,B
1968,activation,2026-03-10 13:25:18,B
1969,signup,2026-04-14 00:51:34,B
1969,activation,2026-04-15 15:51:34,B
1970,signup,2026-05-16 09:47:41,A
1970,activation,2026-05-18 05:47:41,A
1971,signup,2026-04-29 09:21:36,A
1971,activation,2026-04-29 18:21:36,A
1971,feature_use,2026-05-01 18:21:36,A
1972,signup,2026-04-27 05:34:17,B
1972,activation,2026-04-28 06:34:17,B
1972,feature_use,2026-04-30 06:34:17,B
1973,signup,2026-02-23 07:32:20,A
1973,activation,2026-02-24 00:32:20,A
1973,feature_use,2026-03-02 00:32:20,A
1974,signup,2026-03-14 00:41:23,A
1975,signup,2026-02-25 14:51:43,B
1975,activation,2026-02-26 04:51:43,B
1975,feature_use,2026-03-04 04:51:43,B
1976,signup,2026-04-13 12:41:57,B
1976,activation,2026-04-13 23:41:57,B
1976,feature_use,2026-04-18 23:41:57,B
1977,signup,2026-03-12 04:59:07,B
1977,activation,2026-03-13 12:59:07,B
1978,signup,2026-03-13 23:25:44,B
1979,signup,2026-02-20 14:37:00,B
1980,signup,2026-05-04 23:21:55,A
1980,activation,2026-05-06 15:21:55,A
1981,signup,2026-04-14 00:48:33,B
1981,activation,2026-04-15 16:48:33,B
1982,signup,2026-04-23 21:49:28,A
1982,activation,2026-04-25 06:49:28,A
1983,signup,2026-04-14 12:53:03,B
1984,signup,2026-04-08 13:14:46,B
1984,activation,2026-04-10 10:14:46,B
1985,signup,2026-05-01 17:30:43,B
1985,activation,2026-05-02 08:30:43,B
1986,signup,2026-03-26 07:12:44,A
1986,activation,2026-03-27 10:12:44,A
1986,feature_use,2026-03-30 10:12:44,A
1986,purchase,2026-04-02 10:12:44,A
1987,signup,2026-05-11 20:59:31,B
1988,signup,2026-03-11 04:04:10,A
1989,signup,2026-05-03 16:20:16,A
1990,signup,2026-03-15 03:12:53,B
1990,activation,2026-03-16 15:12:53,B
1990,feature_use,2026-03-21 15:12:53,B
1991,signup,2026-04-17 00:47:37,B
1992,signup,2026-03-02 19:36:08,A
1993,signup,2026-05-04 16:11:35,B
1993,activation,2026-05-04 23:11:35,B
1993,feature_use,2026-05-08 23:11:35,B
1994,signup,2026-04-28 22:05:35,B
1994,activation,2026-04-30 11:05:35,B
1995,signup,2026-05-12 14:41:20,A
1995,activation,2026-05-12 23:41:20,A
1995,feature_use,2026-05-17 23:41:20,A
1996,signup,2026-04-29 07:48:33,A
1996,activation,2026-04-30 02:48:33,A
1997,signup,2026-04-07 15:55:16,B
1997,activation,2026-04-08 06:55:16,B
1998,signup,2026-03-08 06:42:33,B
1999,signup,2026-04-09 13:17:16,B
1999,activation,2026-04-11 09:17:16,B
2000,signup,2026-05-19 17:50:55,A
2000,activation,2026-05-21 06:50:55,A
2001,signup,2026-02-22 05:52:11,A
2001,activation,2026-02-23 23:52:11,A
2001,feature_use,2026-02-25 23:52:11,A
2002,signup,2026-05-07 19:43:06,B
2002,activation,2026-05-09 18:43:06,B
2003,signup,2026-04-28 04:05:31,A
2003,activation,2026-04-29 00:05:31,A
2003,feature_use,2026-05-06 00:05:31,A
2004,signup,2026-05-09 20:50:09,A
2004,activation,2026-05-10 02:50:09,A
2004,feature_use,2026-05-12 02:50:09,A
2004,purchase,2026-05-15 02:50:09,A
2005,signup,2026-05-03 04:36:51,A
2005,activation,2026-05-04 18:36:51,A
2005,feature_use,2026-05-07 18:36:51,A
2005,purchase,2026-05-14 18:36:51,A
2006,signup,2026-05-08 08:14:28,A
2006,activation,2026-05-09 02:14:28,A
2007,signup,2026-03-25 04:24:05,A
2007,activation,2026-03-25 12:24:05,A
2008,signup,2026-04-19 19:30:22,A
2008,activation,2026-04-21 12:30:22,A
2008,feature_use,2026-04-27 12:30:22,A
2009,signup,2026-03-14 02:58:01,A
2009,activation,2026-03-15 21:58:01,A
2009,feature_use,2026-03-18 21:58:01,A
2010,signup,2026-05-05 23:48:02,B
2010,activation,2026-05-06 18:48:02,B
2010,feature_use,2026-05-11 18:48:02,B
2010,purchase,2026-05-15 18:48:02,B
2011,signup,2026-05-17 04:38:04,B
2012,signup,2026-03-28 19:09:16,B
2013,signup,2026-03-07 17:08:54,B
2013,activation,2026-03-07 19:08:54,B
2013,feature_use,2026-03-13 19:08:54,B
2014,signup,2026-03-15 05:16:52,B
2014,activation,2026-03-16 02:16:52,B
2014,feature_use,2026-03-19 02:16:52,B
2015,signup,2026-03-10 02:57:21,B
2015,activation,2026-03-10 19:57:21,B
2016,signup,2026-05-05 01:22:19,B
2017,signup,2026-04-06 05:59:00,B
2017,activation,2026-04-06 07:59:00,B
2018,signup,2026-04-10 02:49:29,A
2019,signup,2026-04-18 05:18:16,B
2019,activation,2026-04-20 04:18:16,B
2019,feature_use,2026-04-23 04:18:16,B
2020,signup,2026-04-03 14:07:08,B
2021,signup,2026-03-14 06:24:22,B
2022,signup,2026-04-30 11:11:07,B
2023,signup,2026-04-06 02:18:46,A
2023,activation,2026-04-07 05:18:46,A
2023,feature_use,2026-04-10 05:18:46,A
2024,signup,2026-02-26 12:01:50,B
2024,activation,2026-02-27 21:01:50,B
2024,feature_use,2026-02-28 21:01:50,B
2025,signup,2026-03-10 21:34:00,A
2026,signup,2026-04-22 17:36:57,A
2026,activation,2026-04-23 06:36:57,A
2026,feature_use,2026-04-28 06:36:57,A
2027,signup,2026-02-25 17:08:58,B
2027,activation,2026-02-26 23:08:58,B
2028,signup,2026-04-27 00:18:29,B
2028,activation,2026-04-27 21:18:29,B
2028,feature_use,2026-04-30 21:18:29,B
2029,signup,2026-05-06 10:25:10,A
2030,signup,2026-05-04 11:32:53,B
2030,activation,2026-05-04 15:32:53,B
2030,feature_use,2026-05-05 15:32:53,B
2031,signup,2026-03-28 00:21:18,B
2032,signup,2026-04-25 13:44:34,B
2032,activation,2026-04-26 11:44:34,B
2033,signup,2026-03-23 03:56:57,A
2033,activation,2026-03-23 18:56:57,A
2033,feature_use,2026-03-24 18:56:57,A
2033,purchase,2026-03-25 18:56:57,A
2034,signup,2026-05-13 10:55:32,B
2034,activation,2026-05-14 12:55:32,B
2035,signup,2026-05-08 04:16:15,B
2035,activation,2026-05-10 00:16:15,B
2035,feature_use,2026-05-14 00:16:15,B
2036,signup,2026-04-26 16:28:05,B
2036,activation,2026-04-27 13:28:05,B
2037,signup,2026-03-21 16:51:28,B
2037,activation,2026-03-23 05:51:28,B
2038,signup,2026-03-10 00:53:30,A
2038,activation,2026-03-10 13:53:30,A
2039,signup,2026-02-24 01:39:15,A
2039,activation,2026-02-26 00:39:15,A
2039,feature_use,2026-03-05 00:39:15,A
2039,purchase,2026-03-12 00:39:15,A
2040,signup,2026-05-18 05:31:25,B
2040,activation,2026-05-18 09:31:25,B
2041,signup,2026-03-09 17:31:46,A
2042,signup,2026-04-10 14:29:29,A
2043,signup,2026-03-05 06:14:38,A
2043,activation,2026-03-06 07:14:38,A
2044,signup,2026-04-30 11:59:44,B
2044,activation,2026-04-30 17:59:44,B
2044,feature_use,2026-05-03 17:59:44,B
2044,purchase,2026-05-06 17:59:44,B
2045,signup,2026-04-23 05:08:17,A
2046,signup,2026-05-18 16:06:38,B
2047,signup,2026-05-19 23:36:41,B
2047,activation,2026-05-20 12:36:41,B
2047,feature_use,2026-05-27 12:36:41,B
2047,purchase,2026-06-04 12:36:41,B
2048,signup,2026-03-08 15:25:59,B
2048,activation,2026-03-09 20:25:59,B
2048,feature_use,2026-03-10 20:25:59,B
2049,signup,2026-03-12 23:18:25,A
2050,signup,2026-03-16 08:26:34,B
2051,signup,2026-02-25 09:21:50,A
2051,activation,2026-02-26 20:21:50,A
2052,signup,2026-03-11 08:45:51,B
2053,signup,2026-03-10 12:53:40,A
2053,activation,2026-03-11 03:53:40,A
2053,feature_use,2026-03-16 03:53:40,A
2054,signup,2026-03-28 07:12:10,A
2054,activation,2026-03-29 16:12:10,A
2055,signup,2026-04-07 00:04:14,B
2055,activation,2026-04-08 23:04:14,B
2055,feature_use,2026-04-11 23:04:14,B
2055,purchase,2026-04-17 23:04:14,B
2056,signup,2026-03-01 17:56:41,A
2056,activation,2026-03-01 20:56:41,A
2057,signup,2026-03-27 05:14:38,B
2057,activation,2026-03-28 22:14:38,B
2058,signup,2026-05-18 18:30:44,B
2059,signup,2026-03-30 18:22:35,A
2059,activation,2026-03-31 16:22:35,A
2060,signup,2026-05-18 20:01:49,B
2060,activation,2026-05-20 13:01:49,B
2060,feature_use,2026-05-27 13:01:49,B
2060,purchase,2026-06-05 13:01:49,B
2061,signup,2026-04-01 02:16:13,B
2061,activation,2026-04-02 05:16:13,B
2061,feature_use,2026-04-09 05:16:13,B
2062,signup,2026-02-20 17:59:35,A
2062,activation,2026-02-21 22:59:35,A
2063,signup,2026-02-26 02:32:44,B
2063,activation,2026-02-27 00:32:44,B
2063,feature_use,2026-03-06 00:32:44,B
2063,purchase,2026-03-14 00:32:44,B
2064,signup,2026-05-16 20:45:45,B
2064,activation,2026-05-17 05:45:45,B
2065,signup,2026-04-14 08:09:59,A
2065,activation,2026-04-14 23:09:59,A
2065,feature_use,2026-04-16 23:09:59,A
2066,signup,2026-04-05 11:14:07,A
2067,signup,2026-05-20 08:54:28,B
2067,activation,2026-05-21 12:54:28,B
2068,signup,2026-04-25 03:42:39,B
2068,activation,2026-04-26 12:42:39,B
2069,signup,2026-03-21 07:28:52,A
2069,activation,2026-03-22 01:28:52,A
2069,feature_use,2026-03-26 01:28:52,A
2070,signup,2026-03-29 22:06:23,A
2070,activation,2026-03-31 10:06:23,A
2071,signup,2026-02-26 05:28:21,B
2071,activation,2026-02-26 23:28:21,B
2072,signup,2026-03-30 02:19:59,B
2072,activation,2026-03-30 11:19:59,B
2072,feature_use,2026-04-03 11:19:59,B
2073,signup,2026-04-22 20:05:15,A
2074,signup,2026-03-18 14:01:00,B
2074,activation,2026-03-19 02:01:00,B
2074,feature_use,2026-03-25 02:01:00,B
2074,purchase,2026-03-26 02:01:00,B
2075,signup,2026-04-08 08:26:37,B
2076,signup,2026-04-30 08:56:42,A
2076,activation,2026-05-01 23:56:42,A
2077,signup,2026-03-15 06:04:22,B
2077,activation,2026-03-15 16:04:22,B
2077,feature_use,2026-03-20 16:04:22,B
2078,signup,2026-05-07 19:25:18,A
2079,signup,2026-05-04 02:39:49,B
2079,activation,2026-05-05 21:39:49,B
2079,feature_use,2026-05-10 21:39:49,B
2080,signup,2026-03-18 12:21:41,A
2080,activation,2026-03-18 17:21:41,A
2080,feature_use,2026-03-22 17:21:41,A
2081,signup,2026-04-14 17:48:24,B
2081,activation,2026-04-15 11:48:24,B
2081,feature_use,2026-04-19 11:48:24,B
2081,purchase,2026-04-21 11:48:24,B
2082,signup,2026-05-18 16:46:53,A
2082,activation,2026-05-19 08:46:53,A
2082,feature_use,2026-05-22 08:46:53,A
2083,signup,2026-05-17 01:24:07,B
2084,signup,2026-04-13 04:00:23,A
2085,signup,2026-03-20 20:55:17,A
2086,signup,2026-03-06 16:43:16,B
2087,signup,2026-05-08 08:15:06,B
2087,activation,2026-05-08 19:15:06,B
2088,signup,2026-02-27 09:53:09,B
2088,activation,2026-02-28 12:53:09,B
2088,feature_use,2026-03-02 12:53:09,B
2089,signup,2026-05-11 11:14:28,A
2089,activation,2026-05-12 07:14:28,A
2089,feature_use,2026-05-15 07:14:28,A
2090,signup,2026-03-06 06:30:39,B
2090,activation,2026-03-08 06:30:39,B
2090,feature_use,2026-03-12 06:30:39,B
2091,signup,2026-04-13 19:25:49,A
2092,signup,2026-03-11 00:00:17,B
2092,activation,2026-03-12 04:00:17,B
2093,signup,2026-03-19 21:10:43,A
2093,activation,2026-03-21 04:10:43,A
2093,feature_use,2026-03-28 04:10:43,A
2094,signup,2026-05-17 17:59:51,B
2094,activation,2026-05-18 19:59:51,B
2094,feature_use,2026-05-22 19:59:51,B
2095,signup,2026-05-17 03:10:26,A
2096,signup,2026-04-02 08:14:00,B
2096,activation,2026-04-04 04:14:00,B
2096,feature_use,2026-04-08 04:14:00,B
2097,signup,2026-03-06 01:18:57,B
2098,signup,2026-04-24 20:34:53,A
2098,activation,2026-04-25 08:34:53,A
2098,feature_use,2026-05-02 08:34:53,A
2099,signup,2026-04-20 07:38:40,A
2099,activation,2026-04-21 03:38:40,A
2099,feature_use,2026-04-25 03:38:40,A
2100,signup,2026-04-02 10:39:53,B
2101,signup,2026-04-08 20:32:57,A
2102,signup,2026-04-30 09:43:13,A
2102,activation,2026-04-30 13:43:13,A
2102,feature_use,2026-05-03 13:43:13,A
2102,purchase,2026-05-05 13:43:13,A
2103,signup,2026-04-03 21:55:07,A
2103,activation,2026-04-04 17:55:07,A
2103,feature_use,2026-04-05 17:55:07,A
2104,signup,2026-03-26 12:45:29,A
2104,activation,2026-03-27 13:45:29,A
2105,signup,2026-03-10 21:39:53,A
2106,signup,2026-03-18 09:40:46,A
2107,signup,2026-03-07 20:06:12,A
2107,activation,2026-03-09 13:06:12,A
2108,signup,2026-04-21 06:25:30,B
2108,activation,2026-04-22 14:25:30,B
2109,signup,2026-04-03 08:50:21,A
2109,activation,2026-04-04 19:50:21,A
2109,feature_use,2026-04-11 19:50:21,A
2109,purchase,2026-04-18 19:50:21,A
2110,signup,2026-03-14 03:42:48,B
2110,activation,2026-03-15 15:42:48,B
2110,feature_use,2026-03-19 15:42:48,B
2111,signup,2026-02-23 01:45:25,B
2111,activation,2026-02-24 16:45:25,B
2111,feature_use,2026-03-03 16:45:25,B
2111,purchase,2026-03-04 16:45:25,B
2112,signup,2026-03-28 13:11:53,A
2112,activation,2026-03-28 19:11:53,A
2112,feature_use,2026-04-03 19:11:53,A
2112,purchase,2026-04-09 19:11:53,A
2113,signup,2026-02-26 21:59:08,A
2114,signup,2026-04-20 08:09:54,A
2115,signup,2026-04-07 00:40:40,B
2115,activation,2026-04-07 06:40:40,B
2115,feature_use,2026-04-09 06:40:40,B
2115,purchase,2026-04-10 06:40:40,B
2116,signup,2026-03-19 15:59:17,A
2117,signup,2026-04-06 14:55:25,A
2118,signup,2026-05-08 10:47:35,A
2118,activation,2026-05-09 21:47:35,A
2119,signup,2026-04-22 09:42:05,B
2119,activation,2026-04-24 05:42:05,B
2120,signup,2026-05-01 14:02:25,B
2120,activation,2026-05-02 14:02:25,B
2120,feature_use,2026-05-07 14:02:25,B
2120,purchase,2026-05-14 14:02:25,B
2121,signup,2026-02-20 09:11:17,A
2121,activation,2026-02-21 10:11:17,A
2121,feature_use,2026-02-25 10:11:17,A
2122,signup,2026-04-07 22:54:19,A
2123,signup,2026-05-05 00:29:03,B
2123,activation,2026-05-06 19:29:03,B
2123,feature_use,2026-05-11 19:29:03,B
2123,purchase,2026-05-13 19:29:03,B
2124,signup,2026-02-23 01:37:58,B
2125,signup,2026-05-15 05:37:20,A
2125,activation,2026-05-16 09:37:20,A
2126,signup,2026-04-25 08:15:53,A
2127,signup,2026-02-21 10:45:27,A
2128,signup,2026-04-27 18:59:37,A
2129,signup,2026-04-25 22:23:39,B
2130,signup,2026-05-05 06:54:36,B
2131,signup,2026-04-18 14:32:30,A
2132,signup,2026-04-12 05:47:19,A
2133,signup,2026-05-14 12:49:21,B
2133,activation,2026-05-15 09:49:21,B
2133,feature_use,2026-05-18 09:49:21,B
2133,purchase,2026-05-28 09:49:21,B
2134,signup,2026-03-28 12:56:49,B
2134,activation,2026-03-29 05:56:49,B
2135,signup,2026-04-19 13:07:46,A
2135,activation,2026-04-21 04:07:46,A
2135,feature_use,2026-04-22 04:07:46,A
2136,signup,2026-02-25 10:17:37,A
2136,activation,2026-02-27 04:17:37,A
2137,signup,2026-03-07 10:56:19,B
2138,signup,2026-02-27 15:12:33,A
2139,signup,2026-04-05 16:02:20,B
2140,signup,2026-04-03 20:57:05,B
2140,activation,2026-04-04 07:57:05,B
2141,signup,2026-03-16 18:39:24,B
2141,activation,2026-03-18 10:39:24,B
2141,feature_use,2026-03-21 10:39:24,B
2142,signup,2026-03-17 21:01:04,B
2143,signup,2026-03-28 23:10:53,B
2143,activation,2026-03-29 13:10:53,B
2143,feature_use,2026-03-30 13:10:53,B
2144,signup,2026-04-08 11:05:49,A
2144,activation,2026-04-09 09:05:49,A
2144,feature_use,2026-04-10 09:05:49,A
2145,signup,2026-04-29 19:56:25,B
2146,signup,2026-04-26 21:39:50,A
2147,signup,2026-02-20 22:02:45,B
2148,signup,2026-05-17 19:41:16,A
2148,activation,2026-05-17 20:41:16,A
2148,feature_use,2026-05-18 20:41:16,A
2149,signup,2026-02-28 03:52:18,B
2149,activation,2026-02-28 12:52:18,B
2150,signup,2026-05-18 05:53:50,B
2150,activation,2026-05-19 04:53:50,B
2150,feature_use,2026-05-23 04:53:50,B
2151,signup,2026-03-21 10:23:56,A
2152,signup,2026-05-19 21:37:42,B
2153,signup,2026-05-12 20:35:48,B
2154,signup,2026-05-17 06:51:29,B
2154,activation,2026-05-18 18:51:29,B
2155,signup,2026-02-24 06:46:47,B
2155,activation,2026-02-26 03:46:47,B
2156,signup,2026-05-10 00:03:34,A
2156,activation,2026-05-10 16:03:34,A
2156,feature_use,2026-05-17 16:03:34,A
2157,signup,2026-04-30 05:40:02,B
2157,activation,2026-05-01 11:40:02,B
2157,feature_use,2026-05-05 11:40:02,B
2157,purchase,2026-05-11 11:40:02,B
2158,signup,2026-03-24 09:35:52,A
2159,signup,2026-03-25 01:34:42,B
2159,activation,2026-03-27 00:34:42,B
2160,signup,2026-04-27 20:51:54,A
2160,activation,2026-04-29 07:51:54,A
2161,signup,2026-05-11 22:48:22,B
2161,activation,2026-05-12 22:48:22,B
2161,feature_use,2026-05-14 22:48:22,B
2162,signup,2026-03-22 08:40:33,B
2162,activation,2026-03-22 09:40:33,B
2162,feature_use,2026-03-26 09:40:33,B
2163,signup,2026-04-04 05:13:20,B
2163,activation,2026-04-05 23:13:20,B
2164,signup,2026-02-22 21:30:15,A
2164,activation,2026-02-23 14:30:15,A
2164,feature_use,2026-02-26 14:30:15,A
2165,signup,2026-04-07 16:05:16,B
2165,activation,2026-04-08 16:05:16,B
2165,feature_use,2026-04-13 16:05:16,B
2165,purchase,2026-04-20 16:05:16,B
2166,signup,2026-03-02 15:28:25,A
2166,activation,2026-03-03 09:28:25,A
2166,feature_use,2026-03-07 09:28:25,A
2167,signup,2026-04-30 06:36:04,B
2168,signup,2026-03-05 12:19:42,A
2169,signup,2026-04-15 01:27:31,A
2169,activation,2026-04-17 00:27:31,A
2170,signup,2026-04-05 02:23:17,B
2170,activation,2026-04-05 08:23:17,B
2171,signup,2026-04-17 12:29:31,A
2171,activation,2026-04-17 23:29:31,A
2172,signup,2026-04-05 00:39:51,B
2173,signup,2026-04-02 17:46:16,B
2173,activation,2026-04-04 02:46:16,B
2173,feature_use,2026-04-05 02:46:16,B
2174,signup,2026-03-08 20:46:37,A
2175,signup,2026-05-07 18:55:17,A
2175,activation,2026-05-09 12:55:17,A
2176,signup,2026-04-12 14:11:40,A
2176,activation,2026-04-12 22:11:40,A
2176,feature_use,2026-04-17 22:11:40,A
2177,signup,2026-03-26 04:05:11,B
2178,signup,2026-03-13 23:32:01,B
2178,activation,2026-03-15 06:32:01,B
2178,feature_use,2026-03-22 06:32:01,B
2178,purchase,2026-03-23 06:32:01,B
2179,signup,2026-03-02 05:26:46,B
2179,activation,2026-03-03 06:26:46,B
2180,signup,2026-03-10 14:20:44,A
2181,signup,2026-03-28 05:42:14,B
2181,activation,2026-03-28 22:42:14,B
2182,signup,2026-03-05 17:35:13,B
2182,activation,2026-03-05 21:35:13,B
2183,signup,2026-05-09 12:49:51,B
2184,signup,2026-03-19 09:42:57,A
2184,activation,2026-03-20 08:42:57,A
2184,feature_use,2026-03-27 08:42:57,A
2185,signup,2026-04-24 08:58:34,A
2185,activation,2026-04-25 20:58:34,A
2185,feature_use,2026-05-02 20:58:34,A
2186,signup,2026-04-11 09:29:14,A
2186,activation,2026-04-11 22:29:14,A
2187,signup,2026-04-30 14:19:36,B
2188,signup,2026-04-14 14:32:53,A
2188,activation,2026-04-16 07:32:53,A
2189,signup,2026-05-13 23:31:31,A
2190,signup,2026-04-07 00:34:53,A
2191,signup,2026-02-22 06:43:08,A
2191,activation,2026-02-23 13:43:08,A
2191,feature_use,2026-03-01 13:43:08,A
2191,purchase,2026-03-09 13:43:08,A
2192,signup,2026-03-30 09:17:21,B
2193,signup,2026-04-30 03:50:11,B
2193,activation,2026-04-30 20:50:11,B
2193,feature_use,2026-05-05 20:50:11,B
2193,purchase,2026-05-07 20:50:11,B
2194,signup,2026-03-04 17:03:30,A
2194,activation,2026-03-05 04:03:30,A
2195,signup,2026-05-17 15:04:42,A
2195,activation,2026-05-18 19:04:42,A
2196,signup,2026-04-16 02:40:44,B
2196,activation,2026-04-16 05:40:44,B
2196,feature_use,2026-04-17 05:40:44,B
2196,purchase,2026-04-19 05:40:44,B
2197,signup,2026-03-02 15:27:22,B
2197,activation,2026-03-02 16:27:22,B
2198,signup,2026-03-08 20:19:47,B
2198,activation,2026-03-10 05:19:47,B
2199,signup,2026-04-21 22:50:59,B
2199,activation,2026-04-22 06:50:59,B
2199,feature_use,2026-04-24 06:50:59,B
2200,signup,2026-04-15 02:17:04,B
2200,activation,2026-04-15 10:17:04,B
2200,feature_use,2026-04-16 10:17:04,B
2201,signup,2026-04-19 02:22:52,A
2202,signup,2026-03-04 15:16:25,A
2203,signup,2026-03-04 13:27:21,B
2203,activation,2026-03-06 11:27:21,B
2203,feature_use,2026-03-08 11:27:21,B
2204,signup,2026-05-16 09:04:32,A
2204,activation,2026-05-16 16:04:32,A
2204,feature_use,2026-05-18 16:04:32,A
2205,signup,2026-03-22 16:40:16,A
2205,activation,2026-03-23 07:40:16,A
2206,signup,2026-02-26 22:45:47,A
2206,activation,2026-02-28 19:45:47,A
2206,feature_use,2026-03-04 19:45:47,A
2207,signup,2026-03-19 23:33:18,B
2207,activation,2026-03-21 07:33:18,B
2208,signup,2026-04-18 06:14:38,A
2208,activation,2026-04-18 12:14:38,A
2209,signup,2026-05-19 21:08:35,A
2209,activation,2026-05-21 06:08:35,A
2209,feature_use,2026-05-26 06:08:35,A
2210,signup,2026-05-11 16:11:06,B
2211,signup,2026-05-03 12:26:41,B
2211,activation,2026-05-05 05:26:41,B
2212,signup,2026-04-14 18:13:49,A
2212,activation,2026-04-16 07:13:49,A
2213,signup,2026-04-23 22:26:58,A
2213,activation,2026-04-24 06:26:58,A
2213,feature_use,2026-04-26 06:26:58,A
2214,signup,2026-02-24 14:49:50,A
2214,activation,2026-02-24 15:49:50,A
2215,signup,2026-04-23 15:38:49,B
2216,signup,2026-03-08 10:23:57,B
2216,activation,2026-03-09 07:23:57,B
2217,signup,2026-04-24 12:00:45,A
2217,activation,2026-04-24 13:00:45,A
2217,feature_use,2026-05-01 13:00:45,A
2218,signup,2026-04-02 09:38:51,B
2218,activation,2026-04-04 01:38:51,B
2218,feature_use,2026-04-10 01:38:51,B
2219,signup,2026-02-27 04:43:57,A
2219,activation,2026-02-28 19:43:57,A
2220,signup,2026-04-10 12:13:14,A
2221,signup,2026-03-13 23:29:38,A
2222,signup,2026-04-04 12:38:02,A
2222,activation,2026-04-04 17:38:02,A
2223,signup,2026-04-21 10:10:59,B
2224,signup,2026-05-03 17:22:58,B
2224,activation,2026-05-04 07:22:58,B
2225,signup,2026-03-31 13:30:35,B
2225,activation,2026-04-02 07:30:35,B
2225,feature_use,2026-04-07 07:30:35,B
2226,signup,2026-03-17 15:45:58,A
2226,activation,2026-03-19 10:45:58,A
2226,feature_use,2026-03-22 10:45:58,A
2227,signup,2026-03-04 11:04:37,B
2227,activation,2026-03-05 14:04:37,B
2228,signup,2026-03-02 23:19:42,A
2229,signup,2026-02-21 22:43:34,A
2229,activation,2026-02-23 09:43:34,A
2229,feature_use,2026-02-25 09:43:34,A
2229,purchase,2026-03-01 09:43:34,A
2230,signup,2026-05-11 23:00:41,A
2231,signup,2026-04-29 01:32:17,B
2231,activation,2026-04-30 07:32:17,B
2232,signup,2026-04-13 17:12:14,B
2233,signup,2026-05-07 13:59:26,B
2234,signup,2026-04-02 19:05:13,B
2234,activation,2026-04-03 14:05:13,B
2235,signup,2026-02-27 12:30:09,A
2236,signup,2026-03-03 20:47:35,B
2236,activation,2026-03-04 03:47:35,B
2236,feature_use,2026-03-06 03:47:35,B
2236,purchase,2026-03-16 03:47:35,B
2237,signup,2026-02-20 21:31:15,B
2237,activation,2026-02-22 12:31:15,B
2237,feature_use,2026-02-25 12:31:15,B
2238,signup,2026-04-04 21:12:50,A
2238,activation,2026-04-05 05:12:50,A
2238,feature_use,2026-04-08 05:12:50,A
2238,purchase,2026-04-18 05:12:50,A
2239,signup,2026-05-16 05:36:51,B
2240,signup,2026-05-19 12:11:40,A
2241,signup,2026-04-13 09:14:08,A
2242,signup,2026-03-22 06:05:12,A
2242,activation,2026-03-22 11:05:12,A
2242,feature_use,2026-03-25 11:05:12,A
2243,signup,2026-05-18 05:32:38,B
2243,activation,2026-05-20 00:32:38,B
2243,feature_use,2026-05-25 00:32:38,B
2244,signup,2026-04-26 12:25:19,B
2244,activation,2026-04-27 03:25:19,B
2245,signup,2026-03-26 06:16:53,A
2246,signup,2026-03-27 08:31:30,B
2247,signup,2026-04-20 03:56:14,A
2247,activation,2026-04-20 13:56:14,A
2247,feature_use,2026-04-22 13:56:14,A
2248,signup,2026-03-02 09:09:47,B
2248,activation,2026-03-03 07:09:47,B
2249,signup,2026-02-28 09:41:58,B
2249,activation,2026-03-02 00:41:58,B
2250,signup,2026-05-20 11:33:06,B
2250,activation,2026-05-21 14:33:06,B
2251,signup,2026-03-01 10:30:12,A
2251,activation,2026-03-02 23:30:12,A
2252,signup,2026-04-30 13:14:24,A
2252,activation,2026-05-02 05:14:24,A
2253,signup,2026-05-18 17:51:48,B
2253,activation,2026-05-20 17:51:48,B
2254,signup,2026-04-23 03:13:17,B
2255,signup,2026-04-29 23:53:33,B
2255,activation,2026-05-01 05:53:33,B
2256,signup,2026-04-03 15:33:12,A
2256,activation,2026-04-05 11:33:12,A
2257,signup,2026-03-22 23:40:20,B
2257,activation,2026-03-23 11:40:20,B
2257,feature_use,2026-03-27 11:40:20,B
2258,signup,2026-04-26 00:51:38,B
2259,signup,2026-02-21 12:50:22,B
2260,signup,2026-04-27 18:44:31,B
2260,activation,2026-04-27 21:44:31,B
2260,feature_use,2026-04-30 21:44:31,B
2261,signup,2026-05-11 12:31:49,A
2261,activation,2026-05-12 13:31:49,A
2261,feature_use,2026-05-15 13:31:49,A
2262,signup,2026-04-22 09:16:21,A
2263,signup,2026-04-24 14:53:24,B
2264,signup,2026-05-05 14:14:24,B
2264,activation,2026-05-05 16:14:24,B
2265,signup,2026-03-12 07:41:21,B
2266,signup,2026-03-03 02:13:56,A
2267,signup,2026-05-17 20:01:52,A
2267,activation,2026-05-18 04:01:52,A
2268,signup,2026-05-14 01:28:36,B
2268,activation,2026-05-14 08:28:36,B
2268,feature_use,2026-05-15 08:28:36,B
2269,signup,2026-05-08 21:38:10,A
2269,activation,2026-05-08 23:38:10,A
2269,feature_use,2026-05-10 23:38:10,A
2269,purchase,2026-05-19 23:38:10,A
2270,signup,2026-05-01 22:30:57,A
2270,activation,2026-05-02 17:30:57,A
2271,signup,2026-03-25 04:25:11,B
2271,activation,2026-03-25 16:25:11,B
2271,feature_use,2026-04-01 16:25:11,B
2271,purchase,2026-04-10 16:25:11,B
2272,signup,2026-05-08 10:25:21,A
2272,activation,2026-05-09 11:25:21,A
2272,feature_use,2026-05-15 11:25:21,A
2272,purchase,2026-05-16 11:25:21,A
2273,signup,2026-02-22 04:03:40,B
2274,signup,2026-03-08 13:56:38,B
2274,activation,2026-03-09 17:56:38,B
2275,signup,2026-04-26 10:36:06,B
2276,signup,2026-05-10 23:28:33,A
2277,signup,2026-04-24 04:00:34,A
2277,activation,2026-04-24 20:00:34,A
2277,feature_use,2026-04-25 20:00:34,A
2277,purchase,2026-05-05 20:00:34,A
2278,signup,2026-04-05 17:42:34,B
2279,signup,2026-05-11 01:17:23,B
2279,activation,2026-05-12 07:17:23,B
2280,signup,2026-04-26 13:05:58,A
2280,activation,2026-04-28 13:05:58,A
2281,signup,2026-05-05 14:11:37,A
2281,activation,2026-05-07 14:11:37,A
2281,feature_use,2026-05-14 14:11:37,A
2282,signup,2026-04-11 11:38:44,B
2282,activation,2026-04-11 18:38:44,B
2283,signup,2026-03-11 20:43:08,A
2283,activation,2026-03-13 20:43:08,A
2284,signup,2026-03-21 06:01:47,B
2284,activation,2026-03-21 18:01:47,B
2284,feature_use,2026-03-22 18:01:47,B
2284,purchase,2026-03-25 18:01:47,B
2285,signup,2026-05-04 13:34:08,A
2285,activation,2026-05-05 20:34:08,A
2286,signup,2026-02-19 20:14:14,B
2287,signup,2026-05-06 08:14:20,A
2288,signup,2026-05-14 06:04:48,B
2288,activation,2026-05-16 06:04:48,B
2288,feature_use,2026-05-19 06:04:48,B
2289,signup,2026-05-12 13:37:37,A
2289,activation,2026-05-14 09:37:37,A
2290,signup,2026-04-23 17:46:46,B
2290,activation,2026-04-25 07:46:46,B
2291,signup,2026-04-15 14:01:51,B
2291,activation,2026-04-15 22:01:51,B
2291,feature_use,2026-04-21 22:01:51,B
2292,signup,2026-05-09 23:36:22,B
2293,signup,2026-05-10 14:42:38,A
2293,activation,2026-05-12 01:42:38,A
2294,signup,2026-05-05 05:15:09,B
2295,signup,2026-03-07 10:18:24,A
2295,activation,2026-03-07 14:18:24,A
2295,feature_use,2026-03-10 14:18:24,A
2296,signup,2026-04-26 05:43:08,A
2297,signup,2026-02-22 12:47:17,A
2298,signup,2026-05-03 11:43:24,A
2298,activation,2026-05-05 06:43:24,A
2299,signup,2026-04-19 04:41:15,B
2299,activation,2026-04-19 13:41:15,B
2299,feature_use,2026-04-24 13:41:15,B
2299,purchase,2026-04-26 13:41:15,B
2300,signup,2026-02-20 02:23:52,B
2300,activation,2026-02-20 21:23:52,B
2301,signup,2026-04-18 16:38:35,A
2301,activation,2026-04-19 06:38:35,A
2301,feature_use,2026-04-25 06:38:35,A
2301,purchase,2026-04-30 06:38:35,A
2302,signup,2026-04-23 01:02:19,B
2303,signup,2026-03-09 02:29:58,A
2303,activation,2026-03-09 11:29:58,A
2303,feature_use,2026-03-11 11:29:58,A
2303,purchase,2026-03-20 11:29:58,A
2304,signup,2026-02-20 18:04:44,A
2304,activation,2026-02-21 04:04:44,A
2304,feature_use,2026-02-26 04:04:44,A
2305,signup,2026-04-14 11:48:05,B
2305,activation,2026-04-15 22:48:05,B
2306,signup,2026-03-28 04:59:50,A
2307,signup,2026-04-01 01:35:45,B
2307,activation,2026-04-01 15:35:45,B
2308,signup,2026-03-03 09:24:03,A
2308,activation,2026-03-04 04:24:03,A
2308,feature_use,2026-03-06 04:24:03,A
2308,purchase,2026-03-14 04:24:03,A
2309,signup,2026-05-15 22:07:31,B
2309,activation,2026-05-17 13:07:31,B
2309,feature_use,2026-05-21 13:07:31,B
2310,signup,2026-03-08 09:40:48,A
2311,signup,2026-04-04 19:23:07,B
2311,activation,2026-04-05 13:23:07,B
2311,feature_use,2026-04-07 13:23:07,B
2312,signup,2026-02-26 14:37:09,A
2313,signup,2026-04-23 04:32:49,B
2314,signup,2026-05-05 05:19:34,B
2315,signup,2026-05-04 23:34:10,A
2315,activation,2026-05-05 14:34:10,A
2316,signup,2026-05-07 17:39:39,B
2317,signup,2026-03-06 13:00:01,B
2317,activation,2026-03-07 09:00:01,B
2317,feature_use,2026-03-14 09:00:01,B
2318,signup,2026-02-24 13:50:09,A
2318,activation,2026-02-25 09:50:09,A
2318,feature_use,2026-03-02 09:50:09,A
2319,signup,2026-03-08 08:08:38,B
2319,activation,2026-03-09 19:08:38,B
2320,signup,2026-05-20 00:20:07,B
2320,activation,2026-05-21 14:20:07,B
2320,feature_use,2026-05-23 14:20:07,B
2321,signup,2026-03-28 12:31:00,A
2321,activation,2026-03-30 03:31:00,A
2322,signup,2026-03-30 06:07:58,A
2322,activation,2026-03-30 12:07:58,A
2322,feature_use,2026-04-06 12:07:58,A
2322,purchase,2026-04-10 12:07:58,A
2323,signup,2026-04-29 12:25:34,B
2323,activation,2026-04-29 13:25:34,B
2324,signup,2026-03-01 03:03:54,B
2324,activation,2026-03-02 01:03:54,B
2325,signup,2026-03-07 09:37:55,A
2325,activation,2026-03-08 20:37:55,A
2326,signup,2026-04-06 13:51:36,B
2327,signup,2026-05-07 03:12:09,A
2328,signup,2026-03-08 01:14:11,B
2328,activation,2026-03-08 10:14:11,B
2328,feature_use,2026-03-11 10:14:11,B
2328,purchase,2026-03-18 10:14:11,B
2329,signup,2026-03-13 19:56:45,A
2329,activation,2026-03-14 07:56:45,A
2329,feature_use,2026-03-18 07:56:45,A
2330,signup,2026-03-18 10:10:59,B
2331,signup,2026-03-19 07:55:34,A
2331,activation,2026-03-20 14:55:34,A
2331,feature_use,2026-03-22 14:55:34,A
2332,signup,2026-02-23 20:29:12,A
2333,signup,2026-04-06 02:15:01,B
2333,activation,2026-04-06 11:15:01,B
2334,signup,2026-05-15 00:50:35,B
2334,activation,2026-05-15 18:50:35,B
2334,feature_use,2026-05-22 18:50:35,B
2334,purchase,2026-05-23 18:50:35,B
2335,signup,2026-03-26 15:03:47,A
2336,signup,2026-02-21 21:53:27,B
2337,signup,2026-04-24 00:50:44,A
2338,signup,2026-02-23 16:13:57,A
2339,signup,2026-04-20 22:32:48,B
2339,activation,2026-04-22 01:32:48,B
2339,feature_use,2026-04-24 01:32:48,B
2339,purchase,2026-05-02 01:32:48,B
2340,signup,2026-03-09 13:57:11,B
2340,activation,2026-03-10 15:57:11,B
2341,signup,2026-03-07 00:33:06,B
2341,activation,2026-03-08 12:33:06,B
2342,signup,2026-05-05 22:59:37,B
2342,activation,2026-05-06 18:59:37,B
2342,feature_use,2026-05-09 18:59:37,B
2343,signup,2026-04-11 08:14:34,B
2343,activation,2026-04-12 20:14:34,B
2344,signup,2026-04-23 20:36:28,A
2344,activation,2026-04-24 08:36:28,A
2345,signup,2026-03-17 19:24:05,A
2345,activation,2026-03-19 12:24:05,A
2345,feature_use,2026-03-22 12:24:05,A
2346,signup,2026-03-06 08:13:11,B
2347,signup,2026-05-04 21:14:49,A
2347,activation,2026-05-06 17:14:49,A
2347,feature_use,2026-05-08 17:14:49,A
2348,signup,2026-04-29 08:36:07,A
2348,activation,2026-04-30 21:36:07,A
2349,signup,2026-03-08 13:35:46,B
2349,activation,2026-03-09 23:35:46,B
2350,signup,2026-05-10 13:43:53,B
2351,signup,2026-04-08 09:06:33,B
2351,activation,2026-04-09 18:06:33,B
2351,feature_use,2026-04-15 18:06:33,B
2352,signup,2026-04-04 01:52:33,B
2353,signup,2026-05-17 15:10:47,A
2353,activation,2026-05-18 03:10:47,A
2353,feature_use,2026-05-21 03:10:47,A
2353,purchase,2026-05-26 03:10:47,A
2354,signup,2026-02-27 16:41:04,B
2355,signup,2026-05-07 02:27:21,B
2356,signup,2026-03-28 19:36:22,A
2356,activation,2026-03-29 10:36:22,A
2357,signup,2026-03-08 09:04:10,B
2357,activation,2026-03-09 14:04:10,B
2358,signup,2026-02-23 23:00:00,B
2359,signup,2026-04-30 04:11:51,A
2360,signup,2026-03-26 08:12:44,B
2360,activation,2026-03-27 04:12:44,B
2360,feature_use,2026-03-28 04:12:44,B
2361,signup,2026-05-02 11:38:14,B
2362,signup,2026-04-24 00:58:33,A
2363,signup,2026-04-15 17:37:58,A
2363,activation,2026-04-17 00:37:58,A
2363,feature_use,2026-04-24 00:37:58,A
2364,signup,2026-03-26 16:45:32,A
2365,signup,2026-05-12 21:33:53,B
2366,signup,2026-03-14 04:35:13,B
2366,activation,2026-03-14 14:35:13,B
2367,signup,2026-03-31 19:40:29,B
2367,activation,2026-04-01 15:40:29,B
2367,feature_use,2026-04-04 15:40:29,B
2368,signup,2026-05-20 12:09:39,B
2368,activation,2026-05-22 11:09:39,B
2369,signup,2026-03-18 15:48:50,B
2369,activation,2026-03-19 12:48:50,B
2370,signup,2026-04-11 01:07:27,A
2370,activation,2026-04-11 02:07:27,A
2371,signup,2026-04-05 08:54:32,B
2372,signup,2026-02-20 03:40:39,A
2372,activation,2026-02-20 05:40:39,A
2373,signup,2026-04-09 09:44:07,A
2373,activation,2026-04-09 19:44:07,A
2374,signup,2026-03-24 21:55:13,A
2374,activation,2026-03-26 10:55:13,A
2375,signup,2026-03-08 23:59:40,A
2376,signup,2026-02-23 17:14:43,A
2376,activation,2026-02-23 18:14:43,A
2376,feature_use,2026-02-25 18:14:43,A
2377,signup,2026-04-27 04:12:32,B
2377,activation,2026-04-28 16:12:32,B
2378,signup,2026-02-27 03:33:37,A
2379,signup,2026-02-21 00:47:47,B
2379,activation,2026-02-21 21:47:47,B
2379,feature_use,2026-02-27 21:47:47,B
2380,signup,2026-04-12 13:01:12,A
2381,signup,2026-04-03 16:27:27,A
2381,activation,2026-04-05 11:27:27,A
2382,signup,2026-05-11 17:51:52,B
2382,activation,2026-05-12 00:51:52,B
2383,signup,2026-05-10 10:21:29,B
2383,activation,2026-05-10 20:21:29,B
2384,signup,2026-05-12 15:29:20,B
2385,signup,2026-05-11 00:38:09,B
2385,activation,2026-05-12 01:38:09,B
2386,signup,2026-04-20 10:24:55,B
2386,activation,2026-04-22 00:24:55,B
2386,feature_use,2026-04-25 00:24:55,B
2386,purchase,2026-05-04 00:24:55,B
2387,signup,2026-04-19 23:48:11,A
2388,signup,2026-05-10 21:06:32,A
2389,signup,2026-04-18 05:10:00,B
2389,activation,2026-04-19 06:10:00,B
2389,feature_use,2026-04-24 06:10:00,B
2389,purchase,2026-04-29 06:10:00,B
2390,signup,2026-03-20 12:55:44,A
2390,activation,2026-03-21 21:55:44,A
2390,feature_use,2026-03-25 21:55:44,A
2390,purchase,2026-04-02 21:55:44,A
2391,signup,2026-04-08 11:29:58,B
2391,activation,2026-04-09 09:29:58,B
2391,feature_use,2026-04-16 09:29:58,B
2391,purchase,2026-04-22 09:29:58,B
2392,signup,2026-04-11 16:12:43,A
2392,activation,2026-04-12 03:12:43,A
2392,feature_use,2026-04-18 03:12:43,A
2393,signup,2026-05-13 08:51:10,A
2393,activation,2026-05-14 20:51:10,A
2393,feature_use,2026-05-16 20:51:10,A
2394,signup,2026-05-08 04:24:19,B
2394,activation,2026-05-09 09:24:19,B
2395,signup,2026-03-25 17:20:25,A
2396,signup,2026-03-28 15:37:32,A
2396,activation,2026-03-30 10:37:32,A
2397,signup,2026-03-23 10:25:13,A
2398,signup,2026-04-17 08:07:35,A
2398,activation,2026-04-18 11:07:35,A
2398,feature_use,2026-04-19 11:07:35,A
2399,signup,2026-03-20 00:37:24,B
2399,activation,2026-03-21 10:37:24,B
2400,signup,2026-04-17 19:34:20,A
2400,activation,2026-04-19 16:34:20,A
2401,signup,2026-05-16 10:22:38,B
2402,signup,2026-04-10 18:19:34,B
2403,signup,2026-05-20 14:11:07,B
2404,signup,2026-03-09 22:23:10,A
2405,signup,2026-04-01 05:31:24,A
2405,activation,2026-04-02 12:31:24,A
2406,signup,2026-03-01 05:46:06,B
2407,signup,2026-05-19 02:43:43,B
2407,activation,2026-05-20 08:43:43,B
2408,signup,2026-03-21 18:58:05,B
2409,signup,2026-02-21 02:00:35,B
2409,activation,2026-02-22 00:00:35,B
2410,signup,2026-05-18 04:47:01,B
2411,signup,2026-05-14 18:40:44,A
2411,activation,2026-05-16 10:40:44,A
2411,feature_use,2026-05-19 10:40:44,A
2412,signup,2026-04-23 23:51:31,B
2413,signup,2026-02-28 15:24:50,B
2414,signup,2026-03-20 18:04:57,A
2415,signup,2026-05-12 12:49:31,A
2415,activation,2026-05-12 21:49:31,A
2416,signup,2026-05-10 21:45:05,B
2416,activation,2026-05-12 18:45:05,B
2417,signup,2026-04-19 09:54:42,B
2417,activation,2026-04-20 02:54:42,B
2418,signup,2026-04-23 13:27:05,B
2418,activation,2026-04-25 06:27:05,B
2418,feature_use,2026-05-01 06:27:05,B
2419,signup,2026-02-25 21:48:51,B
2420,signup,2026-03-26 23:42:30,A
2420,activation,2026-03-28 02:42:30,A
2421,signup,2026-05-12 01:31:45,A
2422,signup,2026-04-17 13:28:17,A
2423,signup,2026-05-13 11:56:33,B
2423,activation,2026-05-14 10:56:33,B
2424,signup,2026-03-09 09:58:21,A
2424,activation,2026-03-11 03:58:21,A
2424,feature_use,2026-03-18 03:58:21,A
2425,signup,2026-03-02 02:08:37,A
2425,activation,2026-03-03 05:08:37,A
2426,signup,2026-04-08 16:59:47,A
2426,activation,2026-04-09 06:59:47,A
2427,signup,2026-03-12 23:43:38,B
2427,activation,2026-03-13 01:43:38,B
2427,feature_use,2026-03-18 01:43:38,B
2427,purchase,2026-03-26 01:43:38,B
2428,signup,2026-04-09 09:24:25,B
2429,signup,2026-04-05 19:56:34,A
2430,signup,2026-03-20 21:32:21,A
2430,activation,2026-03-21 04:32:21,A
2430,feature_use,2026-03-24 04:32:21,A
2431,signup,2026-05-14 07:33:06,A
2431,activation,2026-05-14 17:33:06,A
2432,signup,2026-03-18 13:37:28,B
2433,signup,2026-03-24 03:11:38,A
2433,activation,2026-03-25 16:11:38,A
2434,signup,2026-02-26 21:59:15,A
2434,activation,2026-02-27 22:59:15,A
2435,signup,2026-04-11 00:24:07,A
2436,signup,2026-04-20 03:19:47,B
2437,signup,2026-03-18 15:48:22,B
2437,activation,2026-03-18 20:48:22,B
2438,signup,2026-03-29 15:40:14,B
2438,activation,2026-03-31 02:40:14,B
2439,signup,2026-03-03 12:05:30,A
2439,activation,2026-03-04 08:05:30,A
2440,signup,2026-03-17 16:33:22,B
2441,signup,2026-05-19 08:54:43,A
2441,activation,2026-05-20 00:54:43,A
2441,feature_use,2026-05-23 00:54:43,A
2442,signup,2026-03-11 06:54:28,A
2442,activation,2026-03-11 10:54:28,A
2442,feature_use,2026-03-18 10:54:28,A
2443,signup,2026-05-07 09:42:52,A
2443,activation,2026-05-09 03:42:52,A
2444,signup,2026-04-26 06:44:57,A
2444,activation,2026-04-26 19:44:57,A
2444,feature_use,2026-04-30 19:44:57,A
2445,signup,2026-05-20 02:16:38,B
2445,activation,2026-05-20 11:16:38,B
2446,signup,2026-03-03 00:35:02,A
2446,activation,2026-03-04 20:35:02,A
2446,feature_use,2026-03-07 20:35:02,A
2446,purchase,2026-03-14 20:35:02,A
2447,signup,2026-03-30 04:42:08,B
2448,signup,2026-05-11 01:32:35,B
2448,activation,2026-05-12 16:32:35,B
2449,signup,2026-04-07 14:35:23,A
2450,signup,2026-03-16 10:34:46,B
2451,signup,2026-05-19 23:10:40,A
2452,signup,2026-04-30 14:17:00,A
2452,activation,2026-05-02 12:17:00,A
2452,feature_use,2026-05-09 12:17:00,A
2453,signup,2026-04-07 05:01:53,B
2453,activation,2026-04-09 01:01:53,B
2454,signup,2026-03-04 07:28:27,B
2454,activation,2026-03-06 07:28:27,B
2454,feature_use,2026-03-12 07:28:27,B
2454,purchase,2026-03-22 07:28:27,B
2455,signup,2026-03-09 03:58:51,A
2456,signup,2026-04-27 20:41:39,A
2456,activation,2026-04-29 18:41:39,A
2457,signup,2026-03-27 00:07:26,A
2457,activation,2026-03-28 13:07:26,A
2457,feature_use,2026-03-29 13:07:26,A
2458,signup,2026-03-16 22:34:54,B
2458,activation,2026-03-18 00:34:54,B
2459,signup,2026-02-22 21:55:53,B
2460,signup,2026-02-22 11:10:20,A
2460,activation,2026-02-22 18:10:20,A
2460,feature_use,2026-02-25 18:10:20,A
2461,signup,2026-04-24 02:31:51,B
2461,activation,2026-04-25 22:31:51,B
2462,signup,2026-05-20 17:06:05,B
2462,activation,2026-05-21 21:06:05,B
2462,feature_use,2026-05-23 21:06:05,B
2463,signup,2026-04-22 20:41:56,A
2463,activation,2026-04-23 16:41:56,A
2463,feature_use,2026-04-28 16:41:56,A
2464,signup,2026-03-07 22:30:30,B
2464,activation,2026-03-08 11:30:30,B
2465,signup,2026-03-14 00:37:26,B
2465,activation,2026-03-14 20:37:26,B
2466,signup,2026-04-14 04:08:21,B
2466,activation,2026-04-15 07:08:21,B
2466,feature_use,2026-04-20 07:08:21,B
2467,signup,2026-03-28 07:00:57,B
2467,activation,2026-03-28 22:00:57,B
2468,signup,2026-03-16 00:23:22,B
2468,activation,2026-03-16 19:23:22,B
2469,signup,2026-03-03 11:18:02,A
2470,signup,2026-03-24 10:41:23,A
2470,activation,2026-03-25 23:41:23,A
2471,signup,2026-04-09 15:40:11,B
2472,signup,2026-05-09 15:51:10,A
2472,activation,2026-05-11 11:51:10,A
2473,signup,2026-02-27 17:25:23,A
2473,activation,2026-02-28 17:25:23,A
2473,feature_use,2026-03-03 17:25:23,A
2474,signup,2026-03-12 17:56:57,A
2475,signup,2026-04-17 03:49:13,B
2476,signup,2026-03-21 23:19:50,A
2476,activation,2026-03-22 22:19:50,A
2476,feature_use,2026-03-23 22:19:50,A
2477,signup,2026-03-07 14:59:01,A
2477,activation,2026-03-09 12:59:01,A
2478,signup,2026-03-02 07:57:27,A
2478,activation,2026-03-03 18:57:27,A
2478,feature_use,2026-03-09 18:57:27,A
2479,signup,2026-03-23 20:13:00,A
2479,activation,2026-03-25 01:13:00,A
2480,signup,2026-04-19 21:26:17,A
2480,activation,2026-04-20 06:26:17,A
2481,signup,2026-03-30 18:15:09,A
2481,activation,2026-03-30 23:15:09,A
2481,feature_use,2026-04-06 23:15:09,A
2482,signup,2026-03-05 09:57:00,B
2483,signup,2026-05-06 02:09:39,B
2483,activation,2026-05-07 15:09:39,B
2483,feature_use,2026-05-09 15:09:39,B
2484,signup,2026-05-17 09:51:04,B
2484,activation,2026-05-18 10:51:04,B
2485,signup,2026-03-13 00:13:48,A
2486,signup,2026-02-21 05:24:37,B
2486,activation,2026-02-23 05:24:37,B
2486,feature_use,2026-02-24 05:24:37,B
2487,signup,2026-05-02 02:39:13,B
2487,activation,2026-05-02 04:39:13,B
2487,feature_use,2026-05-07 04:39:13,B
2487,purchase,2026-05-12 04:39:13,B
2488,signup,2026-04-03 06:06:00,A
2488,activation,2026-04-04 12:06:00,A
2488,feature_use,2026-04-07 12:06:00,A
2489,signup,2026-05-02 11:41:12,A
2490,signup,2026-03-03 18:43:27,B
2490,activation,2026-03-05 18:43:27,B
2491,signup,2026-05-06 21:46:26,A
2491,activation,2026-05-07 16:46:26,A
2492,signup,2026-03-25 18:46:45,B
2492,activation,2026-03-26 13:46:45,B
2493,signup,2026-03-19 08:31:09,A
2493,activation,2026-03-20 07:31:09,A
2493,feature_use,2026-03-26 07:31:09,A
2494,signup,2026-03-01 18:33:25,B
2495,signup,2026-05-04 14:21:55,A
2495,activation,2026-05-05 01:21:55,A
2496,signup,2026-04-03 10:26:28,B
2496,activation,2026-04-03 19:26:28,B
2497,signup,2026-05-14 18:55:09,B
2497,activation,2026-05-16 09:55:09,B
2497,feature_use,2026-05-17 09:55:09,B
2498,signup,2026-04-22 00:54:44,B
2498,activation,2026-04-23 06:54:44,B
2498,feature_use,2026-04-30 06:54:44,B
2499,signup,2026-03-12 15:37:50,A
2500,signup,2026-05-10 22:36:32,B
2500,activation,2026-05-12 22:36:32,B
2500,feature_use,2026-05-19 22:36:32,B
2501,signup,2026-03-22 04:43:20,B
2501,activation,2026-03-22 22:43:20,B
2501,feature_use,2026-03-27 22:43:20,B
2501,purchase,2026-04-06 22:43:20,B
2502,signup,2026-03-16 15:24:47,A
2502,activation,2026-03-16 23:24:47,A
2503,signup,2026-05-19 18:29:16,B
2503,activation,2026-05-20 01:29:16,B
2503,feature_use,2026-05-26 01:29:16,B
2504,signup,2026-04-08 21:36:18,A
2504,activation,2026-04-09 02:36:18,A
2505,signup,2026-03-09 22:16:07,B
2506,signup,2026-03-30 13:44:13,B
2506,activation,2026-03-31 06:44:13,B
2506,feature_use,2026-04-02 06:44:13,B
2507,signup,2026-04-02 04:57:44,A
2508,signup,2026-03-03 15:18:11,A
2508,activation,2026-03-04 10:18:11,A
2509,signup,2026-04-25 16:52:49,A
2509,activation,2026-04-27 13:52:49,A
2510,signup,2026-04-03 22:40:17,A
2510,activation,2026-04-05 17:40:17,A
2510,feature_use,2026-04-12 17:40:17,A
2511,signup,2026-04-18 22:20:48,B
2511,activation,2026-04-19 04:20:48,B
2512,signup,2026-03-24 20:59:40,B
2512,activation,2026-03-26 10:59:40,B
2512,feature_use,2026-03-29 10:59:40,B
2512,purchase,2026-04-08 10:59:40,B
2513,signup,2026-02-26 12:24:49,B
2514,signup,2026-03-09 04:45:28,A
2514,activation,2026-03-09 14:45:28,A
2514,feature_use,2026-03-15 14:45:28,A
2515,signup,2026-05-16 21:37:32,B
2515,activation,2026-05-17 20:37:32,B
2516,signup,2026-05-16 21:50:51,A
2516,activation,2026-05-17 00:50:51,A
2516,feature_use,2026-05-23 00:50:51,A
2517,signup,2026-04-04 07:05:27,A
2517,activation,2026-04-05 07:05:27,A
2517,feature_use,2026-04-10 07:05:27,A
2518,signup,2026-02-28 13:41:17,B
2518,activation,2026-03-01 08:41:17,B
2518,feature_use,2026-03-06 08:41:17,B
2519,signup,2026-05-05 07:18:49,B
2519,activation,2026-05-07 03:18:49,B
2519,feature_use,2026-05-12 03:18:49,B
2520,signup,2026-03-05 03:40:31,B
2520,activation,2026-03-06 21:40:31,B
2521,signup,2026-04-06 07:43:23,A
2522,signup,2026-02-22 04:13:57,B
2522,activation,2026-02-23 08:13:57,B
2523,signup,2026-05-15 23:07:12,A
2523,activation,2026-05-16 03:07:12,A
2524,signup,2026-03-18 13:00:24,B
2524,activation,2026-03-20 06:00:24,B
2524,feature_use,2026-03-22 06:00:24,B
2525,signup,2026-03-28 20:13:27,A
2526,signup,2026-03-02 20:11:41,B
2526,activation,2026-03-03 02:11:41,B
2526,feature_use,2026-03-05 02:11:41,B
2527,signup,2026-04-28 20:01:52,B
2527,activation,2026-04-30 08:01:52,B
2528,signup,2026-03-19 07:35:31,B
2529,signup,2026-04-27 11:00:28,B
2529,activation,2026-04-27 15:00:28,B
2529,feature_use,2026-04-29 15:00:28,B
2530,signup,2026-05-09 22:12:05,B
2531,signup,2026-05-06 00:41:58,A
2531,activation,2026-05-07 09:41:58,A
2532,signup,2026-04-28 07:22:18,B
2532,activation,2026-04-29 08:22:18,B
2533,signup,2026-03-20 10:49:42,A
2533,activation,2026-03-22 01:49:42,A
2533,feature_use,2026-03-27 01:49:42,A
2534,signup,2026-03-18 01:37:42,A
2534,activation,2026-03-19 09:37:42,A
2535,signup,2026-05-12 03:09:34,B
2535,activation,2026-05-13 01:09:34,B
2536,signup,2026-05-20 15:24:48,B
2536,activation,2026-05-22 01:24:48,B
2537,signup,2026-04-10 14:24:39,A
2537,activation,2026-04-11 12:24:39,A
2537,feature_use,2026-04-15 12:24:39,A
2537,purchase,2026-04-17 12:24:39,A
2538,signup,2026-02-21 18:43:18,A
2539,signup,2026-04-13 11:04:34,A
2539,activation,2026-04-15 00:04:34,A
2540,signup,2026-03-04 18:50:03,A
2540,activation,2026-03-05 16:50:03,A
2540,feature_use,2026-03-10 16:50:03,A
2540,purchase,2026-03-15 16:50:03,A
2541,signup,2026-04-28 19:31:08,B
2542,signup,2026-03-28 00:32:27,B
2543,signup,2026-05-17 02:47:39,A
2543,activation,2026-05-18 08:47:39,A
2543,feature_use,2026-05-23 08:47:39,A
2544,signup,2026-05-19 02:05:26,B
2544,activation,2026-05-20 13:05:26,B
2545,signup,2026-03-01 17:55:08,A
2545,activation,2026-03-02 02:55:08,A
2545,feature_use,2026-03-04 02:55:08,A
2545,purchase,2026-03-12 02:55:08,A
2546,signup,2026-02-24 05:48:42,B
2546,activation,2026-02-24 13:48:42,B
2547,signup,2026-05-07 17:11:20,A
2548,signup,2026-03-27 02:28:54,B
2548,activation,2026-03-28 12:28:54,B
2549,signup,2026-04-18 18:44:40,B
2549,activation,2026-04-20 10:44:40,B
2550,signup,2026-04-28 03:24:00,B
2550,activation,2026-04-29 00:24:00,B
2550,feature_use,2026-05-06 00:24:00,B
2551,signup,2026-05-11 23:07:56,B
2552,signup,2026-05-11 19:35:28,A
2552,activation,2026-05-13 02:35:28,A
2552,feature_use,2026-05-19 02:35:28,A
2552,purchase,2026-05-23 02:35:28,A
2553,signup,2026-03-04 12:22:13,A
2553,activation,2026-03-05 11:22:13,A
2554,signup,2026-03-30 17:53:39,A
2554,activation,2026-04-01 14:53:39,A
2555,signup,2026-05-11 12:50:03,B
2556,signup,2026-04-05 17:06:25,A
2556,activation,2026-04-07 13:06:25,A
2556,feature_use,2026-04-09 13:06:25,A
2557,signup,2026-05-14 06:10:04,A
2557,activation,2026-05-15 12:10:04,A
2557,feature_use,2026-05-17 12:10:04,A
2557,purchase,2026-05-27 12:10:04,A
2558,signup,2026-03-02 03:30:02,B
2558,activation,2026-03-03 07:30:02,B
2558,feature_use,2026-03-10 07:30:02,B
2559,signup,2026-02-27 01:03:18,A
2559,activation,2026-02-27 05:03:18,A
2559,feature_use,2026-03-06 05:03:18,A
2559,purchase,2026-03-07 05:03:18,A
2560,signup,2026-04-27 10:13:30,A
2560,activation,2026-04-28 22:13:30,A
2561,signup,2026-05-08 18:53:02,A
2561,activation,2026-05-09 08:53:02,A
2561,feature_use,2026-05-15 08:53:02,A
2562,signup,2026-03-21 00:02:04,A
2562,activation,2026-03-22 03:02:04,A
2563,signup,2026-04-14 10:29:03,B
2563,activation,2026-04-15 14:29:03,B
2564,signup,2026-03-25 12:55:50,A
2565,signup,2026-04-10 08:50:07,A
2565,activation,2026-04-11 05:50:07,A
2565,feature_use,2026-04-15 05:50:07,A
2566,signup,2026-04-21 14:03:12,B
2566,activation,2026-04-22 11:03:12,B
2567,signup,2026-05-05 02:11:44,A
2568,signup,2026-02-26 06:46:53,B
2568,activation,2026-02-28 06:46:53,B
2568,feature_use,2026-03-06 06:46:53,B
2569,signup,2026-02-24 11:09:12,B
2569,activation,2026-02-25 14:09:12,B
2570,signup,2026-04-01 10:57:01,B
2571,signup,2026-05-09 11:22:25,B
2571,activation,2026-05-10 00:22:25,B
2572,signup,2026-04-10 20:07:09,B
2573,signup,2026-04-13 18:12:49,A
2574,signup,2026-04-01 04:37:30,B
2575,signup,2026-03-13 08:05:09,B
2576,signup,2026-03-18 15:24:28,B
2576,activation,2026-03-18 19:24:28,B
2577,signup,2026-04-15 22:06:40,A
2577,activation,2026-04-17 20:06:40,A
2578,signup,2026-04-09 14:10:01,B
2579,signup,2026-05-05 10:50:06,B
2579,activation,2026-05-06 10:50:06,B
2580,signup,2026-05-15 14:27:49,A
2581,signup,2026-04-23 06:25:43,A
2581,activation,2026-04-23 21:25:43,A
2581,feature_use,2026-04-30 21:25:43,A
2581,purchase,2026-05-05 21:25:43,A
2582,signup,2026-04-14 23:00:28,A
2582,activation,2026-04-16 21:00:28,A
2582,feature_use,2026-04-23 21:00:28,A
2583,signup,2026-04-06 13:16:07,A
2583,activation,2026-04-07 15:16:07,A
2583,feature_use,2026-04-11 15:16:07,A
2584,signup,2026-04-22 02:12:57,A
2584,activation,2026-04-23 09:12:57,A
2584,feature_use,2026-04-25 09:12:57,A
2585,signup,2026-03-03 04:10:32,B
2585,activation,2026-03-04 23:10:32,B
2586,signup,2026-04-04 03:46:19,B
2586,activation,2026-04-04 15:46:19,B
2586,feature_use,2026-04-08 15:46:19,B
2587,signup,2026-03-25 20:32:19,B
2588,signup,2026-04-21 17:04:42,A
2588,activation,2026-04-22 09:04:42,A
2589,signup,2026-04-04 02:39:55,A
2590,signup,2026-03-09 01:19:32,A
2591,signup,2026-04-20 13:47:56,A
2591,activation,2026-04-21 03:47:56,A
2591,feature_use,2026-04-27 03:47:56,A
2591,purchase,2026-05-02 03:47:56,A
2592,signup,2026-03-31 00:58:54,A
2592,activation,2026-03-31 22:58:54,A
2592,feature_use,2026-04-06 22:58:54,A
2593,signup,2026-03-16 12:37:30,A
2593,activation,2026-03-17 07:37:30,A
2593,feature_use,2026-03-24 07:37:30,A
2594,signup,2026-04-20 07:32:37,B
2594,activation,2026-04-21 04:32:37,B
2595,signup,2026-05-09 15:28:07,B
2596,signup,2026-03-13 12:17:43,A
2596,activation,2026-03-15 07:17:43,A
2596,feature_use,2026-03-17 07:17:43,A
2597,signup,2026-04-12 23:23:12,A
2597,activation,2026-04-13 09:23:12,A
2598,signup,2026-02-27 16:05:32,A
2598,activation,2026-03-01 00:05:32,A
2599,signup,2026-02-24 20:34:25,B
2599,activation,2026-02-25 11:34:25,B
2600,signup,2026-03-27 07:48:13,B
2600,activation,2026-03-28 03:48:13,B
2601,signup,2026-04-16 17:46:38,A
2601,activation,2026-04-18 11:46:38,A
2601,feature_use,2026-04-24 11:46:38,A
2602,signup,2026-03-18 14:56:52,A
2602,activation,2026-03-18 23:56:52,A
2603,signup,2026-03-09 21:10:36,B
2603,activation,2026-03-10 17:10:36,B
2604,signup,2026-05-16 02:39:02,A
2605,signup,2026-05-08 00:46:29,B
2606,signup,2026-05-19 19:05:55,A
2606,activation,2026-05-20 08:05:55,A
2607,signup,2026-04-04 08:18:58,A
2608,signup,2026-04-24 22:08:30,B
2608,activation,2026-04-26 22:08:30,B
2608,feature_use,2026-05-01 22:08:30,B
2609,signup,2026-04-07 11:17:51,A
2609,activation,2026-04-07 12:17:51,A
2609,feature_use,2026-04-09 12:17:51,A
2610,signup,2026-03-08 16:01:27,B
2611,signup,2026-05-08 15:07:18,B
2612,signup,2026-02-23 05:24:50,B
2612,activation,2026-02-24 23:24:50,B
2613,signup,2026-02-24 01:30:16,B
2613,activation,2026-02-24 12:30:16,B
2614,signup,2026-04-13 01:57:47,B
2614,activation,2026-04-13 15:57:47,B
2615,signup,2026-05-07 08:46:49,B
2616,signup,2026-03-23 19:23:30,A
2617,signup,2026-03-03 03:55:51,B
2617,activation,2026-03-03 09:55:51,B
2618,signup,2026-04-13 22:51:34,B
2618,activation,2026-04-14 07:51:34,B
2619,signup,2026-02-24 16:30:27,B
2619,activation,2026-02-25 18:30:27,B
2619,feature_use,2026-02-26 18:30:27,B
2619,purchase,2026-03-07 18:30:27,B
2620,signup,2026-03-09 08:35:54,B
2620,activation,2026-03-10 23:35:54,B
2620,feature_use,2026-03-12 23:35:54,B
2621,signup,2026-03-02 11:25:43,B
2622,signup,2026-03-14 22:31:37,A
2622,activation,2026-03-15 10:31:37,A
2623,signup,2026-03-24 22:44:38,A
2623,activation,2026-03-26 02:44:38,A
2624,signup,2026-04-21 08:26:26,B
2624,activation,2026-04-21 16:26:26,B
2624,feature_use,2026-04-22 16:26:26,B
2625,signup,2026-03-17 07:18:01,A
2625,activation,2026-03-19 06:18:01,A
2625,feature_use,2026-03-22 06:18:01,A
2626,signup,2026-02-22 23:23:55,A
2626,activation,2026-02-24 19:23:55,A
2626,feature_use,2026-02-28 19:23:55,A
2627,signup,2026-03-20 03:30:07,B
2627,activation,2026-03-20 17:30:07,B
2627,feature_use,2026-03-25 17:30:07,B
2627,purchase,2026-03-28 17:30:07,B
2628,signup,2026-03-31 23:51:44,B
2628,activation,2026-04-01 03:51:44,B
2629,signup,2026-05-09 19:03:05,B
2629,activation,2026-05-11 02:03:05,B
2629,feature_use,2026-05-15 02:03:05,B
2630,signup,2026-03-05 14:39:32,B
2631,signup,2026-05-02 17:55:44,A
2631,activation,2026-05-04 14:55:44,A
2632,signup,2026-03-03 03:25:20,B
2633,signup,2026-03-29 08:12:46,B
2633,activation,2026-03-30 23:12:46,B
2633,feature_use,2026-04-03 23:12:46,B
2634,signup,2026-03-26 01:49:15,A
2634,activation,2026-03-26 11:49:15,A
2635,signup,2026-03-04 09:20:01,A
2636,signup,2026-05-10 06:50:59,B
2637,signup,2026-02-23 13:59:23,A
2638,signup,2026-05-08 19:05:34,A
2639,signup,2026-04-04 09:38:23,B
2640,signup,2026-03-05 06:38:18,A
2641,signup,2026-04-08 19:25:00,B
2642,signup,2026-04-07 21:01:07,B
2643,signup,2026-04-12 06:15:30,B
2643,activation,2026-04-12 21:15:30,B
2644,signup,2026-04-02 18:35:36,A
2644,activation,2026-04-04 18:35:36,A
2644,feature_use,2026-04-07 18:35:36,A
2645,signup,2026-03-08 03:31:40,A
2645,activation,2026-03-10 03:31:40,A
2645,feature_use,2026-03-13 03:31:40,A
2646,signup,2026-04-09 05:32:03,B
2647,signup,2026-02-25 10:53:53,B
2648,signup,2026-02-26 10:46:54,B
2648,activation,2026-02-27 07:46:54,B
2648,feature_use,2026-03-02 07:46:54,B
2649,signup,2026-02-27 16:02:44,A
2650,signup,2026-04-19 02:24:26,A
2651,signup,2026-04-04 13:44:34,B
2651,activation,2026-04-05 03:44:34,B
2652,signup,2026-04-25 12:52:44,A
2652,activation,2026-04-26 04:52:44,A
2652,feature_use,2026-04-29 04:52:44,A
2653,signup,2026-04-07 12:49:07,A
2653,activation,2026-04-08 12:49:07,A
2653,feature_use,2026-04-11 12:49:07,A
2654,signup,2026-04-07 09:59:32,B
2654,activation,2026-04-07 11:59:32,B
2654,feature_use,2026-04-08 11:59:32,B
2655,signup,2026-04-08 19:39:23,B
2655,activation,2026-04-09 03:39:23,B
2656,signup,2026-02-26 09:38:08,B
2657,signup,2026-03-12 01:39:16,B
2658,signup,2026-05-14 18:46:02,A
2658,activation,2026-05-15 10:46:02,A
2659,signup,2026-05-12 09:04:25,A
2660,signup,2026-02-27 19:52:13,B
2660,activation,2026-03-01 18:52:13,B
2660,feature_use,2026-03-05 18:52:13,B
2661,signup,2026-05-13 07:00:09,A
2661,activation,2026-05-14 19:00:09,A
2661,feature_use,2026-05-19 19:00:09,A
2661,purchase,2026-05-21 19:00:09,A
2662,signup,2026-03-23 11:45:55,A
2662,activation,2026-03-24 15:45:55,A
2663,signup,2026-03-04 05:57:07,B
2663,activation,2026-03-05 21:57:07,B
2663,feature_use,2026-03-12 21:57:07,B
2663,purchase,2026-03-15 21:57:07,B
2664,signup,2026-04-24 01:47:15,B
2664,activation,2026-04-25 22:47:15,B
2665,signup,2026-03-24 01:29:30,B
2665,activation,2026-03-25 09:29:30,B
2665,feature_use,2026-03-26 09:29:30,B
2666,signup,2026-02-22 02:39:30,A
2666,activation,2026-02-23 03:39:30,A
2666,feature_use,2026-02-26 03:39:30,A
2667,signup,2026-03-03 00:17:15,B
2667,activation,2026-03-04 13:17:15,B
2668,signup,2026-04-15 12:36:24,A
2669,signup,2026-03-16 11:04:52,B
2670,signup,2026-04-02 11:33:18,A
2670,activation,2026-04-03 21:33:18,A
2670,feature_use,2026-04-08 21:33:18,A
2671,signup,2026-03-04 05:18:51,A
2672,signup,2026-04-09 00:17:13,B
2673,signup,2026-03-16 18:17:43,A
2673,activation,2026-03-18 15:17:43,A
2674,signup,2026-03-08 03:50:51,A
2674,activation,2026-03-08 05:50:51,A
2674,feature_use,2026-03-13 05:50:51,A
2675,signup,2026-02-22 00:11:11,A
2676,signup,2026-04-05 16:27:45,B
2676,activation,2026-04-06 00:27:45,B
2677,signup,2026-03-18 17:13:22,B
2677,activation,2026-03-19 18:13:22,B
2677,feature_use,2026-03-22 18:13:22,B
2678,signup,2026-04-12 14:38:59,B
2679,signup,2026-03-05 19:16:08,B
2679,activation,2026-03-06 17:16:08,B
2679,feature_use,2026-03-10 17:16:08,B
2680,signup,2026-03-25 01:02:47,A
2680,activation,2026-03-25 23:02:47,A
2680,feature_use,2026-03-29 23:02:47,A
2680,purchase,2026-03-30 23:02:47,A
2681,signup,2026-03-25 01:20:14,A
2682,signup,2026-04-15 08:52:30,B
2683,signup,2026-02-28 00:35:36,B
2684,signup,2026-03-25 07:01:15,A
2684,activation,2026-03-27 06:01:15,A
2684,feature_use,2026-04-01 06:01:15,A
2685,signup,2026-05-02 04:39:20,B
2685,activation,2026-05-03 21:39:20,B
2686,signup,2026-04-30 08:32:49,A
2686,activation,2026-04-30 21:32:49,A
2686,feature_use,2026-05-07 21:32:49,A
2687,signup,2026-03-01 23:17:29,B
2687,activation,2026-03-02 16:17:29,B
2688,signup,2026-03-09 13:27:07,B
2689,signup,2026-03-21 19:38:04,A
2689,activation,2026-03-22 16:38:04,A
2689,feature_use,2026-03-28 16:38:04,A
2690,signup,2026-05-03 02:33:11,A
2691,signup,2026-05-10 19:06:49,B
2692,signup,2026-05-07 02:41:47,A
2692,activation,2026-05-08 11:41:47,A
2693,signup,2026-03-12 01:00:31,A
2694,signup,2026-05-01 06:34:11,A
2694,activation,2026-05-02 13:34:11,A
2695,signup,2026-03-02 13:04:50,B
2695,activation,2026-03-03 09:04:50,B
2696,signup,2026-04-10 19:15:11,B
2696,activation,2026-04-12 17:15:11,B
2697,signup,2026-05-07 06:14:51,B
2698,signup,2026-02-26 21:43:22,A
2699,signup,2026-03-10 16:26:51,B
2700,signup,2026-05-07 10:19:08,A
2700,activation,2026-05-09 10:19:08,A
2701,signup,2026-04-21 20:31:41,A
2701,activation,2026-04-22 21:31:41,A
2701,feature_use,2026-04-29 21:31:41,A
2702,signup,2026-04-21 14:06:38,B
2702,activation,2026-04-22 04:06:38,B
2703,signup,2026-04-27 19:16:45,A
2703,activation,2026-04-29 17:16:45,A
2704,signup,2026-04-04 09:17:53,A
2704,activation,2026-04-05 21:17:53,A
2705,signup,2026-02-27 14:10:20,A
2705,activation,2026-03-01 07:10:20,A
2705,feature_use,2026-03-05 07:10:20,A
2706,signup,2026-05-03 19:13:42,A
2706,activation,2026-05-05 11:13:42,A
2706,feature_use,2026-05-12 11:13:42,A
2707,signup,2026-04-24 04:16:52,A
2707,activation,2026-04-26 02:16:52,A
2708,signup,2026-03-28 00:36:29,A
2709,signup,2026-03-07 21:26:57,A
2709,activation,2026-03-09 12:26:57,A
2709,feature_use,2026-03-12 12:26:57,A
2709,purchase,2026-03-16 12:26:57,A
2710,signup,2026-03-07 05:34:34,A
2711,signup,2026-05-12 12:21:04,A
2711,activation,2026-05-13 23:21:04,A
2711,feature_use,2026-05-16 23:21:04,A
2712,signup,2026-05-01 03:22:05,A
2713,signup,2026-04-26 11:51:32,A
2713,activation,2026-04-28 10:51:32,A
2713,feature_use,2026-05-02 10:51:32,A
2714,signup,2026-04-19 22:27:11,B
2715,signup,2026-04-09 07:23:00,A
2715,activation,2026-04-11 04:23:00,A
2716,signup,2026-04-22 15:02:25,A
2716,activation,2026-04-23 07:02:25,A
2717,signup,2026-03-20 15:36:11,B
2718,signup,2026-05-09 09:05:27,B
2718,activation,2026-05-10 11:05:27,B
2718,feature_use,2026-05-11 11:05:27,B
2719,signup,2026-04-04 15:51:28,B
2719,activation,2026-04-04 16:51:28,B
2719,feature_use,2026-04-08 16:51:28,B
2720,signup,2026-05-04 03:36:51,B
2721,signup,2026-03-28 20:24:16,A
2721,activation,2026-03-29 18:24:16,A
2722,signup,2026-04-08 06:41:34,A
2722,activation,2026-04-10 03:41:34,A
2722,feature_use,2026-04-12 03:41:34,A
2723,signup,2026-02-26 19:56:16,B
2723,activation,2026-02-28 14:56:16,B
2723,feature_use,2026-03-02 14:56:16,B
2724,signup,2026-04-27 13:36:02,B
2724,activation,2026-04-29 12:36:02,B
2724,feature_use,2026-05-01 12:36:02,B
2725,signup,2026-04-13 09:26:17,B
2725,activation,2026-04-14 13:26:17,B
2726,signup,2026-04-14 23:57:08,B
2726,activation,2026-04-16 13:57:08,B
2726,feature_use,2026-04-20 13:57:08,B
2727,signup,2026-05-06 23:24:24,B
2727,activation,2026-05-08 18:24:24,B
2728,signup,2026-03-19 16:39:23,B
2728,activation,2026-03-20 06:39:23,B
2728,feature_use,2026-03-22 06:39:23,B
2729,signup,2026-05-07 04:21:54,B
2729,activation,2026-05-08 18:21:54,B
2730,signup,2026-05-10 06:52:05,A
2730,activation,2026-05-11 09:52:05,A
2730,feature_use,2026-05-15 09:52:05,A
2731,signup,2026-04-27 06:54:06,B
2732,signup,2026-02-22 23:03:07,A
2732,activation,2026-02-23 12:03:07,A
2733,signup,2026-03-05 12:35:36,B
2734,signup,2026-03-17 14:29:28,B
2734,activation,2026-03-19 05:29:28,B
2735,signup,2026-03-20 17:00:13,A
2735,activation,2026-03-22 06:00:13,A
2736,signup,2026-04-25 07:45:33,B
2736,activation,2026-04-27 00:45:33,B
2737,signup,2026-04-05 14:17:51,A
2737,activation,2026-04-07 04:17:51,A
2738,signup,2026-03-15 01:25:37,A
2738,activation,2026-03-15 08:25:37,A
2739,signup,2026-05-05 17:51:52,B
2740,signup,2026-04-29 15:15:00,A
2740,activation,2026-05-01 09:15:00,A
2741,signup,2026-02-25 18:49:23,A
2741,activation,2026-02-26 11:49:23,A
2741,feature_use,2026-03-03 11:49:23,A
2742,signup,2026-03-22 04:51:35,B
2743,signup,2026-04-19 23:17:56,B
2743,activation,2026-04-20 22:17:56,B
2744,signup,2026-03-11 04:29:58,B
2744,activation,2026-03-12 02:29:58,B
2744,feature_use,2026-03-14 02:29:58,B
2745,signup,2026-04-19 16:11:52,A
2746,signup,2026-02-21 03:19:52,A
2746,activation,2026-02-22 17:19:52,A
2746,feature_use,2026-02-28 17:19:52,A
2747,signup,2026-05-09 15:37:18,A
2748,signup,2026-04-12 16:40:12,B
2748,activation,2026-04-14 00:40:12,B
2749,signup,2026-04-25 20:29:40,A
2749,activation,2026-04-25 22:29:40,A
2749,feature_use,2026-05-02 22:29:40,A
2750,signup,2026-03-25 14:50:24,A
2750,activation,2026-03-25 21:50:24,A
2751,signup,2026-03-02 17:51:41,B
2752,signup,2026-03-09 21:21:18,B
2752,activation,2026-03-11 19:21:18,B
2752,feature_use,2026-03-15 19:21:18,B
2753,signup,2026-04-19 08:45:04,A
2753,activation,2026-04-20 10:45:04,A
2754,signup,2026-04-07 06:01:13,A
2754,activation,2026-04-07 15:01:13,A
2754,feature_use,2026-04-08 15:01:13,A
2755,signup,2026-04-13 14:15:29,A
2756,signup,2026-05-09 17:27:58,A
2756,activation,2026-05-10 03:27:58,A
2756,feature_use,2026-05-15 03:27:58,A
2757,signup,2026-03-16 09:25:28,A
2757,activation,2026-03-18 01:25:28,A
2757,feature_use,2026-03-19 01:25:28,A
2758,signup,2026-05-12 10:49:58,A
2758,activation,2026-05-13 15:49:58,A
2758,feature_use,2026-05-20 15:49:58,A
2759,signup,2026-04-26 05:49:15,B
2760,signup,2026-03-03 02:25:54,A
2761,signup,2026-03-08 19:39:01,A
2762,signup,2026-02-21 14:52:11,B
2762,activation,2026-02-23 06:52:11,B
2762,feature_use,2026-02-24 06:52:11,B
2763,signup,2026-03-06 17:19:01,B
2763,activation,2026-03-07 05:19:01,B
2763,feature_use,2026-03-09 05:19:01,B
2764,signup,2026-04-10 01:04:45,A
2764,activation,2026-04-11 04:04:45,A
2764,feature_use,2026-04-14 04:04:45,A
2765,signup,2026-03-23 09:57:04,B
2766,signup,2026-03-12 04:06:44,A
2766,activation,2026-03-12 17:06:44,A
2766,feature_use,2026-03-19 17:06:44,A
2767,signup,2026-04-13 02:55:34,A
2768,signup,2026-05-20 11:50:44,B
2769,signup,2026-03-08 09:59:16,A
2769,activation,2026-03-09 18:59:16,A
2769,feature_use,2026-03-15 18:59:16,A
2769,purchase,2026-03-20 18:59:16,A
2770,signup,2026-04-12 07:43:40,B
2770,activation,2026-04-12 10:43:40,B
2770,feature_use,2026-04-13 10:43:40,B
2770,purchase,2026-04-18 10:43:40,B
2771,signup,2026-03-06 00:56:19,B
2771,activation,2026-03-07 21:56:19,B
2772,signup,2026-05-01 07:44:32,B
2772,activation,2026-05-02 05:44:32,B
2773,signup,2026-04-24 19:10:59,A
2773,activation,2026-04-26 05:10:59,A
2773,feature_use,2026-05-02 05:10:59,A
2774,signup,2026-02-28 20:23:16,B
2775,signup,2026-04-20 07:05:16,B
2776,signup,2026-03-07 20:49:33,A
2776,activation,2026-03-08 02:49:33,A
2777,signup,2026-02-20 13:49:45,A
2778,signup,2026-04-12 13:16:54,A
2779,signup,2026-03-11 23:51:19,B
2779,activation,2026-03-13 18:51:19,B
2779,feature_use,2026-03-20 18:51:19,B
2780,signup,2026-04-26 16:13:06,B
2781,signup,2026-04-21 05:25:41,B
2781,activation,2026-04-21 16:25:41,B
2781,feature_use,2026-04-23 16:25:41,B
2782,signup,2026-04-02 03:13:34,A
2782,activation,2026-04-02 11:13:34,A
2782,feature_use,2026-04-06 11:13:34,A
2782,purchase,2026-04-15 11:13:34,A
2783,signup,2026-04-10 05:46:59,B
2783,activation,2026-04-10 18:46:59,B
2783,feature_use,2026-04-16 18:46:59,B
2784,signup,2026-05-13 07:03:45,A
2784,activation,2026-05-14 09:03:45,A
2785,signup,2026-05-04 06:57:29,A
2786,signup,2026-03-04 02:39:52,B
2787,signup,2026-04-29 23:50:28,B
2787,activation,2026-04-30 20:50:28,B
2788,signup,2026-02-21 05:32:43,A
2788,activation,2026-02-21 20:32:43,A
2789,signup,2026-04-23 23:09:35,B
2789,activation,2026-04-24 19:09:35,B
2790,signup,2026-05-09 17:16:32,A
2790,activation,2026-05-11 05:16:32,A
2791,signup,2026-05-06 13:49:07,B
2791,activation,2026-05-08 13:49:07,B
2792,signup,2026-04-28 22:52:13,B
2792,activation,2026-04-30 19:52:13,B
2793,signup,2026-05-15 10:26:27,B
2794,signup,2026-03-31 15:12:36,B
2794,activation,2026-04-02 07:12:36,B
2795,signup,2026-04-01 01:45:40,A
2796,signup,2026-05-15 02:21:18,B
2796,activation,2026-05-15 22:21:18,B
2797,signup,2026-05-15 01:07:48,B
2797,activation,2026-05-16 18:07:48,B
2798,signup,2026-04-22 09:23:23,B
2798,activation,2026-04-23 00:23:23,B
2799,signup,2026-02-23 02:47:10,A
2800,signup,2026-04-28 18:39:56,A
2801,signup,2026-05-11 23:00:32,A
2801,activation,2026-05-12 01:00:32,A
2801,feature_use,2026-05-14 01:00:32,A
2802,signup,2026-03-09 05:20:24,B
2803,signup,2026-05-14 07:56:13,A
2803,activation,2026-05-15 15:56:13,A
2804,signup,2026-03-11 11:38:16,B
2804,activation,2026-03-12 16:38:16,B
2805,signup,2026-03-28 02:56:15,B
2805,activation,2026-03-29 08:56:15,B
2806,signup,2026-02-26 09:31:59,A
2807,signup,2026-03-13 20:16:01,A
2807,activation,2026-03-14 19:16:01,A
2808,signup,2026-03-31 11:56:45,A
2808,activation,2026-04-01 04:56:45,A
2808,feature_use,2026-04-04 04:56:45,A
2809,signup,2026-04-19 10:30:25,A
2809,activation,2026-04-21 01:30:25,A
2809,feature_use,2026-04-22 01:30:25,A
2810,signup,2026-05-15 10:53:45,A
2810,activation,2026-05-16 16:53:45,A
2811,signup,2026-05-02 19:23:29,B
2811,activation,2026-05-02 20:23:29,B
2812,signup,2026-05-13 20:05:34,B
2812,activation,2026-05-14 20:05:34,B
2813,signup,2026-05-01 03:11:15,B
2814,signup,2026-04-26 12:20:30,B
2814,activation,2026-04-28 05:20:30,B
2815,signup,2026-03-20 23:03:23,B
2815,activation,2026-03-22 14:03:23,B
2816,signup,2026-05-17 19:59:12,A
2816,activation,2026-05-18 22:59:12,A
2817,signup,2026-03-11 09:10:31,B
2818,signup,2026-03-29 03:28:58,A
2819,signup,2026-03-10 01:34:34,A
2819,activation,2026-03-11 23:34:34,A
2819,feature_use,2026-03-16 23:34:34,A
2820,signup,2026-04-10 07:40:17,B
2820,activation,2026-04-10 10:40:17,B
2821,signup,2026-04-17 04:41:25,A
2821,activation,2026-04-18 09:41:25,A
2821,feature_use,2026-04-23 09:41:25,A
2822,signup,2026-03-09 07:22:20,A
2823,signup,2026-03-16 10:24:02,B
2824,signup,2026-04-15 07:05:33,A
2824,activation,2026-04-16 06:05:33,A
2824,feature_use,2026-04-18 06:05:33,A
2825,signup,2026-05-07 05:43:42,B
2826,signup,2026-04-07 01:59:13,B
2827,signup,2026-04-08 04:16:22,A
2827,activation,2026-04-09 19:16:22,A
2828,signup,2026-03-26 07:10:34,A
2829,signup,2026-04-15 01:20:10,A
2829,activation,2026-04-16 03:20:10,A
2830,signup,2026-04-11 03:44:29,B
2830,activation,2026-04-12 22:44:29,B
2830,feature_use,2026-04-14 22:44:29,B
2830,purchase,2026-04-16 22:44:29,B
2831,signup,2026-04-09 22:03:37,B
2832,signup,2026-03-08 00:10:48,B
2833,signup,2026-05-15 03:49:02,B
2833,activation,2026-05-16 12:49:02,B
2834,signup,2026-05-03 21:20:58,B
2834,activation,2026-05-04 09:20:58,B
2834,feature_use,2026-05-06 09:20:58,B
2834,purchase,2026-05-12 09:20:58,B
2835,signup,2026-04-20 06:48:44,B
2836,signup,2026-04-12 16:02:09,B
2836,activation,2026-04-13 15:02:09,B
2837,signup,2026-02-19 21:10:27,B
2837,activation,2026-02-21 01:10:27,B
2838,signup,2026-03-01 11:50:43,A
2838,activation,2026-03-03 10:50:43,A
2838,feature_use,2026-03-10 10:50:43,A
2839,signup,2026-05-13 03:38:21,B
2839,activation,2026-05-13 04:38:21,B
2839,feature_use,2026-05-17 04:38:21,B
2840,signup,2026-04-15 22:22:22,A
2840,activation,2026-04-16 13:22:22,A
2841,signup,2026-03-14 14:30:32,B
2842,signup,2026-04-07 18:08:41,B
2842,activation,2026-04-07 20:08:41,B
2842,feature_use,2026-04-09 20:08:41,B
2842,purchase,2026-04-12 20:08:41,B
2843,signup,2026-04-13 04:58:52,B
2844,signup,2026-03-04 13:05:09,B
2845,signup,2026-04-03 09:22:37,B
2845,activation,2026-04-03 22:22:37,B
2846,signup,2026-03-23 11:42:51,A
2846,activation,2026-03-24 17:42:51,A
2847,signup,2026-05-05 06:48:34,B
2847,activation,2026-05-05 07:48:34,B
2847,feature_use,2026-05-07 07:48:34,B
2848,signup,2026-03-19 23:40:01,B
2848,activation,2026-03-21 09:40:01,B
2849,signup,2026-03-20 06:26:27,B
2849,activation,2026-03-21 02:26:27,B
2849,feature_use,2026-03-27 02:26:27,B
2850,signup,2026-04-06 19:58:59,A
2851,signup,2026-02-25 10:58:05,B
2851,activation,2026-02-27 10:58:05,B
2852,signup,2026-03-17 03:54:39,A
2853,signup,2026-05-18 03:23:54,A
2853,activation,2026-05-20 01:23:54,A
2853,feature_use,2026-05-21 01:23:54,A
2854,signup,2026-03-05 20:28:00,A
2854,activation,2026-03-06 17:28:00,A
2855,signup,2026-04-25 08:50:00,A
2856,signup,2026-05-03 03:19:18,A
2856,activation,2026-05-05 01:19:18,A
2857,signup,2026-02-25 01:02:28,A
2858,signup,2026-03-24 18:15:03,A
2858,activation,2026-03-25 17:15:03,A
2858,feature_use,2026-04-01 17:15:03,A
2859,signup,2026-05-04 00:18:25,B
2859,activation,2026-05-05 02:18:25,B
2859,feature_use,2026-05-10 02:18:25,B
2859,purchase,2026-05-11 02:18:25,B
2860,signup,2026-03-09 19:48:56,B
2861,signup,2026-05-14 22:34:05,A
2861,activation,2026-05-15 05:34:05,A
2862,signup,2026-04-01 18:46:08,A
2863,signup,2026-03-29 19:19:47,B
2863,activation,2026-03-30 10:19:47,B
2864,signup,2026-04-04 06:49:20,B
2864,activation,2026-04-05 07:49:20,B
2864,feature_use,2026-04-06 07:49:20,B
2865,signup,2026-05-18 08:33:54,B
2866,signup,2026-03-14 17:04:26,B
2866,activation,2026-03-16 03:04:26,B
2867,signup,2026-04-16 12:30:33,A
2868,signup,2026-05-03 10:22:38,B
2868,activation,2026-05-04 02:22:38,B
2869,signup,2026-03-09 05:08:17,A
2870,signup,2026-04-17 16:20:23,B
2870,activation,2026-04-18 07:20:23,B
2871,signup,2026-03-14 18:22:47,A
2871,activation,2026-03-16 11:22:47,A
2872,signup,2026-05-19 15:06:30,B
2873,signup,2026-05-07 06:44:36,B
2874,signup,2026-04-28 12:23:05,A
2874,activation,2026-04-29 05:23:05,A
2874,feature_use,2026-04-30 05:23:05,A
2875,signup,2026-05-11 06:01:30,A
2875,activation,2026-05-12 10:01:30,A
2876,signup,2026-03-13 17:49:50,A
2876,activation,2026-03-14 07:49:50,A
2877,signup,2026-02-23 13:05:42,B
2877,activation,2026-02-23 21:05:42,B
2877,feature_use,2026-02-28 21:05:42,B
2878,signup,2026-05-18 17:21:31,A
2878,activation,2026-05-20 03:21:31,A
2878,feature_use,2026-05-21 03:21:31,A
2879,signup,2026-04-21 03:11:32,A
2879,activation,2026-04-22 03:11:32,A
2879,feature_use,2026-04-24 03:11:32,A
2879,purchase,2026-05-01 03:11:32,A
2880,signup,2026-04-05 16:36:48,A
2880,activation,2026-04-05 18:36:48,A
2880,feature_use,2026-04-10 18:36:48,A
2881,signup,2026-04-20 01:43:46,B
2882,signup,2026-04-06 13:29:35,A
2883,signup,2026-03-16 20:43:10,A
2884,signup,2026-03-12 10:24:38,A
2884,activation,2026-03-13 10:24:38,A
2884,feature_use,2026-03-19 10:24:38,A
2884,purchase,2026-03-29 10:24:38,A
2885,signup,2026-03-19 10:13:19,B
2885,activation,2026-03-20 00:13:19,B
2886,signup,2026-02-22 07:32:33,B
2887,signup,2026-03-16 06:11:13,B
2888,signup,2026-04-14 02:50:10,A
2889,signup,2026-05-19 12:23:53,A
2890,signup,2026-04-16 10:20:25,B
2890,activation,2026-04-18 06:20:25,B
2891,signup,2026-02-25 10:05:53,B
2891,activation,2026-02-26 08:05:53,B
2891,feature_use,2026-02-27 08:05:53,B
2892,signup,2026-03-01 20:56:21,B
2893,signup,2026-02-20 04:00:28,A
2893,activation,2026-02-21 11:00:28,A
2893,feature_use,2026-02-26 11:00:28,A
2894,signup,2026-03-23 18:33:58,A
2894,activation,2026-03-25 14:33:58,A
2894,feature_use,2026-03-29 14:33:58,A
2895,signup,2026-03-20 16:04:00,B
2896,signup,2026-03-16 20:21:04,A
2896,activation,2026-03-18 06:21:04,A
2896,feature_use,2026-03-23 06:21:04,A
2897,signup,2026-03-21 01:21:38,B
2898,signup,2026-03-24 18:07:35,B
2898,activation,2026-03-26 01:07:35,B
2899,signup,2026-04-09 23:25:39,B
2899,activation,2026-04-11 10:25:39,B
2899,feature_use,2026-04-14 10:25:39,B
2900,signup,2026-02-27 12:16:38,A
2900,activation,2026-02-28 05:16:38,A
2901,signup,2026-03-10 17:00:08,B
2901,activation,2026-03-11 03:00:08,B
2901,feature_use,2026-03-14 03:00:08,B
2902,signup,2026-03-29 01:40:22,B
2902,activation,2026-03-30 23:40:22,B
2902,feature_use,2026-04-06 23:40:22,B
2903,signup,2026-02-20 19:17:02,B
2903,activation,2026-02-22 14:17:02,B
2903,feature_use,2026-02-25 14:17:02,B
2903,purchase,2026-03-06 14:17:02,B
2904,signup,2026-04-04 10:00:54,A
2905,signup,2026-04-18 07:27:08,B
2906,signup,2026-05-06 10:21:18,B
2906,activation,2026-05-08 01:21:18,B
2906,feature_use,2026-05-10 01:21:18,B
2907,signup,2026-04-01 13:34:49,A
2907,activation,2026-04-01 23:34:49,A
2908,signup,2026-04-01 14:12:31,A
2908,activation,2026-04-03 01:12:31,A
2909,signup,2026-03-12 21:03:59,B
2910,signup,2026-04-03 04:07:22,A
2911,signup,2026-02-25 13:45:52,A
2912,signup,2026-04-06 22:54:33,B
2912,activation,2026-04-08 07:54:33,B
2912,feature_use,2026-04-15 07:54:33,B
2913,signup,2026-04-17 01:24:03,A
2913,activation,2026-04-17 06:24:03,A
2914,signup,2026-05-12 00:35:50,B
2914,activation,2026-05-13 10:35:50,B
2915,signup,2026-03-28 00:49:32,A
2915,activation,2026-03-28 08:49:32,A
2916,signup,2026-03-09 16:37:46,B
2916,activation,2026-03-10 05:37:46,B
2916,feature_use,2026-03-16 05:37:46,B
2916,purchase,2026-03-24 05:37:46,B
2917,signup,2026-05-05 13:05:56,A
2918,signup,2026-03-27 12:54:14,A
2918,activation,2026-03-28 07:54:14,A
2918,feature_use,2026-04-03 07:54:14,A
2919,signup,2026-04-22 20:11:10,B
2919,activation,2026-04-22 22:11:10,B
2919,feature_use,2026-04-26 22:11:10,B
2920,signup,2026-03-17 19:28:17,B
2920,activation,2026-03-18 22:28:17,B
2921,signup,2026-03-02 13:18:13,A
2921,activation,2026-03-03 07:18:13,A
2921,feature_use,2026-03-09 07:18:13,A
2922,signup,2026-05-01 02:54:50,A
2922,activation,2026-05-02 08:54:50,A
2922,feature_use,2026-05-07 08:54:50,A
2923,signup,2026-02-28 15:58:59,A
2923,activation,2026-03-02 14:58:59,A
2924,signup,2026-04-01 20:25:56,A
2924,activation,2026-04-03 04:25:56,A
2924,feature_use,2026-04-10 04:25:56,A
2924,purchase,2026-04-16 04:25:56,A
2925,signup,2026-05-14 19:14:23,B
2926,signup,2026-03-10 03:10:33,B
2927,signup,2026-05-13 03:16:20,B
2927,activation,2026-05-15 03:16:20,B
2928,signup,2026-02-20 20:36:32,A
2928,activation,2026-02-22 15:36:32,A
2929,signup,2026-02-26 03:04:51,A
2929,activation,2026-02-28 02:04:51,A
2930,signup,2026-05-10 10:05:14,A
2930,activation,2026-05-10 21:05:14,A
2930,feature_use,2026-05-16 21:05:14,A
2931,signup,2026-04-03 21:02:49,B
2931,activation,2026-04-04 14:02:49,B
2932,signup,2026-04-06 21:01:22,A
2932,activation,2026-04-07 03:01:22,A
2933,signup,2026-04-05 04:53:50,A
2933,activation,2026-04-07 03:53:50,A
2933,feature_use,2026-04-12 03:53:50,A
2934,signup,2026-05-02 18:34:18,B
2934,activation,2026-05-04 13:34:18,B
2935,signup,2026-03-11 04:11:41,B
2935,activation,2026-03-12 05:11:41,B
2936,signup,2026-04-30 15:24:56,B
2936,activation,2026-05-01 00:24:56,B
2936,feature_use,2026-05-04 00:24:56,B
2937,signup,2026-05-12 01:15:59,A
2938,signup,2026-05-13 03:38:02,A
2938,activation,2026-05-14 16:38:02,A
2939,signup,2026-04-23 17:14:44,A
2940,signup,2026-05-18 16:45:50,A
2941,signup,2026-03-02 15:11:31,B
2942,signup,2026-05-02 17:26:50,B
2943,signup,2026-03-05 17:08:47,B
2943,activation,2026-03-06 04:08:47,B
2943,feature_use,2026-03-11 04:08:47,B
2944,signup,2026-03-03 15:23:05,A
2944,activation,2026-03-04 03:23:05,A
2945,signup,2026-03-28 03:32:57,A
2946,signup,2026-04-12 07:31:36,B
2946,activation,2026-04-13 11:31:36,B
2946,feature_use,2026-04-17 11:31:36,B
2947,signup,2026-05-03 17:53:38,A
2947,activation,2026-05-04 10:53:38,A
2947,feature_use,2026-05-05 10:53:38,A
2948,signup,2026-03-01 20:05:50,B
2948,activation,2026-03-03 09:05:50,B
2948,feature_use,2026-03-10 09:05:50,B
2949,signup,2026-03-30 09:35:14,B
2949,activation,2026-03-30 20:35:14,B
2950,signup,2026-03-18 08:15:22,B
2950,activation,2026-03-20 08:15:22,B
2950,feature_use,2026-03-22 08:15:22,B
2951,signup,2026-03-31 08:23:52,B
2951,activation,2026-04-01 06:23:52,B
2951,feature_use,2026-04-04 06:23:52,B
2951,purchase,2026-04-12 06:23:52,B
2952,signup,2026-05-09 10:05:02,A
2952,activation,2026-05-09 18:05:02,A
2953,signup,2026-05-01 08:44:11,A
2954,signup,2026-03-20 12:37:09,B
2955,signup,2026-03-25 15:35:51,B
2956,signup,2026-04-12 01:06:59,B
2957,signup,2026-03-15 11:42:06,A
2957,activation,2026-03-16 05:42:06,A
2958,signup,2026-03-13 10:42:00,B
2958,activation,2026-03-14 06:42:00,B
2959,signup,2026-03-17 05:17:16,B
2960,signup,2026-04-16 05:07:23,B
2961,signup,2026-04-24 10:27:57,B
2961,activation,2026-04-25 06:27:57,B
2961,feature_use,2026-04-27 06:27:57,B
2962,signup,2026-03-22 05:30:12,A
2963,signup,2026-02-28 22:42:59,B
2963,activation,2026-03-01 02:42:59,B
2964,signup,2026-02-27 11:22:25,B
2964,activation,2026-02-28 02:22:25,B
2964,feature_use,2026-03-02 02:22:25,B
2965,signup,2026-02-23 14:05:24,A
2965,activation,2026-02-24 18:05:24,A
2965,feature_use,2026-03-01 18:05:24,A
2965,purchase,2026-03-09 18:05:24,A
2966,signup,2026-03-06 08:25:13,A
2967,signup,2026-05-02 02:10:27,A
2967,activation,2026-05-04 01:10:27,A
2967,feature_use,2026-05-06 01:10:27,A
2967,purchase,2026-05-15 01:10:27,A
2968,signup,2026-03-23 13:17:54,B
2968,activation,2026-03-24 06:17:54,B
2969,signup,2026-05-15 04:05:59,B
2969,activation,2026-05-16 16:05:59,B
2970,signup,2026-02-22 20:57:56,B
2970,activation,2026-02-23 05:57:56,B
2971,signup,2026-03-15 14:45:43,B
2971,activation,2026-03-17 05:45:43,B
2971,feature_use,2026-03-23 05:45:43,B
2972,signup,2026-04-03 21:36:15,B
2972,activation,2026-04-04 17:36:15,B
2972,feature_use,2026-04-08 17:36:15,B
2973,signup,2026-03-30 12:53:03,B
2974,signup,2026-03-09 08:47:10,B
2975,signup,2026-04-13 02:17:26,A
2976,signup,2026-05-02 00:21:40,A
2977,signup,2026-05-16 21:43:46,A
2977,activation,2026-05-18 09:43:46,A
2977,feature_use,2026-05-21 09:43:46,A
2978,signup,2026-03-22 09:40:41,B
2978,activation,2026-03-23 07:40:41,B
2979,signup,2026-03-13 14:42:52,A
2979,activation,2026-03-14 22:42:52,A
2979,feature_use,2026-03-19 22:42:52,A
2980,signup,2026-05-05 23:49:39,B
2980,activation,2026-05-07 04:49:39,B
2980,feature_use,2026-05-10 04:49:39,B
2981,signup,2026-04-08 19:57:43,A
2981,activation,2026-04-10 09:57:43,A
2982,signup,2026-05-10 12:59:21,A
2982,activation,2026-05-10 18:59:21,A
2983,signup,2026-02-20 05:24:34,A
2984,signup,2026-03-04 02:29:39,B
2984,activation,2026-03-04 07:29:39,B
2985,signup,2026-03-30 05:44:42,A
2985,activation,2026-03-30 21:44:42,A
2986,signup,2026-05-13 06:19:00,B
2986,activation,2026-05-13 18:19:00,B
2987,signup,2026-04-28 19:31:48,A
2987,activation,2026-04-29 18:31:48,A
2987,feature_use,2026-05-02 18:31:48,A
2988,signup,2026-03-05 03:45:45,A
2988,activation,2026-03-07 00:45:45,A
2989,signup,2026-05-16 21:52:03,A
2990,signup,2026-02-27 07:58:23,A
2990,activation,2026-02-28 09:58:23,A
2991,signup,2026-03-17 09:42:21,A
2991,activation,2026-03-17 12:42:21,A
2992,signup,2026-03-30 03:44:15,B
2993,signup,2026-04-03 09:42:48,A
2993,activation,2026-04-04 22:42:48,A
2993,feature_use,2026-04-11 22:42:48,A
2994,signup,2026-03-10 06:38:59,A
2995,signup,2026-05-13 16:40:10,A
2995,activation,2026-05-14 11:40:10,A
2995,feature_use,2026-05-17 11:40:10,A
2996,signup,2026-04-17 07:13:08,B
2996,activation,2026-04-18 14:13:08,B
2996,feature_use,2026-04-23 14:13:08,B
2997,signup,2026-04-13 01:06:49,A
2998,signup,2026-04-03 03:49:10,A
2999,signup,2026-04-22 03:46:04,A
3000,signup,2026-03-27 07:58:13,B
3000,activation,2026-03-27 09:58:13,B
3000,feature_use,2026-04-01 09:58:13,B
3001,signup,2026-03-10 21:32:33,B
3001,activation,2026-03-11 21:32:33,B
3001,feature_use,2026-03-16 21:32:33,B
3002,signup,2026-03-18 16:59:18,A
3002,activation,2026-03-20 15:59:18,A
3002,feature_use,2026-03-25 15:59:18,A
3003,signup,2026-04-23 20:50:17,A
3003,activation,2026-04-24 21:50:17,A
3003,feature_use,2026-04-28 21:50:17,A
3004,signup,2026-05-13 22:29:59,B
3004,activation,2026-05-14 22:29:59,B
3004,feature_use,2026-05-17 22:29:59,B
3005,signup,2026-04-22 08:59:33,B
3005,activation,2026-04-24 07:59:33,B
3005,feature_use,2026-04-26 07:59:33,B
3006,signup,2026-05-15 06:27:51,A
3006,activation,2026-05-16 11:27:51,A
3007,signup,2026-04-23 16:03:50,A
3007,activation,2026-04-24 10:03:50,A
3007,feature_use,2026-04-28 10:03:50,A
3007,purchase,2026-05-01 10:03:50,A
3008,signup,2026-02-24 08:00:02,B
3008,activation,2026-02-26 07:00:02,B
3008,feature_use,2026-02-28 07:00:02,B
3009,signup,2026-03-04 19:58:40,B
3009,activation,2026-03-04 20:58:40,B
3010,signup,2026-03-21 09:36:55,B
3011,signup,2026-03-13 20:52:25,B
3011,activation,2026-03-13 22:52:25,B
3011,feature_use,2026-03-19 22:52:25,B
3012,signup,2026-03-31 06:50:54,B
3012,activation,2026-04-01 07:50:54,B
3012,feature_use,2026-04-06 07:50:54,B
3013,signup,2026-03-01 18:40:42,A
3013,activation,2026-03-03 12:40:42,A
3014,signup,2026-05-17 04:56:08,A
3014,activation,2026-05-17 22:56:08,A
3015,signup,2026-03-31 17:10:03,A
3015,activation,2026-04-02 09:10:03,A
3015,feature_use,2026-04-04 09:10:03,A
3016,signup,2026-04-02 15:53:15,A
3016,activation,2026-04-04 04:53:15,A
3017,signup,2026-04-10 08:07:47,B
3018,signup,2026-02-21 17:18:50,B
3019,signup,2026-04-15 08:55:27,A
3019,activation,2026-04-16 06:55:27,A
3019,feature_use,2026-04-21 06:55:27,A
3019,purchase,2026-04-27 06:55:27,A
3020,signup,2026-03-29 00:24:32,B
3020,activation,2026-03-29 09:24:32,B
3020,feature_use,2026-04-02 09:24:32,B
3020,purchase,2026-04-04 09:24:32,B
3021,signup,2026-05-17 15:26:37,B
3021,activation,2026-05-18 11:26:37,B
3022,signup,2026-05-06 17:12:02,B
3023,signup,2026-05-10 04:42:03,A
3024,signup,2026-04-28 16:31:09,A
3024,activation,2026-04-29 17:31:09,A
3025,signup,2026-04-07 14:13:47,A
3026,signup,2026-04-15 06:42:05,B
3026,activation,2026-04-16 20:42:05,B
3027,signup,2026-04-27 16:26:46,B
3028,signup,2026-05-01 11:53:26,B
3029,signup,2026-02-20 04:20:02,B
3030,signup,2026-03-25 12:33:20,A
3030,activation,2026-03-26 23:33:20,A
3031,signup,2026-04-14 02:40:19,B
3031,activation,2026-04-15 23:40:19,B
3032,signup,2026-05-12 01:08:58,A
3033,signup,2026-03-10 12:34:51,A
3034,signup,2026-05-12 02:01:24,A
3035,signup,2026-03-05 14:26:58,A
3036,signup,2026-04-30 02:48:05,B
3036,activation,2026-04-30 08:48:05,B
3036,feature_use,2026-05-03 08:48:05,B
3036,purchase,2026-05-06 08:48:05,B
3037,signup,2026-03-03 04:17:40,B
3037,activation,2026-03-03 16:17:40,B
3038,signup,2026-05-05 17:14:16,B
3039,signup,2026-05-06 09:46:46,B
3039,activation,2026-05-06 21:46:46,B
3040,signup,2026-03-23 16:56:14,B
3041,signup,2026-04-08 04:54:06,B
3041,activation,2026-04-09 06:54:06,B
3042,signup,2026-04-01 01:06:42,A
3043,signup,2026-03-16 05:52:37,B
3043,activation,2026-03-16 10:52:37,B
3044,signup,2026-05-10 01:14:27,A
3044,activation,2026-05-11 10:14:27,A
3045,signup,2026-03-21 03:07:50,B
3046,signup,2026-05-02 19:12:09,A
3046,activation,2026-05-03 23:12:09,A
3047,signup,2026-03-23 06:36:40,B
3047,activation,2026-03-25 02:36:40,B
3048,signup,2026-03-20 00:46:46,A
3048,activation,2026-03-21 20:46:46,A
3048,feature_use,2026-03-23 20:46:46,A
3049,signup,2026-03-11 04:58:35,A
3050,signup,2026-05-19 14:20:47,A
3050,activation,2026-05-21 09:20:47,A
3051,signup,2026-03-03 08:59:59,B
3051,activation,2026-03-04 03:59:59,B
3051,feature_use,2026-03-07 03:59:59,B
3051,purchase,2026-03-16 03:59:59,B
3052,signup,2026-05-16 13:49:27,A
3052,activation,2026-05-18 13:49:27,A
3053,signup,2026-05-12 09:23:01,B
3053,activation,2026-05-13 18:23:01,B
3054,signup,2026-02-27 05:22:17,A
3054,activation,2026-02-28 07:22:17,A
3055,signup,2026-05-03 05:06:26,B
3055,activation,2026-05-04 05:06:26,B
3056,signup,2026-03-24 05:04:31,A
3056,activation,2026-03-24 23:04:31,A
3056,feature_use,2026-03-28 23:04:31,A
3057,signup,2026-05-10 14:39:48,A
3057,activation,2026-05-11 07:39:48,A
3057,feature_use,2026-05-17 07:39:48,A
3057,purchase,2026-05-20 07:39:48,A
3058,signup,2026-04-23 00:12:19,A
3059,signup,2026-05-06 23:03:05,B
3060,signup,2026-02-26 13:55:03,B
3060,activation,2026-02-27 20:55:03,B
3060,feature_use,2026-03-03 20:55:03,B
3061,signup,2026-04-11 19:25:32,A
3062,signup,2026-04-08 04:18:16,A
3063,signup,2026-03-15 04:51:19,B
3063,activation,2026-03-15 23:51:19,B
3064,signup,2026-02-22 14:56:39,A
3064,activation,2026-02-24 02:56:39,A
3064,feature_use,2026-03-03 02:56:39,A
3065,signup,2026-03-28 23:30:58,B
3065,activation,2026-03-29 12:30:58,B
3065,feature_use,2026-03-31 12:30:58,B
3066,signup,2026-05-17 05:44:16,B
3067,signup,2026-04-26 10:37:23,A
3067,activation,2026-04-27 02:37:23,A
3067,feature_use,2026-05-03 02:37:23,A
3067,purchase,2026-05-06 02:37:23,A
3068,signup,2026-04-19 19:39:05,B
3068,activation,2026-04-20 07:39:05,B
3069,signup,2026-05-03 14:45:18,A
3069,activation,2026-05-03 17:45:18,A
3069,feature_use,2026-05-05 17:45:18,A
3070,signup,2026-04-27 13:10:13,A
3070,activation,2026-04-27 15:10:13,A
3071,signup,2026-04-23 22:29:32,B
3071,activation,2026-04-24 09:29:32,B
3071,feature_use,2026-04-25 09:29:32,B
3071,purchase,2026-04-30 09:29:32,B
3072,signup,2026-03-27 16:14:35,A
3072,activation,2026-03-28 04:14:35,A
3073,signup,2026-04-16 19:06:46,B
3073,activation,2026-04-17 20:06:46,B
3073,feature_use,2026-04-23 20:06:46,B
3074,signup,2026-02-21 22:55:54,B
3075,signup,2026-03-13 22:37:42,A
3075,activation,2026-03-15 11:37:42,A
3076,signup,2026-05-20 01:18:50,B
3077,signup,2026-04-06 08:35:23,B
3077,activation,2026-04-06 23:35:23,B
3077,feature_use,2026-04-10 23:35:23,B
3077,purchase,2026-04-18 23:35:23,B
3078,signup,2026-02-28 03:35:40,A
3078,activation,2026-03-01 11:35:40,A
3078,feature_use,2026-03-05 11:35:40,A
3078,purchase,2026-03-14 11:35:40,A
3079,signup,2026-04-23 06:33:39,B
3079,activation,2026-04-23 23:33:39,B
3079,feature_use,2026-04-25 23:33:39,B
3079,purchase,2026-04-28 23:33:39,B
3080,signup,2026-03-31 14:27:36,A
3080,activation,2026-04-02 01:27:36,A
3080,feature_use,2026-04-09 01:27:36,A
3081,signup,2026-03-30 19:12:01,A
3081,activation,2026-04-01 01:12:01,A
3081,feature_use,2026-04-03 01:12:01,A
3081,purchase,2026-04-13 01:12:01,A
3082,signup,2026-02-22 12:14:23,B
3082,activation,2026-02-23 08:14:23,B
3083,signup,2026-03-05 17:42:25,A
3084,signup,2026-05-17 13:41:07,A
3084,activation,2026-05-18 17:41:07,A
3085,signup,2026-04-17 23:29:05,A
3086,signup,2026-04-02 22:01:05,B
3087,signup,2026-03-10 16:17:54,A
3087,activation,2026-03-12 07:17:54,A
3087,feature_use,2026-03-13 07:17:54,A
3088,signup,2026-04-06 20:18:09,A
3088,activation,2026-04-08 15:18:09,A
3089,signup,2026-05-01 02:55:35,A
3090,signup,2026-03-15 09:58:07,B
3091,signup,2026-04-26 04:54:51,B
3092,signup,2026-03-04 00:21:46,B
3092,activation,2026-03-04 18:21:46,B
3093,signup,2026-03-11 18:16:18,B
3094,signup,2026-03-31 07:30:46,B
3094,activation,2026-04-01 21:30:46,B
3095,signup,2026-05-10 00:28:50,B
3095,activation,2026-05-10 05:28:50,B
3095,feature_use,2026-05-11 05:28:50,B
3095,purchase,2026-05-18 05:28:50,B
3096,signup,2026-04-09 15:19:10,A
3097,signup,2026-03-26 01:42:38,A
3098,signup,2026-05-16 07:21:09,B
3099,signup,2026-04-15 08:31:19,A
3099,activation,2026-04-16 22:31:19,A
3100,signup,2026-04-15 22:08:08,A
3100,activation,2026-04-16 18:08:08,A
3101,signup,2026-05-17 06:50:56,B
3102,signup,2026-04-07 06:15:18,B
3102,activation,2026-04-08 00:15:18,B
3102,feature_use,2026-04-10 00:15:18,B
3103,signup,2026-03-03 12:04:13,A
3103,activation,2026-03-05 08:04:13,A
3104,signup,2026-04-25 11:05:15,A
3104,activation,2026-04-27 09:05:15,A
3105,signup,2026-05-02 06:59:25,A
3105,activation,2026-05-02 07:59:25,A
3105,feature_use,2026-05-08 07:59:25,A
3106,signup,2026-04-26 23:10:23,B
3106,activation,2026-04-28 03:10:23,B
3106,feature_use,2026-05-05 03:10:23,B
3107,signup,2026-02-23 08:49:47,A
3107,activation,2026-02-24 04:49:47,A
3108,signup,2026-05-20 08:40:10,A
3109,signup,2026-03-03 21:17:51,A
3109,activation,2026-03-04 17:17:51,A
3110,signup,2026-03-16 13:42:02,B
3110,activation,2026-03-16 15:42:02,B
3111,signup,2026-02-28 09:03:19,B
3111,activation,2026-03-02 07:03:19,B
3112,signup,2026-04-21 12:04:29,B
3112,activation,2026-04-23 09:04:29,B
3113,signup,2026-04-09 06:22:49,B
3113,activation,2026-04-10 22:22:49,B
3113,feature_use,2026-04-13 22:22:49,B
3113,purchase,2026-04-17 22:22:49,B
3114,signup,2026-04-02 07:35:41,B
3115,signup,2026-03-04 09:23:40,B
3116,signup,2026-05-11 00:45:37,B
3116,activation,2026-05-11 15:45:37,B
3116,feature_use,2026-05-15 15:45:37,B
3117,signup,2026-04-11 21:47:19,A
3117,activation,2026-04-13 20:47:19,A
3117,feature_use,2026-04-20 20:47:19,A
3118,signup,2026-05-02 17:39:31,A
3118,activation,2026-05-03 20:39:31,A
3119,signup,2026-02-22 20:48:17,A
3119,activation,2026-02-23 13:48:17,A
3119,feature_use,2026-02-28 13:48:17,A
3120,signup,2026-04-16 18:15:42,B
3120,activation,2026-04-18 12:15:42,B
3120,feature_use,2026-04-22 12:15:42,B
3121,signup,2026-05-06 16:51:48,B
3121,activation,2026-05-07 23:51:48,B
3121,feature_use,2026-05-11 23:51:48,B
3122,signup,2026-03-27 09:23:02,B
3122,activation,2026-03-27 11:23:02,B
3122,feature_use,2026-03-28 11:23:02,B
3123,signup,2026-05-18 06:50:28,B
3124,signup,2026-03-06 07:54:55,B
3124,activation,2026-03-08 00:54:55,B
3125,signup,2026-03-19 02:33:52,B
3126,signup,2026-03-16 23:34:23,A
3126,activation,2026-03-18 03:34:23,A
3127,signup,2026-03-01 20:45:02,A
3128,signup,2026-04-26 21:07:30,B
3129,signup,2026-03-29 05:54:43,B
3129,activation,2026-03-30 23:54:43,B
3130,signup,2026-03-30 06:18:13,B
3131,signup,2026-03-28 04:46:34,B
3132,signup,2026-03-25 21:48:02,A
3133,signup,2026-02-20 06:53:27,A
3133,activation,2026-02-20 10:53:27,A
3133,feature_use,2026-02-22 10:53:27,A
3134,signup,2026-03-03 14:22:02,A
3134,activation,2026-03-04 22:22:02,A
3134,feature_use,2026-03-08 22:22:02,A
3135,signup,2026-03-11 06:32:28,B
3136,signup,2026-05-01 00:58:57,A
3136,activation,2026-05-02 07:58:57,A
3136,feature_use,2026-05-04 07:58:57,A
3137,signup,2026-02-20 02:38:23,A
3137,activation,2026-02-20 19:38:23,A
3137,feature_use,2026-02-25 19:38:23,A
3138,signup,2026-03-29 03:55:51,A
3139,signup,2026-04-26 20:52:10,B
3139,activation,2026-04-28 05:52:10,B
3139,feature_use,2026-05-03 05:52:10,B
3140,signup,2026-04-25 07:08:19,A
3140,activation,2026-04-26 20:08:19,A
3141,signup,2026-05-10 07:20:03,B
3142,signup,2026-05-09 17:08:09,A
3143,signup,2026-05-04 16:46:07,B
3143,activation,2026-05-06 01:46:07,B
3143,feature_use,2026-05-07 01:46:07,B
3144,signup,2026-05-12 10:52:29,B
3145,signup,2026-04-21 15:35:20,A
3145,activation,2026-04-23 09:35:20,A
3146,signup,2026-05-01 05:22:22,B
3146,activation,2026-05-02 04:22:22,B
3146,feature_use,2026-05-03 04:22:22,B
3147,signup,2026-05-06 06:51:59,B
3148,signup,2026-03-23 09:17:47,B
3148,activation,2026-03-24 20:17:47,B
3149,signup,2026-03-12 20:33:50,A
3150,signup,2026-05-19 07:03:19,A
3151,signup,2026-02-26 16:24:11,B
3151,activation,2026-02-27 09:24:11,B
3152,signup,2026-04-16 14:42:52,A
3152,activation,2026-04-18 14:42:52,A
3153,signup,2026-04-18 19:56:16,B
3153,activation,2026-04-20 06:56:16,B
3154,signup,2026-04-23 15:43:04,A
3154,activation,2026-04-24 11:43:04,A
3154,feature_use,2026-05-01 11:43:04,A
3155,signup,2026-04-17 00:55:43,B
3155,activation,2026-04-17 15:55:43,B
3155,feature_use,2026-04-23 15:55:43,B
3156,signup,2026-03-29 05:55:29,B
3157,signup,2026-05-16 02:45:16,A
3157,activation,2026-05-17 09:45:16,A
3158,signup,2026-05-09 00:59:55,A
3159,signup,2026-02-20 09:19:33,B
3160,signup,2026-03-24 11:08:16,B
3160,activation,2026-03-26 09:08:16,B
3160,feature_use,2026-03-31 09:08:16,B
3161,signup,2026-05-01 15:05:06,A
3162,signup,2026-04-29 16:45:15,A
3162,activation,2026-04-30 00:45:15,A
3162,feature_use,2026-05-04 00:45:15,A
3163,signup,2026-04-15 12:23:07,B
3164,signup,2026-04-22 10:36:32,B
3164,activation,2026-04-22 11:36:32,B
3165,signup,2026-04-16 04:03:54,A
3166,signup,2026-04-05 07:45:00,B
3167,signup,2026-04-17 19:21:10,A
3168,signup,2026-04-07 14:14:23,B
3168,activation,2026-04-08 00:14:23,B
3169,signup,2026-03-09 15:53:30,A
3169,activation,2026-03-11 01:53:30,A
3169,feature_use,2026-03-18 01:53:30,A
3170,signup,2026-03-08 20:03:02,A
3170,activation,2026-03-09 22:03:02,A
3171,signup,2026-05-08 04:56:21,B
3171,activation,2026-05-09 14:56:21,B
3171,feature_use,2026-05-12 14:56:21,B
3172,signup,2026-02-24 08:55:40,A
3172,activation,2026-02-26 08:55:40,A
3172,feature_use,2026-02-27 08:55:40,A
3173,signup,2026-04-10 17:17:13,B
3173,activation,2026-04-12 12:17:13,B
3173,feature_use,2026-04-13 12:17:13,B
3174,signup,2026-05-19 23:48:40,B
3174,activation,2026-05-20 00:48:40,B
3174,feature_use,2026-05-21 00:48:40,B
3175,signup,2026-03-22 23:31:11,B
3175,activation,2026-03-23 04:31:11,B
3176,signup,2026-03-20 23:24:49,B
3177,signup,2026-04-18 04:59:47,B
3177,activation,2026-04-20 01:59:47,B
3178,signup,2026-03-30 06:49:42,A
3178,activation,2026-03-30 18:49:42,A
3179,signup,2026-04-18 18:13:00,A
3179,activation,2026-04-20 15:13:00,A
3179,feature_use,2026-04-21 15:13:00,A
3180,signup,2026-03-08 23:01:17,B
3180,activation,2026-03-09 11:01:17,B
3180,feature_use,2026-03-14 11:01:17,B
3180,purchase,2026-03-16 11:01:17,B
3181,signup,2026-05-08 05:05:45,A
3182,signup,2026-02-22 08:46:25,A
3183,signup,2026-04-18 07:27:26,B
3184,signup,2026-03-12 22:41:56,B
3184,activation,2026-03-13 20:41:56,B
3185,signup,2026-03-29 04:06:52,B
3185,activation,2026-03-29 17:06:52,B
3185,feature_use,2026-04-03 17:06:52,B
3186,signup,2026-03-06 21:06:38,B
3186,activation,2026-03-08 09:06:38,B
3186,feature_use,2026-03-09 09:06:38,B
3187,signup,2026-04-21 11:50:17,B
3187,activation,2026-04-21 15:50:17,B
3188,signup,2026-03-28 19:45:47,A
3188,activation,2026-03-30 06:45:47,A
3189,signup,2026-02-20 15:55:09,A
3189,activation,2026-02-21 18:55:09,A
3189,feature_use,2026-02-23 18:55:09,A
3190,signup,2026-05-07 04:00:40,B
3191,signup,2026-03-26 11:21:28,A
3191,activation,2026-03-27 00:21:28,A
3191,feature_use,2026-04-03 00:21:28,A
3192,signup,2026-05-11 03:34:23,A
3193,signup,2026-03-21 02:08:37,A
3193,activation,2026-03-21 20:08:37,A
3194,signup,2026-03-12 12:09:54,A
3195,signup,2026-03-17 12:22:22,B
3196,signup,2026-04-30 02:39:41,A
3196,activation,2026-04-30 23:39:41,A
3197,signup,2026-03-16 16:23:35,A
3197,activation,2026-03-17 18:23:35,A
3198,signup,2026-04-03 02:54:50,B
3198,activation,2026-04-03 23:54:50,B
3198,feature_use,2026-04-04 23:54:50,B
3198,purchase,2026-04-10 23:54:50,B
3199,signup,2026-02-25 17:19:26,B
3200,signup,2026-03-10 09:39:21,B
3201,signup,2026-03-13 19:47:12,B
3202,signup,2026-02-21 10:24:07,A
3203,signup,2026-04-05 08:59:16,B
3204,signup,2026-05-04 15:26:15,B
3205,signup,2026-03-18 11:50:51,B
3205,activation,2026-03-19 14:50:51,B
3206,signup,2026-03-06 21:03:43,A
3206,activation,2026-03-08 03:03:43,A
3207,signup,2026-05-20 05:35:50,B
3208,signup,2026-03-18 07:09:34,A
3208,activation,2026-03-18 22:09:34,A
3209,signup,2026-03-01 06:29:07,B
3209,activation,2026-03-01 18:29:07,B
3210,signup,2026-03-27 13:17:45,B
3210,activation,2026-03-27 15:17:45,B
3210,feature_use,2026-04-02 15:17:45,B
3210,purchase,2026-04-10 15:17:45,B
3211,signup,2026-03-15 13:59:28,B
3211,activation,2026-03-15 22:59:28,B
3211,feature_use,2026-03-19 22:59:28,B
3212,signup,2026-04-29 20:49:42,A
3213,signup,2026-05-06 12:24:10,B
3213,activation,2026-05-07 12:24:10,B
3214,signup,2026-04-04 05:17:52,A
3214,activation,2026-04-05 21:17:52,A
3214,feature_use,2026-04-07 21:17:52,A
3215,signup,2026-04-04 07:42:47,A
3216,signup,2026-04-18 08:06:38,A
3217,signup,2026-02-20 08:08:41,B
3217,activation,2026-02-20 20:08:41,B
3218,signup,2026-05-16 22:21:27,A
3218,activation,2026-05-17 03:21:27,A
3218,feature_use,2026-05-23 03:21:27,A
3219,signup,2026-04-15 14:10:57,B
3219,activation,2026-04-16 18:10:57,B
3220,signup,2026-05-15 23:09:16,B
3220,activation,2026-05-17 02:09:16,B
3221,signup,2026-04-10 01:01:18,A
3222,signup,2026-04-03 00:59:53,B
3222,activation,2026-04-04 13:59:53,B
3222,feature_use,2026-04-07 13:59:53,B
3222,purchase,2026-04-16 13:59:53,B
3223,signup,2026-04-08 03:36:45,B
3224,signup,2026-05-11 10:19:26,B
3224,activation,2026-05-11 12:19:26,B
3225,signup,2026-02-19 20:17:48,A
3225,activation,2026-02-20 22:17:48,A
3226,signup,2026-05-08 14:21:23,B
3226,activation,2026-05-10 03:21:23,B
3226,feature_use,2026-05-15 03:21:23,B
3227,signup,2026-03-19 02:05:48,A
3227,activation,2026-03-19 04:05:48,A
3228,signup,2026-05-09 08:17:55,B
3229,signup,2026-03-06 01:16:47,A
3229,activation,2026-03-08 01:16:47,A
3229,feature_use,2026-03-09 01:16:47,A
3230,signup,2026-03-23 06:31:51,A
3231,signup,2026-03-09 23:15:37,A
3231,activation,2026-03-11 22:15:37,A
3232,signup,2026-05-06 19:31:21,B
3232,activation,2026-05-07 04:31:21,B
3232,feature_use,2026-05-14 04:31:21,B
3232,purchase,2026-05-16 04:31:21,B
3233,signup,2026-02-20 04:01:52,B
3234,signup,2026-03-31 08:36:08,B
3234,activation,2026-04-02 03:36:08,B
3235,signup,2026-04-15 06:21:35,B
3235,activation,2026-04-16 04:21:35,B
3236,signup,2026-02-28 04:04:03,A
3237,signup,2026-03-30 22:53:12,A
3237,activation,2026-03-31 11:53:12,A
3238,signup,2026-02-28 22:49:08,B
3238,activation,2026-03-01 09:49:08,B
3238,feature_use,2026-03-08 09:49:08,B
3239,signup,2026-03-25 08:20:08,B
3240,signup,2026-03-18 16:05:55,B
3240,activation,2026-03-20 10:05:55,B
3241,signup,2026-03-17 18:25:48,A
3242,signup,2026-04-13 11:20:09,A
3242,activation,2026-04-14 14:20:09,A
3243,signup,2026-05-15 07:32:08,B
3244,signup,2026-03-16 19:31:55,A
3244,activation,2026-03-17 16:31:55,A
3244,feature_use,2026-03-22 16:31:55,A
3245,signup,2026-02-23 03:01:12,B
3245,activation,2026-02-24 09:01:12,B
3246,signup,2026-03-27 06:47:46,B
3246,activation,2026-03-27 11:47:46,B
3246,feature_use,2026-04-01 11:47:46,B
3247,signup,2026-04-22 08:44:28,B
3247,activation,2026-04-22 19:44:28,B
3247,feature_use,2026-04-29 19:44:28,B
3248,signup,2026-04-13 06:39:00,B
3248,activation,2026-04-14 00:39:00,B
3248,feature_use,2026-04-18 00:39:00,B
3249,signup,2026-04-30 09:47:13,A
3250,signup,2026-05-20 12:15:07,B
3250,activation,2026-05-20 19:15:07,B
3251,signup,2026-05-12 13:54:02,A
3251,activation,2026-05-13 12:54:02,A
3252,signup,2026-02-23 03:27:37,B
3253,signup,2026-03-20 21:20:43,A
3254,signup,2026-03-02 19:06:16,A
3254,activation,2026-03-02 20:06:16,A
3255,signup,2026-04-07 13:12:00,B
3255,activation,2026-04-08 11:12:00,B
3255,feature_use,2026-04-12 11:12:00,B
3256,signup,2026-04-28 09:32:56,A
3257,signup,2026-03-29 23:12:25,B
3258,signup,2026-03-10 21:50:32,B
3258,activation,2026-03-11 22:50:32,B
3258,feature_use,2026-03-12 22:50:32,B
3259,signup,2026-02-26 02:09:09,A
3259,activation,2026-02-26 06:09:09,A
3259,feature_use,2026-03-04 06:09:09,A
3260,signup,2026-05-17 18:00:46,B
3260,activation,2026-05-17 19:00:46,B
3260,feature_use,2026-05-24 19:00:46,B
3260,purchase,2026-06-01 19:00:46,B
3261,signup,2026-02-19 19:27:46,B
3261,activation,2026-02-21 14:27:46,B
3261,feature_use,2026-02-25 14:27:46,B
3262,signup,2026-05-07 21:08:51,B
3263,signup,2026-04-28 20:09:34,B
3263,activation,2026-04-28 23:09:34,B
3264,signup,2026-03-12 22:02:23,B
3264,activation,2026-03-13 10:02:23,B
3265,signup,2026-04-13 01:37:42,B
3265,activation,2026-04-15 00:37:42,B
3265,feature_use,2026-04-20 00:37:42,B
3266,signup,2026-05-10 12:07:48,A
3267,signup,2026-04-15 10:37:03,B
3267,activation,2026-04-16 08:37:03,B
3268,signup,2026-03-15 00:51:10,B
3269,signup,2026-05-02 05:27:10,A
3270,signup,2026-04-13 23:33:55,B
3270,activation,2026-04-15 21:33:55,B
3270,feature_use,2026-04-21 21:33:55,B
3271,signup,2026-03-11 18:33:04,B
3271,activation,2026-03-13 12:33:04,B
3271,feature_use,2026-03-20 12:33:04,B
3271,purchase,2026-03-28 12:33:04,B
3272,signup,2026-05-05 19:16:33,A
3272,activation,2026-05-06 21:16:33,A
3272,feature_use,2026-05-07 21:16:33,A
3272,purchase,2026-05-08 21:16:33,A
3273,signup,2026-05-08 09:15:13,B
3273,activation,2026-05-10 09:15:13,B
3274,signup,2026-05-07 06:31:37,A
3274,activation,2026-05-07 15:31:37,A
3275,signup,2026-04-03 16:20:08,A
3275,activation,2026-04-05 09:20:08,A
3275,feature_use,2026-04-08 09:20:08,A
3276,signup,2026-03-28 08:58:54,A
3276,activation,2026-03-29 06:58:54,A
3277,signup,2026-04-26 02:20:16,A
3278,signup,2026-03-11 05:09:15,B
3279,signup,2026-04-05 05:23:10,B
3279,activation,2026-04-05 09:23:10,B
3279,feature_use,2026-04-09 09:23:10,B
3280,signup,2026-03-26 02:38:37,A
3280,activation,2026-03-28 01:38:37,A
3281,signup,2026-04-10 02:13:51,A
3281,activation,2026-04-10 15:13:51,A
3281,feature_use,2026-04-12 15:13:51,A
3281,purchase,2026-04-14 15:13:51,A
3282,signup,2026-04-29 23:26:56,B
3282,activation,2026-04-30 23:26:56,B
3282,feature_use,2026-05-03 23:26:56,B
3282,purchase,2026-05-04 23:26:56,B
3283,signup,2026-03-06 07:07:28,A
3283,activation,2026-03-07 20:07:28,A
3283,feature_use,2026-03-12 20:07:28,A
3283,purchase,2026-03-22 20:07:28,A
3284,signup,2026-02-20 09:35:53,A
3284,activation,2026-02-22 00:35:53,A
3284,feature_use,2026-02-26 00:35:53,A
3285,signup,2026-04-03 13:05:24,A
3285,activation,2026-04-04 04:05:24,A
3286,signup,2026-05-10 09:28:20,A
3286,activation,2026-05-10 15:28:20,A
3287,signup,2026-02-28 12:11:54,B
3288,signup,2026-05-19 21:52:29,A
3289,signup,2026-04-30 06:01:22,A
3290,signup,2026-03-01 20:22:21,A
3291,signup,2026-03-08 06:45:30,B
3291,activation,2026-03-08 21:45:30,B
3292,signup,2026-04-19 13:43:25,A
3292,activation,2026-04-20 11:43:25,A
3292,feature_use,2026-04-22 11:43:25,A
3293,signup,2026-04-21 08:12:06,B
3294,signup,2026-03-02 06:19:49,B
3294,activation,2026-03-03 17:19:49,B
3294,feature_use,2026-03-05 17:19:49,B
3295,signup,2026-04-21 15:01:40,B
3295,activation,2026-04-22 07:01:40,B
3296,signup,2026-03-24 11:37:26,A
3296,activation,2026-03-26 10:37:26,A
3297,signup,2026-03-17 00:03:18,B
3297,activation,2026-03-18 08:03:18,B
3298,signup,2026-02-24 05:10:23,B
3298,activation,2026-02-26 02:10:23,B
3298,feature_use,2026-03-02 02:10:23,B
3299,signup,2026-03-16 18:54:23,A
3299,activation,2026-03-18 02:54:23,A
3299,feature_use,2026-03-24 02:54:23,A
3299,purchase,2026-03-25 02:54:23,A
3300,signup,2026-04-06 01:45:17,A
3300,activation,2026-04-06 21:45:17,A
3300,feature_use,2026-04-07 21:45:17,A
3301,signup,2026-03-06 18:33:26,A
3302,signup,2026-05-13 08:48:47,B
3303,signup,2026-04-30 20:09:54,A
3303,activation,2026-04-30 23:09:54,A
3304,signup,2026-05-03 22:31:27,B
3305,signup,2026-02-28 18:40:12,B
3306,signup,2026-05-07 04:56:35,B
3307,signup,2026-05-04 16:07:48,B
3308,signup,2026-04-15 10:22:57,A
3308,activation,2026-04-15 13:22:57,A
3308,feature_use,2026-04-22 13:22:57,A
3309,signup,2026-02-24 13:18:15,B
3309,activation,2026-02-26 05:18:15,B
3309,feature_use,2026-03-04 05:18:15,B
3310,signup,2026-04-14 12:44:44,A
3310,activation,2026-04-15 18:44:44,A
3311,signup,2026-03-17 23:17:02,A
3311,activation,2026-03-18 20:17:02,A
3311,feature_use,2026-03-24 20:17:02,A
3311,purchase,2026-03-29 20:17:02,A
3312,signup,2026-04-16 05:29:53,A
3312,activation,2026-04-17 23:29:53,A
3312,feature_use,2026-04-24 23:29:53,A
3312,purchase,2026-04-29 23:29:53,A
3313,signup,2026-02-24 05:33:27,B
3313,activation,2026-02-24 15:33:27,B
3313,feature_use,2026-03-03 15:33:27,B
3314,signup,2026-05-14 18:39:53,A
3314,activation,2026-05-15 08:39:53,A
3314,feature_use,2026-05-22 08:39:53,A
3314,purchase,2026-05-25 08:39:53,A
3315,signup,2026-04-27 13:00:45,A
3316,signup,2026-05-05 06:49:16,A
3317,signup,2026-04-24 15:02:48,A
3317,activation,2026-04-25 11:02:48,A
3317,feature_use,2026-04-26 11:02:48,A
3318,signup,2026-05-03 19:09:32,B
3319,signup,2026-04-11 11:59:07,B
3320,signup,2026-04-15 05:14:47,A
3321,signup,2026-05-01 03:37:17,B
3322,signup,2026-04-25 06:14:48,A
3322,activation,2026-04-26 19:14:48,A
3323,signup,2026-05-15 11:29:43,B
3323,activation,2026-05-16 03:29:43,B
3324,signup,2026-04-05 23:01:05,A
3324,activation,2026-04-07 16:01:05,A
3325,signup,2026-03-18 07:00:18,A
3326,signup,2026-02-25 00:12:33,B
3326,activation,2026-02-25 01:12:33,B
3326,feature_use,2026-03-02 01:12:33,B
3327,signup,2026-05-08 09:01:27,B
3327,activation,2026-05-10 04:01:27,B
3327,feature_use,2026-05-11 04:01:27,B
3327,purchase,2026-05-12 04:01:27,B
3328,signup,2026-03-24 04:12:31,B
3328,activation,2026-03-24 08:12:31,B
3328,feature_use,2026-03-31 08:12:31,B
3328,purchase,2026-04-02 08:12:31,B
3329,signup,2026-05-04 13:56:02,A
3330,signup,2026-04-18 00:53:49,B
3330,activation,2026-04-19 16:53:49,B
3330,feature_use,2026-04-25 16:53:49,B
3331,signup,2026-05-08 22:19:22,A
3332,signup,2026-05-11 12:47:37,A
3332,activation,2026-05-13 06:47:37,A
3333,signup,2026-04-13 14:30:16,B
3333,activation,2026-04-14 00:30:16,B
3334,signup,2026-02-26 00:45:30,B
3334,activation,2026-02-27 22:45:30,B
3334,feature_use,2026-03-03 22:45:30,B
3335,signup,2026-03-17 21:48:36,B
3335,activation,2026-03-19 12:48:36,B
3335,feature_use,2026-03-21 12:48:36,B
3336,signup,2026-02-24 01:58:19,B
3337,signup,2026-03-22 05:34:43,B
3338,signup,2026-04-08 01:28:21,A
3339,signup,2026-03-12 12:01:51,B
3339,activation,2026-03-13 03:01:51,B
3339,feature_use,2026-03-15 03:01:51,B
3339,purchase,2026-03-17 03:01:51,B
3340,signup,2026-03-21 08:19:56,A
3340,activation,2026-03-22 05:19:56,A
3340,feature_use,2026-03-25 05:19:56,A
3341,signup,2026-04-10 17:10:31,A
3341,activation,2026-04-11 16:10:31,A
3342,signup,2026-04-16 18:02:41,B
3342,activation,2026-04-18 00:02:41,B
3343,signup,2026-04-08 16:28:59,B
3344,signup,2026-04-12 04:08:43,A
3344,activation,2026-04-13 01:08:43,A
3344,feature_use,2026-04-14 01:08:43,A
3345,signup,2026-02-27 11:46:50,A
3345,activation,2026-02-28 19:46:50,A
3346,signup,2026-04-02 02:11:19,B
3347,signup,2026-03-02 12:37:03,B
3347,activation,2026-03-03 16:37:03,B
3347,feature_use,2026-03-07 16:37:03,B
3348,signup,2026-03-17 00:42:44,A
3348,activation,2026-03-18 01:42:44,A
3349,signup,2026-03-22 20:27:15,A
3349,activation,2026-03-23 02:27:15,A
3349,feature_use,2026-03-30 02:27:15,A
3350,signup,2026-03-12 20:58:38,B
3351,signup,2026-03-06 05:53:14,B
3351,activation,2026-03-06 14:53:14,B
3352,signup,2026-04-22 06:03:24,A
3353,signup,2026-04-30 20:26:50,A
3353,activation,2026-05-01 09:26:50,A
3354,signup,2026-02-25 13:08:43,A
3355,signup,2026-02-28 19:01:08,A
3355,activation,2026-03-01 14:01:08,A
3355,feature_use,2026-03-04 14:01:08,A
3356,signup,2026-02-20 07:40:10,A
3357,signup,2026-03-29 19:32:21,B
3357,activation,2026-03-30 13:32:21,B
3358,signup,2026-03-29 13:58:04,B
3358,activation,2026-03-30 05:58:04,B
3358,feature_use,2026-04-05 05:58:04,B
3359,signup,2026-04-13 12:12:19,A
3359,activation,2026-04-14 06:12:19,A
3359,feature_use,2026-04-17 06:12:19,A
3360,signup,2026-03-05 10:37:51,B
3360,activation,2026-03-07 09:37:51,B
3361,signup,2026-03-14 07:41:24,A
3362,signup,2026-05-20 08:31:57,A
3362,activation,2026-05-21 17:31:57,A
3363,signup,2026-02-26 05:18:28,B
3363,activation,2026-02-27 07:18:28,B
3364,signup,2026-05-14 02:12:26,A
3365,signup,2026-03-14 11:29:57,A
3365,activation,2026-03-15 08:29:57,A
3365,feature_use,2026-03-20 08:29:57,A
3365,purchase,2026-03-26 08:29:57,A
3366,signup,2026-03-13 21:25:11,A
3366,activation,2026-03-14 01:25:11,A
3367,signup,2026-02-23 00:31:21,A
3367,activation,2026-02-23 11:31:21,A
3368,signup,2026-05-08 05:52:28,B
3369,signup,2026-05-01 02:49:50,B
3369,activation,2026-05-02 05:49:50,B
3370,signup,2026-02-20 16:37:10,A
3370,activation,2026-02-20 18:37:10,A
3370,feature_use,2026-02-26 18:37:10,A
3371,signup,2026-04-23 14:46:00,B
3371,activation,2026-04-24 18:46:00,B
3371,feature_use,2026-04-29 18:46:00,B
3372,signup,2026-05-08 00:30:38,B
3373,signup,2026-03-03 15:58:21,B
3374,signup,2026-03-09 00:33:58,B
3375,signup,2026-03-08 12:23:08,B
3376,signup,2026-03-22 01:43:33,A
3376,activation,2026-03-22 07:43:33,A
3377,signup,2026-03-23 20:20:54,B
3377,activation,2026-03-24 08:20:54,B
3378,signup,2026-05-03 13:00:35,A
3378,activation,2026-05-03 21:00:35,A
3378,feature_use,2026-05-09 21:00:35,A
3378,purchase,2026-05-13 21:00:35,A
3379,signup,2026-03-29 01:51:32,B
3379,activation,2026-03-30 17:51:32,B
3379,feature_use,2026-04-06 17:51:32,B
3380,signup,2026-03-15 14:44:20,B
3380,activation,2026-03-16 22:44:20,B
3380,feature_use,2026-03-18 22:44:20,B
3381,signup,2026-04-21 15:04:29,B
3381,activation,2026-04-22 23:04:29,B
3381,feature_use,2026-04-27 23:04:29,B
3382,signup,2026-05-01 04:49:07,B
3383,signup,2026-05-16 09:01:45,A
3383,activation,2026-05-18 08:01:45,A
3384,signup,2026-03-19 03:10:18,A
3384,activation,2026-03-20 10:10:18,A
3385,signup,2026-04-19 18:38:33,A
3386,signup,2026-04-09 19:29:18,B
3387,signup,2026-04-12 15:20:05,A
3387,activation,2026-04-14 11:20:05,A
3387,feature_use,2026-04-16 11:20:05,A
3388,signup,2026-04-08 04:49:53,A
3389,signup,2026-05-05 18:22:27,B
3389,activation,2026-05-06 08:22:27,B
3389,feature_use,2026-05-13 08:22:27,B
3390,signup,2026-04-21 12:35:28,B
3391,signup,2026-04-27 00:35:44,B
3391,activation,2026-04-28 03:35:44,B
3391,feature_use,2026-05-03 03:35:44,B
3391,purchase,2026-05-10 03:35:44,B
3392,signup,2026-03-11 18:16:05,B
3393,signup,2026-05-07 21:28:28,A
3393,activation,2026-05-08 19:28:28,A
3394,signup,2026-05-03 17:10:43,B
3395,signup,2026-03-16 03:35:49,A
3395,activation,2026-03-16 20:35:49,A
3395,feature_use,2026-03-17 20:35:49,A
3396,signup,2026-04-29 00:08:39,B
3396,activation,2026-04-30 03:08:39,B
3396,feature_use,2026-05-01 03:08:39,B
3397,signup,2026-04-27 01:45:19,A
3398,signup,2026-05-13 19:37:43,B
3398,activation,2026-05-15 05:37:43,B
3398,feature_use,2026-05-22 05:37:43,B
3398,purchase,2026-05-29 05:37:43,B
3399,signup,2026-04-14 12:46:07,A
3399,activation,2026-04-15 21:46:07,A
3400,signup,2026-05-08 18:40:03,A
3400,activation,2026-05-09 21:40:03,A
3400,feature_use,2026-05-15 21:40:03,A
3400,purchase,2026-05-24 21:40:03,A
3401,signup,2026-05-03 11:29:02,A
3401,activation,2026-05-04 18:29:02,A
3401,feature_use,2026-05-11 18:29:02,A
3401,purchase,2026-05-21 18:29:02,A
3402,signup,2026-05-19 13:56:41,A
3402,activation,2026-05-21 02:56:41,A
3402,feature_use,2026-05-26 02:56:41,A
3403,signup,2026-04-01 21:14:37,B
3403,activation,2026-04-02 12:14:37,B
3403,feature_use,2026-04-07 12:14:37,B
3403,purchase,2026-04-13 12:14:37,B
3404,signup,2026-03-25 18:18:02,B
3404,activation,2026-03-26 19:18:02,B
3405,signup,2026-04-07 06:54:05,B
3406,signup,2026-03-03 18:56:08,A
3407,signup,2026-05-17 20:51:19,B
3407,activation,2026-05-19 06:51:19,B
3408,signup,2026-05-09 09:14:23,B
3408,activation,2026-05-11 08:14:23,B
3408,feature_use,2026-05-15 08:14:23,B
3408,purchase,2026-05-24 08:14:23,B
3409,signup,2026-05-05 14:10:59,A
3410,signup,2026-04-17 20:40:24,A
3410,activation,2026-04-19 16:40:24,A
3411,signup,2026-03-08 11:34:14,A
3412,signup,2026-03-05 18:47:28,A
3412,activation,2026-03-06 14:47:28,A
3413,signup,2026-05-06 17:10:48,A
3413,activation,2026-05-08 08:10:48,A
3414,signup,2026-03-10 05:08:32,A
3415,signup,2026-04-13 15:35:39,A
3416,signup,2026-02-23 20:02:58,A
3416,activation,2026-02-25 20:02:58,A
3416,feature_use,2026-03-01 20:02:58,A
3417,signup,2026-04-05 07:57:38,B
3417,activation,2026-04-07 03:57:38,B
3418,signup,2026-03-02 11:40:47,A
3419,signup,2026-03-24 20:30:38,B
3419,activation,2026-03-26 19:30:38,B
3419,feature_use,2026-03-31 19:30:38,B
3420,signup,2026-04-03 21:02:21,B
3420,activation,2026-04-03 23:02:21,B
3421,signup,2026-04-25 16:47:05,B
3421,activation,2026-04-27 06:47:05,B
3422,signup,2026-03-27 10:14:55,B
3423,signup,2026-05-04 14:06:33,A
3423,activation,2026-05-06 08:06:33,A
3424,signup,2026-05-08 13:03:57,A
3425,signup,2026-04-28 08:56:01,A
3426,signup,2026-03-12 10:39:39,A
3426,activation,2026-03-13 11:39:39,A
3427,signup,2026-05-05 00:24:46,B
3427,activation,2026-05-06 04:24:46,B
3427,feature_use,2026-05-10 04:24:46,B
3428,signup,2026-04-11 19:52:00,B
3428,activation,2026-04-12 02:52:00,B
3428,feature_use,2026-04-16 02:52:00,B
3429,signup,2026-03-07 08:08:25,B
3429,activation,2026-03-08 10:08:25,B
3430,signup,2026-04-13 15:00:43,B
3430,activation,2026-04-14 10:00:43,B
3430,feature_use,2026-04-16 10:00:43,B
3431,signup,2026-05-03 22:42:08,A
3431,activation,2026-05-04 18:42:08,A
3432,signup,2026-05-17 09:27:11,B
3432,activation,2026-05-19 08:27:11,B
3433,signup,2026-03-26 10:43:54,A
3434,signup,2026-03-27 00:23:36,A
3434,activation,2026-03-27 09:23:36,A
3435,signup,2026-04-19 08:57:05,A
3435,activation,2026-04-19 14:57:05,A
3435,feature_use,2026-04-21 14:57:05,A
3435,purchase,2026-04-23 14:57:05,A
3436,signup,2026-03-04 19:58:27,B
3436,activation,2026-03-05 20:58:27,B
3436,feature_use,2026-03-08 20:58:27,B
3437,signup,2026-03-14 04:53:18,A
3437,activation,2026-03-14 09:53:18,A
3437,feature_use,2026-03-20 09:53:18,A
3438,signup,2026-05-13 20:17:19,A
3438,activation,2026-05-14 02:17:19,A
3439,signup,2026-04-30 03:11:51,B
3440,signup,2026-04-25 03:20:18,B
3440,activation,2026-04-26 12:20:18,B
3440,feature_use,2026-04-29 12:20:18,B
3441,signup,2026-03-11 14:20:06,A
3441,activation,2026-03-13 05:20:06,A
3442,signup,2026-04-02 23:03:46,B
3442,activation,2026-04-04 15:03:46,B
3442,feature_use,2026-04-11 15:03:46,B
3443,signup,2026-04-01 00:53:14,A
3443,activation,2026-04-02 17:53:14,A
3444,signup,2026-04-08 08:01:56,B
3445,signup,2026-04-12 19:47:15,A
3446,signup,2026-03-17 02:45:46,B
3446,activation,2026-03-18 06:45:46,B
3446,feature_use,2026-03-25 06:45:46,B
3446,purchase,2026-03-28 06:45:46,B
3447,signup,2026-05-04 04:54:28,A
3447,activation,2026-05-04 23:54:28,A
3447,feature_use,2026-05-11 23:54:28,A
3447,purchase,2026-05-18 23:54:28,A
3448,signup,2026-03-19 13:19:48,A
3448,activation,2026-03-19 14:19:48,A
3449,signup,2026-05-14 05:09:45,B
3449,activation,2026-05-16 00:09:45,B
3449,feature_use,2026-05-20 00:09:45,B
3450,signup,2026-03-28 21:26:41,B
3450,activation,2026-03-30 09:26:41,B
3450,feature_use,2026-04-03 09:26:41,B
3450,purchase,2026-04-07 09:26:41,B
3451,signup,2026-05-09 11:25:03,A
3451,activation,2026-05-11 09:25:03,A
3452,signup,2026-02-22 22:38:25,B
3453,signup,2026-05-02 08:13:37,B
3453,activation,2026-05-02 22:13:37,B
3453,feature_use,2026-05-03 22:13:37,B
3454,signup,2026-03-07 13:40:29,A
3454,activation,2026-03-07 23:40:29,A
3455,signup,2026-05-20 15:03:18,A
3455,activation,2026-05-21 22:03:18,A
3455,feature_use,2026-05-25 22:03:18,A
3456,signup,2026-03-25 00:56:46,B
3456,activation,2026-03-25 01:56:46,B
3457,signup,2026-02-22 04:27:43,B
3457,activation,2026-02-22 17:27:43,B
3458,signup,2026-03-09 03:00:23,B
3458,activation,2026-03-09 21:00:23,B
3458,feature_use,2026-03-16 21:00:23,B
3458,purchase,2026-03-19 21:00:23,B
3459,signup,2026-03-15 06:42:24,B
3460,signup,2026-03-25 07:53:19,A
3460,activation,2026-03-26 14:53:19,A
3460,feature_use,2026-03-28 14:53:19,A
3461,signup,2026-04-04 05:36:31,B
3461,activation,2026-04-05 18:36:31,B
3461,feature_use,2026-04-10 18:36:31,B
3462,signup,2026-04-19 15:35:52,B
3463,signup,2026-04-18 22:28:32,A
3463,activation,2026-04-19 05:28:32,A
3464,signup,2026-03-12 18:27:52,A
3465,signup,2026-03-07 08:54:19,B
3465,activation,2026-03-09 05:54:19,B
3465,feature_use,2026-03-11 05:54:19,B
3466,signup,2026-03-21 10:12:15,B
3467,signup,2026-05-05 20:18:44,A
3468,signup,2026-05-15 23:23:47,B
3468,activation,2026-05-17 09:23:47,B
3469,signup,2026-03-17 09:20:54,B
3470,signup,2026-04-02 06:04:52,A
3470,activation,2026-04-04 00:04:52,A
3470,feature_use,2026-04-11 00:04:52,A
3471,signup,2026-05-04 07:10:31,B
3471,activation,2026-05-06 03:10:31,B
3471,feature_use,2026-05-13 03:10:31,B
3472,signup,2026-04-13 05:31:22,A
3472,activation,2026-04-13 22:31:22,A
3473,signup,2026-04-18 20:43:47,B
3473,activation,2026-04-19 05:43:47,B
3473,feature_use,2026-04-24 05:43:47,B
3474,signup,2026-04-02 04:30:08,A
3475,signup,2026-04-09 22:40:01,A
3476,signup,2026-04-25 10:45:42,B
3476,activation,2026-04-25 16:45:42,B
3477,signup,2026-05-09 19:39:09,B
3477,activation,2026-05-09 20:39:09,B
3478,signup,2026-03-04 04:43:13,A
3478,activation,2026-03-05 21:43:13,A
3479,signup,2026-05-20 16:05:44,B
3479,activation,2026-05-21 14:05:44,B
3479,feature_use,2026-05-24 14:05:44,B
3480,signup,2026-02-20 20:59:40,A
3480,activation,2026-02-21 11:59:40,A
3480,feature_use,2026-02-22 11:59:40,A
3481,signup,2026-05-19 18:20:44,B
3481,activation,2026-05-21 13:20:44,B
3482,signup,2026-05-10 02:08:14,B
3482,activation,2026-05-10 05:08:14,B
3482,feature_use,2026-05-12 05:08:14,B
3482,purchase,2026-05-16 05:08:14,B
3483,signup,2026-02-27 07:05:53,A
3483,activation,2026-02-28 19:05:53,A
3484,signup,2026-03-04 11:29:38,B
3485,signup,2026-04-05 08:47:59,A
3485,activation,2026-04-07 08:47:59,A
3485,feature_use,2026-04-10 08:47:59,A
3486,signup,2026-04-25 16:48:15,A
3487,signup,2026-03-05 18:07:20,B
3487,activation,2026-03-06 13:07:20,B
3488,signup,2026-04-12 20:00:08,B
3488,activation,2026-04-14 11:00:08,B
3488,feature_use,2026-04-15 11:00:08,B
3488,purchase,2026-04-18 11:00:08,B
3489,signup,2026-05-05 22:13:56,B
3489,activation,2026-05-06 13:13:56,B
3490,signup,2026-03-20 15:43:56,B
3490,activation,2026-03-21 03:43:56,B
3491,signup,2026-04-04 23:18:33,B
3491,activation,2026-04-06 03:18:33,B
3491,feature_use,2026-04-13 03:18:33,B
3492,signup,2026-03-19 15:53:06,A
3492,activation,2026-03-20 03:53:06,A
3493,signup,2026-03-14 20:59:19,A
3494,signup,2026-03-07 21:11:45,A
3495,signup,2026-03-26 14:10:50,B
3496,signup,2026-04-19 04:00:09,A
3496,activation,2026-04-19 16:00:09,A
3497,signup,2026-05-20 17:43:14,A
3498,signup,2026-04-26 14:04:44,B
3499,signup,2026-03-12 13:16:13,A
3499,activation,2026-03-13 16:16:13,A
3499,feature_use,2026-03-20 16:16:13,A
3500,signup,2026-04-21 04:06:00,A
3501,signup,2026-04-13 15:02:58,A
3501,activation,2026-04-14 05:02:58,A
3501,feature_use,2026-04-19 05:02:58,A
3501,purchase,2026-04-22 05:02:58,A
3502,signup,2026-04-06 01:16:08,B
3502,activation,2026-04-08 01:16:08,B
3503,signup,2026-04-27 18:31:48,B
3503,activation,2026-04-27 20:31:48,B
3503,feature_use,2026-05-04 20:31:48,B
3504,signup,2026-03-08 07:42:03,B
3504,activation,2026-03-09 18:42:03,B
3504,feature_use,2026-03-16 18:42:03,B
3505,signup,2026-04-28 18:41:38,A
3506,signup,2026-05-11 11:46:00,B
3506,activation,2026-05-11 20:46:00,B
3506,feature_use,2026-05-16 20:46:00,B
3506,purchase,2026-05-26 20:46:00,B
3507,signup,2026-03-02 03:59:13,B
3507,activation,2026-03-02 09:59:13,B
3507,feature_use,2026-03-07 09:59:13,B
3508,signup,2026-04-24 07:15:23,B
3508,activation,2026-04-25 21:15:23,B
3509,signup,2026-04-25 19:50:18,B
3509,activation,2026-04-26 18:50:18,B
3510,signup,2026-04-04 05:22:39,A
3510,activation,2026-04-04 19:22:39,A
3511,signup,2026-03-06 20:33:31,B
3512,signup,2026-03-01 21:31:36,A
3512,activation,2026-03-02 07:31:36,A
3512,feature_use,2026-03-08 07:31:36,A
3512,purchase,2026-03-14 07:31:36,A
3513,signup,2026-05-17 00:27:28,A
3514,signup,2026-03-20 18:26:10,B
3514,activation,2026-03-22 06:26:10,B
3515,signup,2026-02-28 11:17:24,B
3516,signup,2026-02-21 02:10:54,B
3516,activation,2026-02-23 01:10:54,B
3517,signup,2026-03-09 04:36:03,A
3517,activation,2026-03-10 19:36:03,A
3517,feature_use,2026-03-16 19:36:03,A
3517,purchase,2026-03-25 19:36:03,A
3518,signup,2026-04-19 22:24:22,A
3518,activation,2026-04-21 02:24:22,A
3519,signup,2026-04-10 10:56:27,A
3519,activation,2026-04-12 00:56:27,A
3519,feature_use,2026-04-16 00:56:27,A
3520,signup,2026-05-19 11:49:02,A
3520,activation,2026-05-20 02:49:02,A
3520,feature_use,2026-05-22 02:49:02,A
3521,signup,2026-04-15 02:21:57,A
3522,signup,2026-05-09 08:07:23,A
3522,activation,2026-05-10 01:07:23,A
3523,signup,2026-04-22 16:34:43,A
3523,activation,2026-04-24 14:34:43,A
3523,feature_use,2026-05-01 14:34:43,A
3524,signup,2026-03-18 08:35:37,B
3525,signup,2026-03-27 18:48:38,B
3525,activation,2026-03-28 20:48:38,B
3526,signup,2026-03-23 10:35:28,B
3527,signup,2026-04-06 06:16:11,A
3528,signup,2026-04-28 08:48:24,A
3528,activation,2026-04-28 11:48:24,A
3529,signup,2026-05-11 12:11:25,B
3529,activation,2026-05-12 02:11:25,B
3530,signup,2026-04-19 18:30:32,A
3530,activation,2026-04-20 10:30:32,A
3531,signup,2026-04-04 05:48:13,A
3531,activation,2026-04-05 15:48:13,A
3532,signup,2026-05-17 05:57:25,B
3533,signup,2026-05-20 07:43:00,A
3533,activation,2026-05-22 00:43:00,A
3534,signup,2026-05-13 13:34:02,B
3535,signup,2026-04-01 15:26:22,B
3535,activation,2026-04-02 11:26:22,B
3535,feature_use,2026-04-09 11:26:22,B
3535,purchase,2026-04-19 11:26:22,B
3536,signup,2026-03-04 14:44:45,B
3536,activation,2026-03-04 21:44:45,B
3537,signup,2026-05-20 11:58:01,B
3538,signup,2026-03-28 11:12:12,A
3539,signup,2026-05-07 09:18:27,A
3539,activation,2026-05-09 06:18:27,A
3540,signup,2026-02-21 05:52:16,B
3540,activation,2026-02-21 23:52:16,B
3540,feature_use,2026-02-24 23:52:16,B
3540,purchase,2026-03-03 23:52:16,B
3541,signup,2026-03-02 13:15:16,B
3542,signup,2026-04-03 13:06:42,B
3542,activation,2026-04-04 08:06:42,B
3543,signup,2026-04-11 20:52:49,B
3543,activation,2026-04-12 00:52:49,B
3544,signup,2026-03-23 11:52:51,B
3544,activation,2026-03-24 02:52:51,B
3544,feature_use,2026-03-30 02:52:51,B
3545,signup,2026-04-05 12:52:33,B
3545,activation,2026-04-06 00:52:33,B
3546,signup,2026-04-07 01:17:45,B
3546,activation,2026-04-08 19:17:45,B
3546,feature_use,2026-04-14 19:17:45,B
3546,purchase,2026-04-22 19:17:45,B
3547,signup,2026-04-13 09:18:33,B
3547,activation,2026-04-13 15:18:33,B
3548,signup,2026-05-06 22:24:52,B
3548,activation,2026-05-08 09:24:52,B
3548,feature_use,2026-05-15 09:24:52,B
3549,signup,2026-04-03 16:56:39,A
3550,signup,2026-02-21 09:23:50,A
3551,signup,2026-03-16 15:58:37,A
3551,activation,2026-03-17 06:58:37,A
3551,feature_use,2026-03-21 06:58:37,A
3552,signup,2026-02-24 17:09:33,B
3553,signup,2026-03-11 20:26:29,B
3554,signup,2026-04-19 11:59:10,B
3554,activation,2026-04-20 08:59:10,B
3555,signup,2026-03-09 15:05:49,A
3555,activation,2026-03-10 16:05:49,A
3556,signup,2026-05-10 19:28:16,B
3557,signup,2026-02-20 05:42:25,A
3558,signup,2026-04-05 09:01:26,A
3559,signup,2026-05-04 21:11:01,A
3559,activation,2026-05-06 15:11:01,A
3560,signup,2026-02-22 15:17:03,B
3561,signup,2026-02-26 02:26:05,B
3562,signup,2026-05-12 02:18:01,B
3562,activation,2026-05-13 05:18:01,B
3562,feature_use,2026-05-14 05:18:01,B
3563,signup,2026-04-19 03:07:44,B
3564,signup,2026-04-01 23:02:51,A
3564,activation,2026-04-02 20:02:51,A
3565,signup,2026-03-26 18:28:53,A
3565,activation,2026-03-28 17:28:53,A
3566,signup,2026-04-02 22:20:06,B
3566,activation,2026-04-04 01:20:06,B
3566,feature_use,2026-04-05 01:20:06,B
3567,signup,2026-03-19 16:45:31,A
3567,activation,2026-03-20 07:45:31,A
3567,feature_use,2026-03-22 07:45:31,A
3568,signup,2026-03-23 07:03:44,B
3568,activation,2026-03-25 02:03:44,B
3569,signup,2026-03-02 03:40:50,A
3569,activation,2026-03-03 21:40:50,A
3570,signup,2026-03-25 04:03:19,A
3570,activation,2026-03-25 11:03:19,A
3571,signup,2026-04-18 14:17:36,B
3571,activation,2026-04-19 12:17:36,B
3571,feature_use,2026-04-20 12:17:36,B
3572,signup,2026-02-22 08:44:35,A
3572,activation,2026-02-22 11:44:35,A
3573,signup,2026-05-20 12:11:56,B
3573,activation,2026-05-21 06:11:56,B
3574,signup,2026-02-23 19:56:00,A
3574,activation,2026-02-23 23:56:00,A
3575,signup,2026-04-07 13:42:29,A
3576,signup,2026-02-27 15:19:28,A
3576,activation,2026-02-28 03:19:28,A
3576,feature_use,2026-03-02 03:19:28,A
3577,signup,2026-05-09 14:49:29,B
3578,signup,2026-03-12 22:53:28,B
3578,activation,2026-03-12 23:53:28,B
3578,feature_use,2026-03-14 23:53:28,B
3578,purchase,2026-03-17 23:53:28,B
3579,signup,2026-05-14 18:24:28,B
3579,activation,2026-05-16 10:24:28,B
3579,feature_use,2026-05-18 10:24:28,B
3579,purchase,2026-05-22 10:24:28,B
3580,signup,2026-05-02 19:12:11,A
3581,signup,2026-02-22 01:43:22,A
3582,signup,2026-03-13 18:46:58,A
3582,activation,2026-03-15 07:46:58,A
3582,feature_use,2026-03-21 07:46:58,A
3583,signup,2026-04-06 13:51:50,B
3583,activation,2026-04-07 17:51:50,B
3583,feature_use,2026-04-10 17:51:50,B
3583,purchase,2026-04-16 17:51:50,B
3584,signup,2026-04-06 03:08:43,B
3584,activation,2026-04-07 03:08:43,B
3584,feature_use,2026-04-12 03:08:43,B
3585,signup,2026-04-23 14:53:17,B
3585,activation,2026-04-25 09:53:17,B
3586,signup,2026-04-21 05:18:07,B
3587,signup,2026-05-01 14:08:15,B
3587,activation,2026-05-02 09:08:15,B
3588,signup,2026-04-28 18:19:24,A
3589,signup,2026-03-13 18:13:40,B
3589,activation,2026-03-14 08:13:40,B
3589,feature_use,2026-03-19 08:13:40,B
3590,signup,2026-04-16 00:08:26,B
3591,signup,2026-04-06 08:28:45,A
3591,activation,2026-04-07 02:28:45,A
3592,signup,2026-03-18 10:56:16,B
3592,activation,2026-03-19 10:56:16,B
3592,feature_use,2026-03-24 10:56:16,B
3593,signup,2026-04-13 23:19:18,A
3593,activation,2026-04-14 11:19:18,A
3593,feature_use,2026-04-18 11:19:18,A
3594,signup,2026-04-22 14:34:20,A
3595,signup,2026-04-20 04:43:02,A
3596,signup,2026-03-30 19:45:24,B
3596,activation,2026-04-01 07:45:24,B
3597,signup,2026-05-08 15:15:25,B
3598,signup,2026-03-22 19:07:30,B
3598,activation,2026-03-23 09:07:30,B
3599,signup,2026-04-05 12:10:07,A
3599,activation,2026-04-05 16:10:07,A
3599,feature_use,2026-04-09 16:10:07,A
3600,signup,2026-05-14 13:08:21,B
3600,activation,2026-05-15 19:08:21,B
3601,signup,2026-05-03 20:35:16,B
3602,signup,2026-05-19 17:33:23,A
3603,signup,2026-05-19 03:54:22,A
3603,activation,2026-05-19 08:54:22,A
3604,signup,2026-02-26 16:06:45,A
3605,signup,2026-04-07 09:32:48,A
3605,activation,2026-04-08 06:32:48,A
3606,signup,2026-04-21 05:44:22,B
3607,signup,2026-04-15 09:23:52,B
3607,activation,2026-04-16 17:23:52,B
3607,feature_use,2026-04-17 17:23:52,B
3608,signup,2026-05-20 14:03:15,B
3608,activation,2026-05-20 19:03:15,B
3609,signup,2026-02-28 03:05:03,A
3610,signup,2026-04-09 12:18:11,A
3610,activation,2026-04-10 03:18:11,A
3611,signup,2026-04-18 00:37:34,A
3611,activation,2026-04-19 10:37:34,A
3612,signup,2026-04-18 22:00:56,B
3613,signup,2026-05-18 06:44:47,A
3613,activation,2026-05-18 08:44:47,A
3613,feature_use,2026-05-25 08:44:47,A
3613,purchase,2026-06-04 08:44:47,A
3614,signup,2026-02-26 08:14:38,A
3615,signup,2026-04-05 07:00:19,A
3615,activation,2026-04-05 19:00:19,A
3616,signup,2026-03-16 02:51:44,B
3617,signup,2026-04-01 03:07:31,B
3617,activation,2026-04-01 11:07:31,B
3618,signup,2026-04-20 17:41:43,B
3618,activation,2026-04-22 10:41:43,B
3618,feature_use,2026-04-25 10:41:43,B
3618,purchase,2026-04-27 10:41:43,B
3619,signup,2026-03-09 12:54:19,A
3619,activation,2026-03-10 22:54:19,A
3619,feature_use,2026-03-15 22:54:19,A
3620,signup,2026-03-02 21:27:23,A
3620,activation,2026-03-02 22:27:23,A
3620,feature_use,2026-03-07 22:27:23,A
3620,purchase,2026-03-15 22:27:23,A
3621,signup,2026-02-21 10:44:13,B
3622,signup,2026-04-02 15:28:35,B
3622,activation,2026-04-03 13:28:35,B
3622,feature_use,2026-04-05 13:28:35,B
3623,signup,2026-05-18 13:54:09,B
3624,signup,2026-03-12 19:16:13,A
3624,activation,2026-03-14 18:16:13,A
3625,signup,2026-04-23 05:20:36,A
3625,activation,2026-04-24 18:20:36,A
3625,feature_use,2026-04-26 18:20:36,A
3626,signup,2026-04-04 04:23:07,B
3627,signup,2026-02-27 18:25:35,A
3627,activation,2026-02-28 00:25:35,A
3627,feature_use,2026-03-07 00:25:35,A
3628,signup,2026-04-17 00:29:03,A
3629,signup,2026-05-14 19:29:14,B
3629,activation,2026-05-15 20:29:14,B
3629,feature_use,2026-05-21 20:29:14,B
3629,purchase,2026-05-28 20:29:14,B
3630,signup,2026-04-23 21:36:03,A
3631,signup,2026-04-10 15:32:56,B
3632,signup,2026-05-19 14:30:35,A
3633,signup,2026-04-01 17:55:26,B
3633,activation,2026-04-02 04:55:26,B
3633,feature_use,2026-04-05 04:55:26,B
3633,purchase,2026-04-13 04:55:26,B
3634,signup,2026-03-07 08:48:26,A
3634,activation,2026-03-07 09:48:26,A
3634,feature_use,2026-03-12 09:48:26,A
3635,signup,2026-05-09 20:02:31,B
3635,activation,2026-05-10 15:02:31,B
3636,signup,2026-02-28 17:34:44,A
3636,activation,2026-03-02 05:34:44,A
3637,signup,2026-02-23 19:31:51,A
3637,activation,2026-02-23 23:31:51,A
3637,feature_use,2026-03-01 23:31:51,A
3638,signup,2026-04-29 18:03:24,A
3639,signup,2026-04-30 10:38:58,B
3639,activation,2026-05-01 12:38:58,B
3640,signup,2026-03-12 03:10:01,B
3640,activation,2026-03-13 00:10:01,B
3640,feature_use,2026-03-19 00:10:01,B
3641,signup,2026-03-23 06:20:14,B
3642,signup,2026-05-07 08:27:41,A
3642,activation,2026-05-08 17:27:41,A
3642,feature_use,2026-05-12 17:27:41,A
3643,signup,2026-03-26 02:18:52,B
3643,activation,2026-03-26 16:18:52,B
3643,feature_use,2026-03-31 16:18:52,B
3644,signup,2026-05-01 18:08:08,A
3644,activation,2026-05-02 11:08:08,A
3644,feature_use,2026-05-08 11:08:08,A
3645,signup,2026-02-20 03:37:02,B
3645,activation,2026-02-21 05:37:02,B
3645,feature_use,2026-02-25 05:37:02,B
3646,signup,2026-04-23 03:33:35,B
3646,activation,2026-04-24 08:33:35,B
3647,signup,2026-03-01 19:46:51,B
3647,activation,2026-03-03 05:46:51,B
3647,feature_use,2026-03-06 05:46:51,B
3648,signup,2026-05-07 02:11:47,B
3649,signup,2026-03-14 20:36:56,A
3649,activation,2026-03-15 20:36:56,A
3650,signup,2026-03-25 10:19:46,B
3651,signup,2026-05-19 18:16:00,B
3651,activation,2026-05-21 03:16:00,B
3652,signup,2026-05-18 14:22:53,A
3652,activation,2026-05-20 05:22:53,A
3652,feature_use,2026-05-23 05:22:53,A
3653,signup,2026-02-26 02:00:02,A
3653,activation,2026-02-27 12:00:02,A
3654,signup,2026-02-23 01:52:51,A
3654,activation,2026-02-23 10:52:51,A
3654,feature_use,2026-03-01 10:52:51,A
3655,signup,2026-05-09 23:07:34,A
3655,activation,2026-05-11 22:07:34,A
3655,feature_use,2026-05-17 22:07:34,A
3656,signup,2026-03-24 18:50:03,A
3656,activation,2026-03-26 01:50:03,A
3656,feature_use,2026-03-30 01:50:03,A
3657,signup,2026-02-23 14:43:23,A
3657,activation,2026-02-24 10:43:23,A
3657,feature_use,2026-03-01 10:43:23,A
3658,signup,2026-05-14 03:31:27,A
3659,signup,2026-03-31 00:03:11,A
3659,activation,2026-04-01 11:03:11,A
3660,signup,2026-05-05 22:25:29,A
3660,activation,2026-05-07 22:25:29,A
3660,feature_use,2026-05-11 22:25:29,A
3661,signup,2026-04-07 22:08:00,B
3661,activation,2026-04-09 02:08:00,B
3661,feature_use,2026-04-14 02:08:00,B
3662,signup,2026-05-18 16:22:36,B
3663,signup,2026-03-17 12:54:42,A
3664,signup,2026-03-12 13:10:54,A
3664,activation,2026-03-14 06:10:54,A
3664,feature_use,2026-03-16 06:10:54,A
3664,purchase,2026-03-20 06:10:54,A
3665,signup,2026-05-11 09:32:09,B
3665,activation,2026-05-11 14:32:09,B
3665,feature_use,2026-05-12 14:32:09,B
3665,purchase,2026-05-21 14:32:09,B
3666,signup,2026-05-02 05:05:06,B
3666,activation,2026-05-03 17:05:06,B
3667,signup,2026-04-24 04:38:55,A
3667,activation,2026-04-25 07:38:55,A
3668,signup,2026-05-11 15:37:30,B
3668,activation,2026-05-12 17:37:30,B
3669,signup,2026-03-10 22:32:18,B
3669,activation,2026-03-11 03:32:18,B
3670,signup,2026-04-01 03:25:01,A
3671,signup,2026-05-07 10:17:10,A
3671,activation,2026-05-08 10:17:10,A
3671,feature_use,2026-05-14 10:17:10,A
3672,signup,2026-05-10 04:31:09,A
3672,activation,2026-05-10 13:31:09,A
3672,feature_use,2026-05-16 13:31:09,A
3673,signup,2026-02-26 07:21:03,B
3673,activation,2026-02-27 02:21:03,B
3674,signup,2026-03-12 14:09:27,B
3675,signup,2026-02-27 19:25:25,B
3675,activation,2026-02-28 18:25:25,B
3676,signup,2026-02-21 19:41:23,A
3676,activation,2026-02-22 13:41:23,A
3677,signup,2026-04-11 01:46:11,A
3678,signup,2026-04-29 05:26:53,B
3678,activation,2026-04-30 23:26:53,B
3678,feature_use,2026-05-06 23:26:53,B
3679,signup,2026-04-17 04:28:20,A
3679,activation,2026-04-18 18:28:20,A
3679,feature_use,2026-04-24 18:28:20,A
3680,signup,2026-02-28 21:27:53,B
3680,activation,2026-03-01 15:27:53,B
3680,feature_use,2026-03-08 15:27:53,B
3681,signup,2026-04-01 02:13:37,A
3681,activation,2026-04-01 16:13:37,A
3681,feature_use,2026-04-07 16:13:37,A
3681,purchase,2026-04-09 16:13:37,A
3682,signup,2026-03-08 22:00:41,A
3682,activation,2026-03-09 18:00:41,A
3682,feature_use,2026-03-11 18:00:41,A
3683,signup,2026-05-16 17:18:14,A
3683,activation,2026-05-18 13:18:14,A
3683,feature_use,2026-05-21 13:18:14,A
3684,signup,2026-05-08 22:11:53,A
3684,activation,2026-05-10 22:11:53,A
3685,signup,2026-03-23 22:53:38,B
3685,activation,2026-03-25 04:53:38,B
3686,signup,2026-04-27 19:20:56,A
3686,activation,2026-04-28 19:20:56,A
3687,signup,2026-03-08 16:03:33,B
3688,signup,2026-04-25 05:53:18,A
3688,activation,2026-04-26 10:53:18,A
3688,feature_use,2026-05-02 10:53:18,A
3689,signup,2026-04-09 03:14:19,B
3690,signup,2026-04-14 23:18:56,B
3690,activation,2026-04-16 16:18:56,B
3690,feature_use,2026-04-19 16:18:56,B
3691,signup,2026-05-08 20:49:24,B
3692,signup,2026-04-02 11:57:56,A
3692,activation,2026-04-03 10:57:56,A
3692,feature_use,2026-04-09 10:57:56,A
3693,signup,2026-02-21 18:16:57,B
3694,signup,2026-04-15 05:07:40,A
3694,activation,2026-04-15 15:07:40,A
3695,signup,2026-05-04 07:05:40,B
3695,activation,2026-05-05 22:05:40,B
3696,signup,2026-03-03 05:49:55,A
3697,signup,2026-05-20 11:28:16,B
3697,activation,2026-05-21 09:28:16,B
3697,feature_use,2026-05-27 09:28:16,B
3698,signup,2026-04-18 20:21:32,A
3698,activation,2026-04-19 09:21:32,A
3699,signup,2026-02-25 03:23:09,A
3700,signup,2026-05-11 07:39:40,A
3700,activation,2026-05-12 04:39:40,A
3700,feature_use,2026-05-13 04:39:40,A
3700,purchase,2026-05-14 04:39:40,A
3701,signup,2026-03-19 21:17:54,A
3701,activation,2026-03-20 08:17:54,A
3701,feature_use,2026-03-21 08:17:54,A
3701,purchase,2026-03-31 08:17:54,A
3702,signup,2026-03-16 00:37:33,B
3702,activation,2026-03-17 18:37:33,B
3703,signup,2026-03-20 08:47:18,A
3704,signup,2026-05-05 15:17:28,B
3704,activation,2026-05-06 19:17:28,B
3705,signup,2026-05-04 22:53:06,B
3705,activation,2026-05-06 18:53:06,B
3705,feature_use,2026-05-11 18:53:06,B
3705,purchase,2026-05-13 18:53:06,B
3706,signup,2026-04-07 20:44:49,B
3706,activation,2026-04-08 08:44:49,B
3706,feature_use,2026-04-10 08:44:49,B
3706,purchase,2026-04-16 08:44:49,B
3707,signup,2026-04-16 04:31:49,B
3707,activation,2026-04-17 17:31:49,B
3707,feature_use,2026-04-19 17:31:49,B
3707,purchase,2026-04-25 17:31:49,B
3708,signup,2026-03-27 23:34:31,A
3709,signup,2026-03-13 07:39:23,A
3710,signup,2026-04-18 16:44:26,A
3710,activation,2026-04-20 14:44:26,A
3710,feature_use,2026-04-27 14:44:26,A
3711,signup,2026-04-27 14:38:21,B
3711,activation,2026-04-28 12:38:21,B
3711,feature_use,2026-05-02 12:38:21,B
3712,signup,2026-03-12 07:27:04,A
3712,activation,2026-03-13 17:27:04,A
3713,signup,2026-02-26 03:03:52,A
3713,activation,2026-02-27 23:03:52,A
3713,feature_use,2026-03-04 23:03:52,A
3713,purchase,2026-03-09 23:03:52,A
3714,signup,2026-03-20 10:20:30,A
3714,activation,2026-03-20 22:20:30,A
3715,signup,2026-02-20 09:12:32,A
3715,activation,2026-02-20 21:12:32,A
3715,feature_use,2026-02-26 21:12:32,A
3716,signup,2026-04-18 19:48:43,B
3717,signup,2026-03-24 18:51:39,A
3717,activation,2026-03-25 13:51:39,A
3718,signup,2026-04-13 17:15:03,A
3718,activation,2026-04-14 18:15:03,A
3718,feature_use,2026-04-19 18:15:03,A
3719,signup,2026-05-19 12:31:00,B
3719,activation,2026-05-21 07:31:00,B
3720,signup,2026-05-03 19:42:31,A
3720,activation,2026-05-04 16:42:31,A
3720,feature_use,2026-05-07 16:42:31,A
3721,signup,2026-04-27 20:46:19,A
3722,signup,2026-03-11 15:47:57,B
3722,activation,2026-03-12 00:47:57,B
3722,feature_use,2026-03-18 00:47:57,B
3723,signup,2026-03-19 07:06:38,A
3724,signup,2026-03-08 08:39:16,A
3725,signup,2026-04-08 18:49:27,A
3725,activation,2026-04-09 11:49:27,A
3725,feature_use,2026-04-12 11:49:27,A
3726,signup,2026-04-29 14:17:06,A
3726,activation,2026-04-30 02:17:06,A
3727,signup,2026-03-31 11:57:06,B
3727,activation,2026-04-01 04:57:06,B
3728,signup,2026-04-08 23:55:30,A
3728,activation,2026-04-09 03:55:30,A
3728,feature_use,2026-04-14 03:55:30,A
3729,signup,2026-03-11 09:48:03,B
3730,signup,2026-03-22 17:38:21,B
3730,activation,2026-03-23 22:38:21,B
3731,signup,2026-04-28 12:15:20,A
3731,activation,2026-04-29 03:15:20,A
3731,feature_use,2026-05-03 03:15:20,A
3732,signup,2026-05-15 20:25:28,A
3732,activation,2026-05-16 13:25:28,A
3732,feature_use,2026-05-21 13:25:28,A
3733,signup,2026-03-03 09:36:19,B
3733,activation,2026-03-04 13:36:19,B
3734,signup,2026-05-03 12:29:00,B
3734,activation,2026-05-05 11:29:00,B
3735,signup,2026-04-20 04:02:10,A
3735,activation,2026-04-20 18:02:10,A
3735,feature_use,2026-04-22 18:02:10,A
3735,purchase,2026-04-29 18:02:10,A
3736,signup,2026-04-26 18:23:01,A
3736,activation,2026-04-28 14:23:01,A
3737,signup,2026-05-06 02:06:28,B
3737,activation,2026-05-07 21:06:28,B
3738,signup,2026-02-20 06:44:46,A
3738,activation,2026-02-21 22:44:46,A
3738,feature_use,2026-02-27 22:44:46,A
3739,signup,2026-04-18 02:14:31,B
3740,signup,2026-03-08 00:44:19,A
3741,signup,2026-03-08 03:38:21,B
3741,activation,2026-03-09 02:38:21,B
3741,feature_use,2026-03-13 02:38:21,B
3742,signup,2026-03-28 07:17:04,B
3743,signup,2026-04-12 22:31:18,B
3743,activation,2026-04-14 22:31:18,B
3743,feature_use,2026-04-19 22:31:18,B
3744,signup,2026-03-04 19:41:58,A
3745,signup,2026-03-24 15:14:58,A
3746,signup,2026-04-23 19:14:43,B
3747,signup,2026-03-16 08:27:04,A
3747,activation,2026-03-17 05:27:04,A
3747,feature_use,2026-03-21 05:27:04,A
3748,signup,2026-03-20 12:51:54,B
3748,activation,2026-03-21 20:51:54,B
3748,feature_use,2026-03-23 20:51:54,B
3749,signup,2026-03-08 11:11:25,B
3749,activation,2026-03-10 09:11:25,B
3749,feature_use,2026-03-11 09:11:25,B
3749,purchase,2026-03-17 09:11:25,B
3750,signup,2026-03-18 09:07:43,B
3750,activation,2026-03-20 02:07:43,B
3750,feature_use,2026-03-25 02:07:43,B
3751,signup,2026-03-18 22:09:12,B
3751,activation,2026-03-20 10:09:12,B
3752,signup,2026-03-13 14:41:33,B
3753,signup,2026-03-13 17:35:56,A
3753,activation,2026-03-14 16:35:56,A
3753,feature_use,2026-03-21 16:35:56,A
3754,signup,2026-05-08 23:03:03,A
3754,activation,2026-05-09 13:03:03,A
3754,feature_use,2026-05-14 13:03:03,A
3755,signup,2026-05-17 03:49:12,B
3755,activation,2026-05-17 06:49:12,B
3755,feature_use,2026-05-19 06:49:12,B
3756,signup,2026-02-25 07:47:37,A
3756,activation,2026-02-26 18:47:37,A
3756,feature_use,2026-02-28 18:47:37,A
3757,signup,2026-04-11 12:57:11,A
3758,signup,2026-02-20 16:47:13,A
3758,activation,2026-02-21 13:47:13,A
3759,signup,2026-02-19 21:49:10,A
3760,signup,2026-03-15 05:58:10,A
3761,signup,2026-05-09 17:38:18,A
3761,activation,2026-05-11 08:38:18,A
3761,feature_use,2026-05-18 08:38:18,A
3762,signup,2026-05-17 14:18:50,A
3762,activation,2026-05-17 21:18:50,A
3762,feature_use,2026-05-22 21:18:50,A
3763,signup,2026-03-03 15:32:31,B
3763,activation,2026-03-04 09:32:31,B
3763,feature_use,2026-03-11 09:32:31,B
3764,signup,2026-05-10 01:42:20,A
3764,activation,2026-05-11 13:42:20,A
3765,signup,2026-05-19 22:30:27,A
3765,activation,2026-05-20 22:30:27,A
3765,feature_use,2026-05-21 22:30:27,A
3765,purchase,2026-05-29 22:30:27,A
3766,signup,2026-05-05 00:48:29,B
3766,activation,2026-05-06 17:48:29,B
3766,feature_use,2026-05-13 17:48:29,B
3767,signup,2026-03-28 09:10:49,B
3768,signup,2026-03-14 05:44:48,A
3768,activation,2026-03-14 18:44:48,A
3769,signup,2026-05-04 22:50:48,B
3769,activation,2026-05-05 03:50:48,B
3769,feature_use,2026-05-06 03:50:48,B
3770,signup,2026-05-08 13:20:42,A
3770,activation,2026-05-09 16:20:42,A
3770,feature_use,2026-05-12 16:20:42,A
3771,signup,2026-05-17 05:40:20,A
3772,signup,2026-05-09 10:07:44,A
3773,signup,2026-05-18 00:30:34,B
3773,activation,2026-05-19 15:30:34,B
3774,signup,2026-05-05 19:56:17,A
3775,signup,2026-03-12 17:38:38,A
3775,activation,2026-03-13 04:38:38,A
3776,signup,2026-04-13 14:23:00,A
3776,activation,2026-04-13 17:23:00,A
3777,signup,2026-03-15 09:27:28,A
3777,activation,2026-03-15 12:27:28,A
3777,feature_use,2026-03-19 12:27:28,A
3778,signup,2026-04-28 09:42:50,A
3778,activation,2026-04-29 15:42:50,A
3779,signup,2026-04-03 04:21:01,B
3779,activation,2026-04-04 08:21:01,B
3779,feature_use,2026-04-11 08:21:01,B
3779,purchase,2026-04-19 08:21:01,B
3780,signup,2026-04-01 03:40:57,A
3780,activation,2026-04-01 11:40:57,A
3781,signup,2026-03-24 01:01:31,B
3781,activation,2026-03-25 18:01:31,B
3781,feature_use,2026-03-30 18:01:31,B
3781,purchase,2026-04-04 18:01:31,B
3782,signup,2026-03-21 09:27:41,A
3783,signup,2026-02-22 07:38:02,B
3784,signup,2026-03-02 05:21:26,B
3784,activation,2026-03-03 22:21:26,B
3785,signup,2026-05-17 02:36:30,B
3786,signup,2026-03-15 05:41:44,A
3786,activation,2026-03-16 22:41:44,A
3786,feature_use,2026-03-17 22:41:44,A
3786,purchase,2026-03-22 22:41:44,A
3787,signup,2026-04-12 09:03:15,B
3787,activation,2026-04-12 15:03:15,B
3788,signup,2026-03-13 05:37:55,B
3788,activation,2026-03-13 12:37:55,B
3789,signup,2026-04-04 10:46:19,A
3790,signup,2026-04-24 01:37:21,A
3791,signup,2026-05-09 17:30:18,A
3791,activation,2026-05-10 14:30:18,A
3792,signup,2026-03-12 00:32:10,A
3792,activation,2026-03-12 10:32:10,A
3792,feature_use,2026-03-18 10:32:10,A
3793,signup,2026-03-11 07:08:53,B
3793,activation,2026-03-11 16:08:53,B
3793,feature_use,2026-03-17 16:08:53,B
3794,signup,2026-04-30 23:13:43,B
3794,activation,2026-05-01 17:13:43,B
3795,signup,2026-03-28 14:38:05,A
3796,signup,2026-04-20 05:35:27,A
3796,activation,2026-04-22 05:35:27,A
3796,feature_use,2026-04-28 05:35:27,A
3796,purchase,2026-05-07 05:35:27,A
3797,signup,2026-05-19 15:39:18,B
3798,signup,2026-02-26 05:49:03,B
3799,signup,2026-03-16 20:02:51,A
3799,activation,2026-03-17 21:02:51,A
3799,feature_use,2026-03-22 21:02:51,A
3800,signup,2026-05-07 19:43:25,B
3800,activation,2026-05-09 07:43:25,B
3800,feature_use,2026-05-10 07:43:25,B
3800,purchase,2026-05-14 07:43:25,B
3801,signup,2026-04-22 08:35:36,A
3801,activation,2026-04-23 07:35:36,A
3802,signup,2026-04-26 08:02:05,A
3803,signup,2026-03-11 11:25:16,B
3804,signup,2026-03-10 18:31:13,B
3804,activation,2026-03-12 08:31:13,B
3804,feature_use,2026-03-19 08:31:13,B
3804,purchase,2026-03-26 08:31:13,B
3805,signup,2026-02-27 11:17:04,A
3805,activation,2026-02-28 16:17:04,A
3806,signup,2026-05-05 15:37:45,A
3806,activation,2026-05-06 02:37:45,A
3806,feature_use,2026-05-13 02:37:45,A
3806,purchase,2026-05-22 02:37:45,A
3807,signup,2026-04-02 21:13:10,A
3807,activation,2026-04-04 19:13:10,A
3807,feature_use,2026-04-10 19:13:10,A
3808,signup,2026-04-22 16:57:19,B
3808,activation,2026-04-23 16:57:19,B
3809,signup,2026-04-26 15:01:18,B
3809,activation,2026-04-28 15:01:18,B
3809,feature_use,2026-04-30 15:01:18,B
3810,signup,2026-03-08 00:43:12,B
3810,activation,2026-03-09 08:43:12,B
3810,feature_use,2026-03-13 08:43:12,B
3811,signup,2026-04-25 04:26:05,A
3812,signup,2026-05-08 12:14:35,A
3812,activation,2026-05-10 10:14:35,A
3812,feature_use,2026-05-13 10:14:35,A
3813,signup,2026-03-12 08:55:13,A
3814,signup,2026-04-12 00:55:39,A
3815,signup,2026-05-14 11:10:51,B
3816,signup,2026-04-21 09:25:31,A
3816,activation,2026-04-21 12:25:31,A
3817,signup,2026-03-06 05:23:59,A
3818,signup,2026-03-07 11:24:13,B
3819,signup,2026-04-28 15:50:31,A
3819,activation,2026-04-29 04:50:31,A
3819,feature_use,2026-05-03 04:50:31,A
3819,purchase,2026-05-07 04:50:31,A
3820,signup,2026-03-13 22:11:11,A
3821,signup,2026-03-04 14:07:53,B
3821,activation,2026-03-05 05:07:53,B
3822,signup,2026-03-04 02:42:20,A
3822,activation,2026-03-04 13:42:20,A
3823,signup,2026-04-09 00:55:36,A
3823,activation,2026-04-10 07:55:36,A
3823,feature_use,2026-04-13 07:55:36,A
3824,signup,2026-04-02 12:12:40,B
3824,activation,2026-04-03 08:12:40,B
3824,feature_use,2026-04-07 08:12:40,B
3824,purchase,2026-04-10 08:12:40,B
3825,signup,2026-03-27 07:49:35,B
3825,activation,2026-03-28 10:49:35,B
3826,signup,2026-03-03 02:25:36,B
3826,activation,2026-03-03 18:25:36,B
3826,feature_use,2026-03-09 18:25:36,B
3827,signup,2026-05-03 01:29:49,A
3827,activation,2026-05-05 00:29:49,A
3828,signup,2026-05-13 14:46:51,A
3828,activation,2026-05-14 00:46:51,A
3829,signup,2026-03-05 12:51:11,A
3829,activation,2026-03-07 02:51:11,A
3830,signup,2026-05-18 19:40:21,A
3830,activation,2026-05-18 22:40:21,A
3830,feature_use,2026-05-24 22:40:21,A
3831,signup,2026-02-24 18:10:16,A
3832,signup,2026-03-26 09:50:17,A
3832,activation,2026-03-28 08:50:17,A
3833,signup,2026-05-12 10:16:19,B
3833,activation,2026-05-14 01:16:19,B
3834,signup,2026-04-27 18:47:34,A
3834,activation,2026-04-29 11:47:34,A
3834,feature_use,2026-05-02 11:47:34,A
3835,signup,2026-05-14 12:00:03,B
3835,activation,2026-05-14 21:00:03,B
3836,signup,2026-05-10 20:08:01,A
3836,activation,2026-05-11 08:08:01,A
3837,signup,2026-04-23 07:33:46,B
3838,signup,2026-03-16 05:34:21,A
3838,activation,2026-03-17 23:34:21,A
3838,feature_use,2026-03-24 23:34:21,A
3838,purchase,2026-04-01 23:34:21,A
3839,signup,2026-03-15 20:43:02,B
3839,activation,2026-03-17 20:43:02,B
3840,signup,2026-02-22 08:49:47,A
3841,signup,2026-04-05 05:51:34,B
3842,signup,2026-02-21 08:06:33,B
3842,activation,2026-02-22 00:06:33,B
3843,signup,2026-04-24 13:41:17,B
3843,activation,2026-04-25 07:41:17,B
3843,feature_use,2026-05-02 07:41:17,B
3844,signup,2026-04-27 13:21:07,B
3844,activation,2026-04-28 10:21:07,B
3844,feature_use,2026-05-03 10:21:07,B
3845,signup,2026-05-15 05:40:51,A
3845,activation,2026-05-15 16:40:51,A
3846,signup,2026-03-19 16:36:04,B
3846,activation,2026-03-20 13:36:04,B
3846,feature_use,2026-03-25 13:36:04,B
3847,signup,2026-03-26 18:54:56,A
3847,activation,2026-03-28 11:54:56,A
3847,feature_use,2026-04-04 11:54:56,A
3848,signup,2026-03-16 09:14:45,B
3849,signup,2026-04-02 09:24:55,B
3849,activation,2026-04-04 09:24:55,B
3849,feature_use,2026-04-09 09:24:55,B
3850,signup,2026-04-25 21:22:36,B
3850,activation,2026-04-27 01:22:36,B
3850,feature_use,2026-05-02 01:22:36,B
3851,signup,2026-04-14 10:43:44,B
3852,signup,2026-04-29 17:10:22,B
3852,activation,2026-05-01 15:10:22,B
3852,feature_use,2026-05-07 15:10:22,B
3853,signup,2026-03-29 17:25:54,B
3853,activation,2026-03-30 21:25:54,B
3853,feature_use,2026-04-06 21:25:54,B
3854,signup,2026-02-20 11:17:25,A
3854,activation,2026-02-22 04:17:25,A
3854,feature_use,2026-02-28 04:17:25,A
3855,signup,2026-05-04 06:47:13,B
3855,activation,2026-05-04 14:47:13,B
3856,signup,2026-03-16 16:12:50,A
3857,signup,2026-03-01 16:52:29,A
3857,activation,2026-03-02 18:52:29,A
3857,feature_use,2026-03-05 18:52:29,A
3857,purchase,2026-03-07 18:52:29,A
3858,signup,2026-03-08 02:29:58,A
3858,activation,2026-03-08 19:29:58,A
3858,feature_use,2026-03-13 19:29:58,A
3859,signup,2026-02-28 14:24:41,A
3860,signup,2026-04-10 16:49:46,B
3861,signup,2026-03-20 04:20:27,A
3861,activation,2026-03-20 19:20:27,A
3862,signup,2026-04-16 09:30:50,B
3862,activation,2026-04-17 03:30:50,B
3862,feature_use,2026-04-22 03:30:50,B
3862,purchase,2026-04-28 03:30:50,B
3863,signup,2026-03-11 21:13:37,B
3863,activation,2026-03-12 10:13:37,B
3864,signup,2026-04-08 12:13:13,A
3864,activation,2026-04-09 19:13:13,A
3865,signup,2026-03-05 18:03:45,A
3866,signup,2026-02-28 07:02:06,B
3866,activation,2026-03-01 14:02:06,B
3866,feature_use,2026-03-07 14:02:06,B
3867,signup,2026-04-30 01:07:41,A
3867,activation,2026-04-30 05:07:41,A
3868,signup,2026-05-14 15:11:24,A
3868,activation,2026-05-16 02:11:24,A
3869,signup,2026-03-29 05:30:42,A
3869,activation,2026-03-30 04:30:42,A
3870,signup,2026-04-01 22:39:26,B
3870,activation,2026-04-03 13:39:26,B
3870,feature_use,2026-04-07 13:39:26,B
3871,signup,2026-04-30 09:09:51,A
3871,activation,2026-05-01 16:09:51,A
3872,signup,2026-04-22 23:53:27,B
3872,activation,2026-04-23 10:53:27,B
3873,signup,2026-03-14 10:45:53,A
3874,signup,2026-04-03 15:44:38,B
3874,activation,2026-04-04 03:44:38,B
3874,feature_use,2026-04-06 03:44:38,B
3875,signup,2026-04-29 19:25:29,B
3876,signup,2026-02-24 04:09:24,A
3876,activation,2026-02-25 04:09:24,A
3877,signup,2026-04-13 07:11:31,A
3878,signup,2026-05-18 18:53:28,B
3879,signup,2026-03-18 11:44:49,B
3879,activation,2026-03-19 16:44:49,B
3879,feature_use,2026-03-23 16:44:49,B
3880,signup,2026-03-20 18:25:10,A
3880,activation,2026-03-22 14:25:10,A
3880,feature_use,2026-03-25 14:25:10,A
3881,signup,2026-04-24 19:47:40,A
3881,activation,2026-04-26 09:47:40,A
3881,feature_use,2026-05-03 09:47:40,A
3881,purchase,2026-05-13 09:47:40,A
3882,signup,2026-04-10 02:42:59,A
3882,activation,2026-04-10 19:42:59,A
3882,feature_use,2026-04-13 19:42:59,A
3883,signup,2026-02-26 04:36:20,B
3883,activation,2026-02-27 03:36:20,B
3884,signup,2026-03-27 21:49:10,B
3885,signup,2026-04-12 07:35:48,B
3885,activation,2026-04-13 13:35:48,B
3885,feature_use,2026-04-15 13:35:48,B
3885,purchase,2026-04-24 13:35:48,B
3886,signup,2026-02-21 07:34:31,B
3886,activation,2026-02-21 10:34:31,B
3887,signup,2026-03-04 01:29:28,B
3888,signup,2026-04-07 17:02:43,B
3888,activation,2026-04-09 15:02:43,B
3888,feature_use,2026-04-12 15:02:43,B
3889,signup,2026-03-12 11:28:40,B
3889,activation,2026-03-13 15:28:40,B
3890,signup,2026-03-17 14:11:36,A
3891,signup,2026-03-22 23:29:12,A
3891,activation,2026-03-24 00:29:12,A
3892,signup,2026-05-03 03:45:19,B
3892,activation,2026-05-04 11:45:19,B
3893,signup,2026-03-17 06:38:22,B
3893,activation,2026-03-19 01:38:22,B
3894,signup,2026-04-28 12:53:50,A
3895,signup,2026-03-28 19:46:29,A
3895,activation,2026-03-29 09:46:29,A
3895,feature_use,2026-04-01 09:46:29,A
3896,signup,2026-05-11 09:59:34,B
3896,activation,2026-05-12 11:59:34,B
3897,signup,2026-04-14 14:16:21,A
3897,activation,2026-04-15 23:16:21,A
3897,feature_use,2026-04-22 23:16:21,A
3898,signup,2026-05-03 16:05:18,A
3899,signup,2026-03-12 09:37:14,B
3900,signup,2026-04-02 05:23:33,A
3900,activation,2026-04-03 18:23:33,A
3901,signup,2026-02-22 06:17:59,A
3902,signup,2026-05-20 03:11:04,A
3902,activation,2026-05-20 21:11:04,A
3902,feature_use,2026-05-21 21:11:04,A
3902,purchase,2026-05-31 21:11:04,A
3903,signup,2026-05-15 16:32:42,B
3903,activation,2026-05-17 01:32:42,B
3903,feature_use,2026-05-20 01:32:42,B
3903,purchase,2026-05-28 01:32:42,B
3904,signup,2026-04-20 23:04:42,A
3905,signup,2026-03-05 10:36:41,A
3905,activation,2026-03-07 01:36:41,A
3906,signup,2026-05-08 20:20:42,A
3906,activation,2026-05-10 09:20:42,A
3906,feature_use,2026-05-15 09:20:42,A
3907,signup,2026-04-29 06:19:10,A
3907,activation,2026-05-01 02:19:10,A
3908,signup,2026-05-05 01:07:53,A
3908,activation,2026-05-05 03:07:53,A
3908,feature_use,2026-05-08 03:07:53,A
3909,signup,2026-05-02 08:56:23,A
3909,activation,2026-05-03 00:56:23,A
3909,feature_use,2026-05-04 00:56:23,A
3909,purchase,2026-05-13 00:56:23,A
3910,signup,2026-05-04 20:23:43,A
3911,signup,2026-05-01 18:08:39,A
3911,activation,2026-05-03 17:08:39,A
3912,signup,2026-04-10 00:11:16,B
3912,activation,2026-04-10 22:11:16,B
3912,feature_use,2026-04-16 22:11:16,B
3912,purchase,2026-04-23 22:11:16,B
3913,signup,2026-03-30 05:58:11,B
3914,signup,2026-02-28 00:51:29,B
3914,activation,2026-03-01 06:51:29,B
3914,feature_use,2026-03-05 06:51:29,B
3915,signup,2026-05-17 00:59:56,A
3915,activation,2026-05-18 05:59:56,A
3916,signup,2026-03-26 23:02:38,A
3916,activation,2026-03-28 16:02:38,A
3916,feature_use,2026-04-02 16:02:38,A
3916,purchase,2026-04-05 16:02:38,A
3917,signup,2026-04-23 07:46:33,B
3918,signup,2026-03-22 23:05:25,B
3919,signup,2026-03-09 08:21:37,B
3919,activation,2026-03-10 05:21:37,B
3919,feature_use,2026-03-12 05:21:37,B
3920,signup,2026-03-17 00:42:25,A
3920,activation,2026-03-17 08:42:25,A
3921,signup,2026-03-28 09:08:06,B
3921,activation,2026-03-28 16:08:06,B
3922,signup,2026-05-15 03:36:28,B
3923,signup,2026-03-09 17:09:50,A
3923,activation,2026-03-09 20:09:50,A
3924,signup,2026-04-17 08:47:03,A
3925,signup,2026-02-21 00:57:49,B
3925,activation,2026-02-22 12:57:49,B
3925,feature_use,2026-02-26 12:57:49,B
3925,purchase,2026-03-07 12:57:49,B
3926,signup,2026-03-25 14:19:46,B
3926,activation,2026-03-25 21:19:46,B
3926,feature_use,2026-03-31 21:19:46,B
3927,signup,2026-04-25 11:48:08,B
3928,signup,2026-03-02 10:55:24,A
3929,signup,2026-04-17 23:00:47,A
3930,signup,2026-04-01 20:51:19,A
3931,signup,2026-03-04 07:11:10,A
3931,activation,2026-03-05 11:11:10,A
3931,feature_use,2026-03-09 11:11:10,A
3931,purchase,2026-03-18 11:11:10,A
3932,signup,2026-02-20 05:56:12,B
3933,signup,2026-03-01 02:22:41,B
3933,activation,2026-03-02 20:22:41,B
3933,feature_use,2026-03-07 20:22:41,B
3933,purchase,2026-03-11 20:22:41,B
3934,signup,2026-05-12 09:21:58,B
3934,activation,2026-05-13 11:21:58,B
3934,feature_use,2026-05-20 11:21:58,B
3935,signup,2026-04-05 17:42:49,A
3936,signup,2026-03-16 23:51:00,B
3937,signup,2026-04-06 07:36:09,B
3937,activation,2026-04-07 16:36:09,B
3937,feature_use,2026-04-09 16:36:09,B
3938,signup,2026-03-14 01:22:37,A
3938,activation,2026-03-15 16:22:37,A
3939,signup,2026-03-09 02:01:07,B
3940,signup,2026-05-19 05:22:59,A
3941,signup,2026-05-16 22:10:09,B
3942,signup,2026-05-11 02:24:15,B
3943,signup,2026-04-01 10:41:55,B
3944,signup,2026-02-23 22:48:58,A
3944,activation,2026-02-24 04:48:58,A
3944,feature_use,2026-03-03 04:48:58,A
3945,signup,2026-04-21 12:11:24,B
3945,activation,2026-04-22 20:11:24,B
3946,signup,2026-03-10 20:32:52,A
3946,activation,2026-03-12 15:32:52,A
3947,signup,2026-04-05 11:04:04,B
3948,signup,2026-05-02 09:16:22,A
3948,activation,2026-05-03 01:16:22,A
3949,signup,2026-02-21 08:13:40,B
3949,activation,2026-02-22 14:13:40,B
3949,feature_use,2026-03-01 14:13:40,B
3949,purchase,2026-03-10 14:13:40,B
3950,signup,2026-03-29 14:34:16,B
3950,activation,2026-03-29 23:34:16,B
3951,signup,2026-03-19 13:28:33,B
3951,activation,2026-03-20 21:28:33,B
3952,signup,2026-04-10 21:07:22,A
3952,activation,2026-04-12 17:07:22,A
3952,feature_use,2026-04-19 17:07:22,A
3952,purchase,2026-04-23 17:07:22,A
3953,signup,2026-05-13 11:56:52,B
3953,activation,2026-05-14 02:56:52,B
3954,signup,2026-03-05 08:09:06,B
3954,activation,2026-03-05 12:09:06,B
3954,feature_use,2026-03-07 12:09:06,B
3954,purchase,2026-03-12 12:09:06,B
3955,signup,2026-04-16 01:57:07,A
3956,signup,2026-03-28 04:03:58,A
3956,activation,2026-03-28 07:03:58,A
3957,signup,2026-04-30 16:19:42,A
3958,signup,2026-05-01 14:08:44,B
3958,activation,2026-05-02 13:08:44,B
3959,signup,2026-02-24 06:12:26,B
3959,activation,2026-02-24 11:12:26,B
3959,feature_use,2026-03-03 11:12:26,B
3960,signup,2026-02-27 01:44:24,B
3960,activation,2026-02-27 13:44:24,B
3960,feature_use,2026-03-03 13:44:24,B
3961,signup,2026-04-30 04:28:31,B
3961,activation,2026-05-02 00:28:31,B
3961,feature_use,2026-05-06 00:28:31,B
3961,purchase,2026-05-15 00:28:31,B
3962,signup,2026-03-14 12:46:07,A
3963,signup,2026-02-23 12:36:32,A
3963,activation,2026-02-24 13:36:32,A
3963,feature_use,2026-03-02 13:36:32,A
3964,signup,2026-02-20 23:36:06,B
3964,activation,2026-02-21 12:36:06,B
3964,feature_use,2026-02-22 12:36:06,B
3965,signup,2026-05-08 11:27:08,B
3965,activation,2026-05-09 12:27:08,B
3966,signup,2026-05-01 05:52:54,B
3967,signup,2026-05-20 08:04:01,A
3967,activation,2026-05-20 09:04:01,A
3968,signup,2026-03-08 00:31:47,A
3968,activation,2026-03-09 22:31:47,A
3968,feature_use,2026-03-15 22:31:47,A
3969,signup,2026-05-03 14:42:25,B
3970,signup,2026-03-06 06:21:02,B
3970,activation,2026-03-07 01:21:02,B
3971,signup,2026-02-22 17:14:56,A
3971,activation,2026-02-23 21:14:56,A
3971,feature_use,2026-02-26 21:14:56,A
3972,signup,2026-05-05 23:36:52,A
3972,activation,2026-05-06 01:36:52,A
3972,feature_use,2026-05-10 01:36:52,A
3973,signup,2026-03-11 21:35:32,B
3973,activation,2026-03-13 00:35:32,B
3974,signup,2026-02-21 22:32:42,A
3974,activation,2026-02-23 00:32:42,A
3975,signup,2026-03-13 03:36:14,A
3976,signup,2026-03-28 12:33:40,B
3976,activation,2026-03-29 15:33:40,B
3976,feature_use,2026-04-02 15:33:40,B
3977,signup,2026-04-06 02:06:51,A
3977,activation,2026-04-07 04:06:51,A
3977,feature_use,2026-04-10 04:06:51,A
3978,signup,2026-03-02 19:51:14,B
3979,signup,2026-05-16 00:24:09,B
3980,signup,2026-02-23 00:58:01,A
3980,activation,2026-02-24 05:58:01,A
3981,signup,2026-03-17 10:57:35,B
3982,signup,2026-02-28 05:15:48,A
3983,signup,2026-05-12 13:03:50,A
3984,signup,2026-03-23 18:39:31,A
3984,activation,2026-03-24 06:39:31,A
3984,feature_use,2026-03-25 06:39:31,A
3985,signup,2026-03-19 19:18:08,A
3986,signup,2026-02-24 11:55:59,A
3986,activation,2026-02-26 09:55:59,A
3987,signup,2026-05-16 02:16:12,B
3987,activation,2026-05-17 11:16:12,B
3988,signup,2026-03-01 20:11:56,B
3988,activation,2026-03-02 07:11:56,B
3989,signup,2026-03-09 07:13:37,A
3989,activation,2026-03-11 05:13:37,A
3989,feature_use,2026-03-17 05:13:37,A
3990,signup,2026-03-21 19:47:36,B
3990,activation,2026-03-23 15:47:36,B
3991,signup,2026-03-13 04:39:23,B
3991,activation,2026-03-15 01:39:23,B
3992,signup,2026-04-11 02:16:18,B
3993,signup,2026-03-20 03:50:04,A
3993,activation,2026-03-21 00:50:04,A
3994,signup,2026-03-30 05:09:59,B
3994,activation,2026-03-30 12:09:59,B
3994,feature_use,2026-04-01 12:09:59,B
3995,signup,2026-05-13 22:26:43,B
3995,activation,2026-05-15 18:26:43,B
3996,signup,2026-03-11 15:45:47,B
3997,signup,2026-04-29 17:57:01,B
3997,activation,2026-05-01 07:57:01,B
3997,feature_use,2026-05-03 07:57:01,B
3998,signup,2026-03-05 13:09:01,B
3998,activation,2026-03-06 02:09:01,B
3998,feature_use,2026-03-07 02:09:01,B
3998,purchase,2026-03-14 02:09:01,B
3999,signup,2026-02-21 21:36:17,A
4000,signup,2026-03-25 01:52:50,B
4000,activation,2026-03-25 23:52:50,B
4000,feature_use,2026-03-31 23:52:50,B
4001,signup,2026-04-10 17:35:30,B
4002,signup,2026-02-24 07:12:46,B
4003,signup,2026-04-30 06:23:06,A
4004,signup,2026-03-08 14:53:59,B
4005,signup,2026-04-14 19:06:55,A
4005,activation,2026-04-15 20:06:55,A
4005,feature_use,2026-04-22 20:06:55,A
4006,signup,2026-04-05 00:15:59,B
4006,activation,2026-04-05 16:15:59,B
4007,signup,2026-03-28 08:14:10,B
4008,signup,2026-03-19 06:18:06,B
4008,activation,2026-03-21 02:18:06,B
4008,feature_use,2026-03-23 02:18:06,B
4008,purchase,2026-03-28 02:18:06,B
4009,signup,2026-05-10 11:23:55,A
4009,activation,2026-05-11 22:23:55,A
4010,signup,2026-03-23 14:22:48,B
4010,activation,2026-03-23 19:22:48,B
4010,feature_use,2026-03-26 19:22:48,B
4011,signup,2026-05-11 02:10:38,B
4011,activation,2026-05-12 05:10:38,B
4011,feature_use,2026-05-13 05:10:38,B
4012,signup,2026-05-02 09:55:31,B
4012,activation,2026-05-04 09:55:31,B
4013,signup,2026-04-01 22:47:28,B
4014,signup,2026-04-25 06:22:45,A
4015,signup,2026-04-02 06:19:25,B
4016,signup,2026-04-14 17:10:54,B
4016,activation,2026-04-14 20:10:54,B
4016,feature_use,2026-04-20 20:10:54,B
4017,signup,2026-05-16 08:48:33,B
4017,activation,2026-05-16 19:48:33,B
4018,signup,2026-03-29 16:35:31,A
4018,activation,2026-03-31 03:35:31,A
4019,signup,2026-03-31 09:08:30,B
4019,activation,2026-04-01 18:08:30,B
4019,feature_use,2026-04-03 18:08:30,B
4020,signup,2026-02-20 14:19:53,B
4020,activation,2026-02-20 16:19:53,B
4021,signup,2026-04-17 20:42:04,B
4021,activation,2026-04-19 01:42:04,B
4021,feature_use,2026-04-25 01:42:04,B
4021,purchase,2026-04-26 01:42:04,B
4022,signup,2026-05-07 20:56:40,B
4022,activation,2026-05-09 08:56:40,B
4023,signup,2026-03-18 20:17:55,B
4023,activation,2026-03-19 08:17:55,B
4023,feature_use,2026-03-21 08:17:55,B
4024,signup,2026-03-09 08:29:54,B
4024,activation,2026-03-11 02:29:54,B
4025,signup,2026-03-25 00:48:04,A
4025,activation,2026-03-26 00:48:04,A
4025,feature_use,2026-03-30 00:48:04,A
4026,signup,2026-02-21 03:53:31,A
4026,activation,2026-02-21 14:53:31,A
4027,signup,2026-04-19 03:35:10,B
4027,activation,2026-04-20 23:35:10,B
4028,signup,2026-04-03 20:51:27,A
4029,signup,2026-05-14 21:06:44,B
4030,signup,2026-03-26 18:28:49,B
4030,activation,2026-03-27 19:28:49,B
4031,signup,2026-05-10 11:51:21,A
4031,activation,2026-05-11 18:51:21,A
4032,signup,2026-03-03 19:22:21,A
4033,signup,2026-05-15 12:10:51,B
4034,signup,2026-03-19 17:59:31,B
4034,activation,2026-03-21 01:59:31,B
4035,signup,2026-05-04 15:27:36,B
4036,signup,2026-03-22 14:21:11,B
4036,activation,2026-03-23 21:21:11,B
4036,feature_use,2026-03-24 21:21:11,B
4037,signup,2026-04-08 04:38:55,A
4037,activation,2026-04-09 06:38:55,A
4038,signup,2026-03-21 13:30:21,A
4038,activation,2026-03-22 00:30:21,A
4038,feature_use,2026-03-24 00:30:21,A
4039,signup,2026-04-27 11:06:18,A
4039,activation,2026-04-28 13:06:18,A
4040,signup,2026-03-14 12:12:01,A
4040,activation,2026-03-16 11:12:01,A
4040,feature_use,2026-03-18 11:12:01,A
4041,signup,2026-03-18 19:41:50,A
4041,activation,2026-03-20 05:41:50,A
4042,signup,2026-02-21 04:49:37,B
4043,signup,2026-03-13 16:44:52,B
4043,activation,2026-03-15 12:44:52,B
4044,signup,2026-04-14 11:39:06,B
4044,activation,2026-04-15 16:39:06,B
4044,feature_use,2026-04-22 16:39:06,B
4045,signup,2026-04-03 11:47:54,A
4045,activation,2026-04-04 19:47:54,A
4046,signup,2026-04-23 22:50:23,B
4047,signup,2026-03-10 09:21:13,B
4048,signup,2026-03-23 11:12:51,B
4048,activation,2026-03-23 14:12:51,B
4048,feature_use,2026-03-30 14:12:51,B
4049,signup,2026-05-20 04:16:34,B
4049,activation,2026-05-21 12:16:34,B
4049,feature_use,2026-05-27 12:16:34,B
4050,signup,2026-03-23 22:45:08,A
4050,activation,2026-03-25 04:45:08,A
4051,signup,2026-05-02 00:17:53,A
4051,activation,2026-05-03 11:17:53,A
4052,signup,2026-05-11 17:11:23,A
4052,activation,2026-05-13 03:11:23,A
4052,feature_use,2026-05-17 03:11:23,A
4053,signup,2026-02-24 20:12:15,A
4054,signup,2026-04-29 18:18:10,B
4054,activation,2026-04-30 21:18:10,B
4054,feature_use,2026-05-02 21:18:10,B
4055,signup,2026-05-04 11:36:34,A
4056,signup,2026-05-06 23:23:13,A
4057,signup,2026-02-23 12:45:06,B
4057,activation,2026-02-24 19:45:06,B
4057,feature_use,2026-02-27 19:45:06,B
4058,signup,2026-02-24 08:11:24,A
4059,signup,2026-05-09 23:10:53,B
4060,signup,2026-05-18 22:21:44,A
4061,signup,2026-04-07 02:51:57,B
4061,activation,2026-04-07 07:51:57,B
4062,signup,2026-04-25 09:55:42,A
4063,signup,2026-03-13 00:16:21,B
4063,activation,2026-03-13 19:16:21,B
4063,feature_use,2026-03-16 19:16:21,B
4064,signup,2026-03-04 19:56:07,A
4064,activation,2026-03-06 02:56:07,A
4065,signup,2026-03-27 16:07:55,A
4065,activation,2026-03-28 04:07:55,A
4066,signup,2026-04-05 20:06:23,B
4066,activation,2026-04-06 22:06:23,B
4066,feature_use,2026-04-10 22:06:23,B
4067,signup,2026-02-27 10:06:18,A
4068,signup,2026-03-22 21:11:24,B
4069,signup,2026-02-25 15:52:30,A
4069,activation,2026-02-26 08:52:30,A
4069,feature_use,2026-03-02 08:52:30,A
4070,signup,2026-04-29 10:52:13,B
4070,activation,2026-04-30 06:52:13,B
4070,feature_use,2026-05-03 06:52:13,B
4071,signup,2026-04-11 14:22:05,A
4072,signup,2026-04-29 06:24:30,B
4073,signup,2026-05-08 19:32:13,A
4073,activation,2026-05-09 11:32:13,A
4073,feature_use,2026-05-15 11:32:13,A
4074,signup,2026-04-28 20:56:25,A
4075,signup,2026-04-21 05:24:22,B
4075,activation,2026-04-22 11:24:22,B
4076,signup,2026-05-15 12:10:24,A
4077,signup,2026-03-14 09:32:48,B
4077,activation,2026-03-15 11:32:48,B
4078,signup,2026-04-23 13:06:23,B
4078,activation,2026-04-23 17:06:23,B
4079,signup,2026-04-04 03:12:38,B
4080,signup,2026-04-19 09:08:29,A
4080,activation,2026-04-21 03:08:29,A
4080,feature_use,2026-04-28 03:08:29,A
4081,signup,2026-03-04 10:04:00,B
4081,activation,2026-03-05 10:04:00,B
4082,signup,2026-03-02 15:25:52,B
4082,activation,2026-03-02 22:25:52,B
4083,signup,2026-02-25 14:13:45,B
4084,signup,2026-03-15 02:18:06,A
4084,activation,2026-03-15 14:18:06,A
4084,feature_use,2026-03-18 14:18:06,A
4085,signup,2026-04-28 03:46:05,B
4086,signup,2026-03-21 22:13:52,B
4087,signup,2026-02-26 06:38:03,B
4087,activation,2026-02-27 07:38:03,B
4087,feature_use,2026-03-02 07:38:03,B
4088,signup,2026-04-16 17:07:42,B
4089,signup,2026-03-18 02:37:45,B
4089,activation,2026-03-18 09:37:45,B
4090,signup,2026-03-30 00:27:12,A
4090,activation,2026-03-31 06:27:12,A
4090,feature_use,2026-04-05 06:27:12,A
4091,signup,2026-04-04 03:13:54,B
4091,activation,2026-04-05 13:13:54,B
4092,signup,2026-04-27 00:29:55,B
4092,activation,2026-04-28 21:29:55,B
4092,feature_use,2026-05-05 21:29:55,B
4093,signup,2026-02-22 06:33:41,B
4093,activation,2026-02-23 10:33:41,B
4094,signup,2026-04-04 12:50:04,B
4095,signup,2026-04-03 17:31:16,B
4096,signup,2026-04-07 13:28:56,B
4097,signup,2026-03-21 05:11:04,A
4098,signup,2026-02-24 13:38:49,A
4099,signup,2026-05-13 17:11:04,A
4100,signup,2026-04-08 03:45:28,B
4101,signup,2026-03-02 03:48:44,B
4101,activation,2026-03-03 10:48:44,B
4102,signup,2026-04-18 04:01:30,B
4103,signup,2026-03-12 01:59:28,B
4103,activation,2026-03-13 10:59:28,B
4104,signup,2026-04-14 06:51:55,A
4104,activation,2026-04-15 22:51:55,A
4104,feature_use,2026-04-21 22:51:55,A
4105,signup,2026-03-31 01:48:05,A
4105,activation,2026-03-31 04:48:05,A
4105,feature_use,2026-04-03 04:48:05,A
4105,purchase,2026-04-13 04:48:05,A
4106,signup,2026-04-10 10:27:33,B
4106,activation,2026-04-11 13:27:33,B
4107,signup,2026-04-08 18:06:49,B
4107,activation,2026-04-08 19:06:49,B
4107,feature_use,2026-04-11 19:06:49,B
4108,signup,2026-04-29 18:08:38,A
4108,activation,2026-05-01 18:08:38,A
4108,feature_use,2026-05-06 18:08:38,A
4109,signup,2026-05-10 12:31:07,B
4110,signup,2026-03-27 08:40:13,B
4111,signup,2026-04-09 03:27:16,B
4112,signup,2026-03-22 13:20:12,A
4112,activation,2026-03-22 19:20:12,A
4112,feature_use,2026-03-29 19:20:12,A
4112,purchase,2026-03-31 19:20:12,A
4113,signup,2026-04-16 12:54:25,A
4113,activation,2026-04-17 12:54:25,A
4114,signup,2026-05-15 05:16:57,B
4114,activation,2026-05-16 21:16:57,B
4114,feature_use,2026-05-19 21:16:57,B
4114,purchase,2026-05-28 21:16:57,B
4115,signup,2026-05-07 03:30:59,B
4115,activation,2026-05-09 02:30:59,B
4116,signup,2026-03-09 05:33:57,B
4116,activation,2026-03-09 20:33:57,B
4116,feature_use,2026-03-13 20:33:57,B
4117,signup,2026-03-19 19:34:02,A
4117,activation,2026-03-21 06:34:02,A
4117,feature_use,2026-03-26 06:34:02,A
4118,signup,2026-04-16 16:47:12,A
4118,activation,2026-04-17 10:47:12,A
4118,feature_use,2026-04-19 10:47:12,A
4118,purchase,2026-04-21 10:47:12,A
4119,signup,2026-03-13 23:43:19,B
4119,activation,2026-03-15 03:43:19,B
4120,signup,2026-04-16 03:03:26,A
4120,activation,2026-04-17 11:03:26,A
4120,feature_use,2026-04-19 11:03:26,A
4121,signup,2026-03-23 20:49:20,B
4122,signup,2026-05-04 22:41:28,B
4123,signup,2026-05-12 15:21:35,B
4124,signup,2026-03-25 02:40:57,B
4125,signup,2026-03-29 18:46:26,B
4126,signup,2026-02-24 21:00:23,A
4126,activation,2026-02-25 19:00:23,A
4126,feature_use,2026-03-01 19:00:23,A
4127,signup,2026-03-17 15:36:28,B
4127,activation,2026-03-19 08:36:28,B
4127,feature_use,2026-03-21 08:36:28,B
4128,signup,2026-02-19 22:49:42,B
4128,activation,2026-02-21 03:49:42,B
4129,signup,2026-04-15 15:51:26,B
4129,activation,2026-04-16 07:51:26,B
4129,feature_use,2026-04-21 07:51:26,B
4129,purchase,2026-04-29 07:51:26,B
4130,signup,2026-03-19 10:11:00,B
4130,activation,2026-03-20 21:11:00,B
4130,feature_use,2026-03-23 21:11:00,B
4131,signup,2026-02-22 12:06:40,A
4131,activation,2026-02-23 18:06:40,A
4132,signup,2026-04-16 20:11:09,A
4133,signup,2026-02-20 17:05:41,A
4133,activation,2026-02-22 15:05:41,A
4133,feature_use,2026-02-24 15:05:41,A
4133,purchase,2026-02-25 15:05:41,A
4134,signup,2026-04-09 08:06:43,B
4134,activation,2026-04-09 12:06:43,B
4134,feature_use,2026-04-16 12:06:43,B
4135,signup,2026-04-02 04:32:43,B
4135,activation,2026-04-02 05:32:43,B
4136,signup,2026-04-26 10:52:54,A
4137,signup,2026-04-15 20:48:51,A
4137,activation,2026-04-17 01:48:51,A
4137,feature_use,2026-04-23 01:48:51,A
4138,signup,2026-03-09 18:26:57,B
4138,activation,2026-03-11 18:26:57,B
4139,signup,2026-03-21 18:53:24,A
4139,activation,2026-03-22 23:53:24,A
4139,feature_use,2026-03-26 23:53:24,A
4140,signup,2026-03-09 02:30:56,B
4141,signup,2026-03-31 07:53:10,A
4141,activation,2026-04-01 00:53:10,A
4141,feature_use,2026-04-04 00:53:10,A
4142,signup,2026-03-17 16:52:12,A
4143,signup,2026-04-27 21:13:07,A
4143,activation,2026-04-28 18:13:07,A
4143,feature_use,2026-04-29 18:13:07,A
4144,signup,2026-03-13 18:03:44,B
4145,signup,2026-04-19 00:21:39,B
4145,activation,2026-04-19 13:21:39,B
4146,signup,2026-04-01 21:18:26,B
4147,signup,2026-03-20 18:17:15,B
4147,activation,2026-03-21 11:17:15,B
4147,feature_use,2026-03-24 11:17:15,B
4148,signup,2026-02-21 14:44:29,B
4148,activation,2026-02-21 22:44:29,B
4148,feature_use,2026-02-25 22:44:29,B
4149,signup,2026-04-19 17:41:21,A
4149,activation,2026-04-20 03:41:21,A
4149,feature_use,2026-04-27 03:41:21,A
4149,purchase,2026-05-05 03:41:21,A
4150,signup,2026-03-22 03:17:43,B
4150,activation,2026-03-22 06:17:43,B
4151,signup,2026-04-29 11:06:10,A
4152,signup,2026-04-08 06:13:57,B
4152,activation,2026-04-09 08:13:57,B
4153,signup,2026-04-12 21:41:17,B
4153,activation,2026-04-14 03:41:17,B
4154,signup,2026-04-23 17:55:06,B
4155,signup,2026-05-05 20:51:17,B
4155,activation,2026-05-07 10:51:17,B
4155,feature_use,2026-05-08 10:51:17,B
4156,signup,2026-03-20 06:30:45,B
4156,activation,2026-03-20 09:30:45,B
4157,signup,2026-03-06 13:24:32,A
4157,activation,2026-03-08 12:24:32,A
4158,signup,2026-04-24 07:35:39,B
4158,activation,2026-04-24 22:35:39,B
4158,feature_use,2026-04-27 22:35:39,B
4159,signup,2026-03-06 10:27:47,A
4159,activation,2026-03-07 01:27:47,A
4159,feature_use,2026-03-10 01:27:47,A
4159,purchase,2026-03-13 01:27:47,A
4160,signup,2026-02-25 09:14:24,B
4160,activation,2026-02-27 01:14:24,B
4160,feature_use,2026-03-03 01:14:24,B
4161,signup,2026-04-18 20:10:04,B
4161,activation,2026-04-19 23:10:04,B
4162,signup,2026-03-19 23:15:21,A
4162,activation,2026-03-20 21:15:21,A
4163,signup,2026-03-22 14:10:09,B
4163,activation,2026-03-23 12:10:09,B
4163,feature_use,2026-03-28 12:10:09,B
4164,signup,2026-05-18 01:10:29,A
4164,activation,2026-05-18 10:10:29,A
4164,feature_use,2026-05-20 10:10:29,A
4165,signup,2026-04-12 11:09:24,B
4165,activation,2026-04-13 13:09:24,B
4165,feature_use,2026-04-15 13:09:24,B
4166,signup,2026-03-20 12:21:58,A
4166,activation,2026-03-21 12:21:58,A
4166,feature_use,2026-03-22 12:21:58,A
4167,signup,2026-04-04 13:10:43,B
4168,signup,2026-03-25 16:07:41,A
4168,activation,2026-03-25 21:07:41,A
4168,feature_use,2026-04-01 21:07:41,A
4169,signup,2026-04-05 04:28:01,A
4169,activation,2026-04-06 20:28:01,A
4170,signup,2026-04-09 23:49:13,A
4171,signup,2026-04-10 22:29:55,B
4172,signup,2026-03-24 11:09:24,A
4172,activation,2026-03-26 01:09:24,A
4172,feature_use,2026-04-02 01:09:24,A
4172,purchase,2026-04-05 01:09:24,A
4173,signup,2026-04-08 22:46:23,B
4173,activation,2026-04-10 04:46:23,B
4174,signup,2026-04-10 03:43:07,B
4174,activation,2026-04-11 08:43:07,B
4174,feature_use,2026-04-18 08:43:07,B
4175,signup,2026-03-07 05:55:48,B
4175,activation,2026-03-09 02:55:48,B
4175,feature_use,2026-03-14 02:55:48,B
4175,purchase,2026-03-20 02:55:48,B
4176,signup,2026-02-25 08:39:32,B
4176,activation,2026-02-25 11:39:32,B
4177,signup,2026-04-13 21:51:44,B
4178,signup,2026-02-28 21:28:58,A
4178,activation,2026-03-02 18:28:58,A
4178,feature_use,2026-03-05 18:28:58,A
4178,purchase,2026-03-09 18:28:58,A
4179,signup,2026-05-20 01:57:53,A
4179,activation,2026-05-20 17:57:53,A
4180,signup,2026-04-13 10:37:30,A
4180,activation,2026-04-15 01:37:30,A
4180,feature_use,2026-04-16 01:37:30,A
4180,purchase,2026-04-26 01:37:30,A
4181,signup,2026-05-04 09:39:03,B
4181,activation,2026-05-04 11:39:03,B
4182,signup,2026-05-11 01:54:07,A
4182,activation,2026-05-11 21:54:07,A
4182,feature_use,2026-05-14 21:54:07,A
4183,signup,2026-03-19 16:06:13,A
4183,activation,2026-03-20 14:06:13,A
4183,feature_use,2026-03-24 14:06:13,A
4184,signup,2026-02-21 02:40:21,B
4184,activation,2026-02-21 11:40:21,B
4184,feature_use,2026-02-25 11:40:21,B
4184,purchase,2026-03-06 11:40:21,B
4185,signup,2026-04-05 15:32:14,B
4186,signup,2026-03-12 01:52:13,B
4186,activation,2026-03-13 06:52:13,B
4186,feature_use,2026-03-14 06:52:13,B
4186,purchase,2026-03-23 06:52:13,B
4187,signup,2026-04-13 03:24:34,B
4187,activation,2026-04-13 04:24:34,B
4188,signup,2026-04-09 01:39:31,B
4188,activation,2026-04-09 18:39:31,B
4189,signup,2026-04-27 00:36:09,A
4189,activation,2026-04-27 15:36:09,A
4189,feature_use,2026-05-04 15:36:09,A
4189,purchase,2026-05-13 15:36:09,A
4190,signup,2026-05-18 07:43:57,A
4191,signup,2026-05-03 13:53:22,B
4192,signup,2026-04-24 23:09:50,A
4193,signup,2026-04-02 15:38:17,A
4193,activation,2026-04-04 15:38:17,A
4193,feature_use,2026-04-07 15:38:17,A
4194,signup,2026-04-02 14:05:46,A
4195,signup,2026-04-16 03:09:49,A
4195,activation,2026-04-17 19:09:49,A
4196,signup,2026-04-08 17:03:01,B
4196,activation,2026-04-10 17:03:01,B
4197,signup,2026-05-16 16:40:45,B
4198,signup,2026-05-06 22:58:27,B
4198,activation,2026-05-08 02:58:27,B
4199,signup,2026-04-07 01:52:41,A
4199,activation,2026-04-09 01:52:41,A
4199,feature_use,2026-04-13 01:52:41,A
4200,signup,2026-04-29 10:58:20,A
4200,activation,2026-05-01 04:58:20,A
4200,feature_use,2026-05-02 04:58:20,A
4201,signup,2026-03-22 04:42:04,A
4202,signup,2026-04-19 01:26:09,A
4202,activation,2026-04-20 22:26:09,A
4202,feature_use,2026-04-21 22:26:09,A
4202,purchase,2026-04-22 22:26:09,A
4203,signup,2026-04-26 16:06:06,A
4204,signup,2026-05-02 07:28:33,B
4204,activation,2026-05-03 04:28:33,B
4205,signup,2026-05-08 05:38:37,A
4205,activation,2026-05-08 20:38:37,A
4206,signup,2026-05-16 11:29:25,A
4207,signup,2026-04-07 14:02:24,B
4208,signup,2026-05-01 14:39:18,B
4208,activation,2026-05-03 00:39:18,B
4209,signup,2026-04-15 18:52:50,B
4209,activation,2026-04-17 14:52:50,B
4210,signup,2026-04-15 18:33:27,A
4211,signup,2026-04-05 06:11:11,B
4211,activation,2026-04-06 10:11:11,B
4211,feature_use,2026-04-07 10:11:11,B
4211,purchase,2026-04-15 10:11:11,B
4212,signup,2026-03-11 23:44:16,B
4213,signup,2026-03-05 21:28:20,A
4214,signup,2026-05-20 17:49:10,A
4215,signup,2026-04-29 10:38:24,B
4216,signup,2026-05-07 01:22:10,A
4216,activation,2026-05-07 15:22:10,A
4216,feature_use,2026-05-11 15:22:10,A
4216,purchase,2026-05-19 15:22:10,A
4217,signup,2026-04-26 12:49:27,B
4217,activation,2026-04-26 14:49:27,B
4218,signup,2026-03-09 13:31:23,B
4218,activation,2026-03-11 01:31:23,B
4218,feature_use,2026-03-12 01:31:23,B
4219,signup,2026-04-06 17:08:07,B
4219,activation,2026-04-08 03:08:07,B
4219,feature_use,2026-04-09 03:08:07,B
4220,signup,2026-05-16 13:11:18,A
4220,activation,2026-05-17 18:11:18,A
4221,signup,2026-05-15 10:16:47,B
4222,signup,2026-05-06 22:16:11,A
4222,activation,2026-05-07 01:16:11,A
4223,signup,2026-02-22 21:29:35,B
4224,signup,2026-05-13 04:32:01,A
4224,activation,2026-05-14 10:32:01,A
4224,feature_use,2026-05-21 10:32:01,A
4225,signup,2026-03-19 16:30:53,B
4226,signup,2026-02-23 18:41:17,A
4226,activation,2026-02-24 18:41:17,A
4226,feature_use,2026-02-27 18:41:17,A
4226,purchase,2026-03-03 18:41:17,A
4227,signup,2026-04-09 17:39:09,B
4227,activation,2026-04-10 11:39:09,B
4228,signup,2026-03-28 10:56:46,A
4228,activation,2026-03-29 09:56:46,A
4228,feature_use,2026-04-01 09:56:46,A
4229,signup,2026-03-01 23:59:06,B
4229,activation,2026-03-03 04:59:06,B
4230,signup,2026-03-24 08:00:35,B
4231,signup,2026-03-23 19:05:51,B
4232,signup,2026-03-19 09:05:19,A
4232,activation,2026-03-19 23:05:19,A
4232,feature_use,2026-03-26 23:05:19,A
4233,signup,2026-04-16 03:38:58,A
4234,signup,2026-04-08 19:22:42,B
4234,activation,2026-04-09 21:22:42,B
4235,signup,2026-04-03 16:52:27,B
4236,signup,2026-04-26 20:31:49,B
4236,activation,2026-04-28 06:31:49,B
4236,feature_use,2026-04-29 06:31:49,B
4237,signup,2026-05-11 13:30:12,A
4237,activation,2026-05-13 13:30:12,A
4237,feature_use,2026-05-18 13:30:12,A
4238,signup,2026-03-31 19:02:57,B
4238,activation,2026-04-02 03:02:57,B
4239,signup,2026-03-03 17:06:04,B
4239,activation,2026-03-03 19:06:04,B
4239,feature_use,2026-03-07 19:06:04,B
4240,signup,2026-03-27 12:48:41,B
4240,activation,2026-03-28 20:48:41,B
4240,feature_use,2026-04-04 20:48:41,B
4241,signup,2026-02-23 13:29:51,A
4241,activation,2026-02-25 11:29:51,A
4241,feature_use,2026-02-27 11:29:51,A
4241,purchase,2026-03-03 11:29:51,A
4242,signup,2026-03-18 15:51:07,A
4242,activation,2026-03-20 10:51:07,A
4242,feature_use,2026-03-27 10:51:07,A
4243,signup,2026-05-08 19:59:09,B
4243,activation,2026-05-10 15:59:09,B
4243,feature_use,2026-05-13 15:59:09,B
4244,signup,2026-03-19 17:28:17,A
4244,activation,2026-03-21 11:28:17,A
4244,feature_use,2026-03-22 11:28:17,A
4245,signup,2026-05-09 07:35:59,A
4246,signup,2026-03-17 08:31:56,B
4246,activation,2026-03-18 02:31:56,B
4247,signup,2026-05-09 19:41:47,A
4248,signup,2026-05-17 02:10:27,B
4248,activation,2026-05-18 07:10:27,B
4248,feature_use,2026-05-25 07:10:27,B
4249,signup,2026-05-02 16:55:14,A
4249,activation,2026-05-03 01:55:14,A
4250,signup,2026-04-22 21:35:25,B
4250,activation,2026-04-23 22:35:25,B
4250,feature_use,2026-04-24 22:35:25,B
4250,purchase,2026-04-30 22:35:25,B
4251,signup,2026-04-12 20:23:34,B
4251,activation,2026-04-13 00:23:34,B
4251,feature_use,2026-04-19 00:23:34,B
4252,signup,2026-03-28 03:55:00,A
4252,activation,2026-03-29 09:55:00,A
4253,signup,2026-04-30 15:25:24,B
4253,activation,2026-04-30 22:25:24,B
4253,feature_use,2026-05-05 22:25:24,B
4254,signup,2026-05-15 00:56:32,B
4254,activation,2026-05-15 02:56:32,B
4254,feature_use,2026-05-17 02:56:32,B
4255,signup,2026-05-04 20:41:34,B
4255,activation,2026-05-06 06:41:34,B
4255,feature_use,2026-05-12 06:41:34,B
4256,signup,2026-04-15 02:36:29,A
4257,signup,2026-03-01 20:57:24,B
4257,activation,2026-03-03 05:57:24,B
4257,feature_use,2026-03-04 05:57:24,B
4258,signup,2026-03-09 21:45:39,B
4258,activation,2026-03-10 00:45:39,B
4259,signup,2026-04-30 07:32:12,A
4259,activation,2026-05-02 03:32:12,A
4259,feature_use,2026-05-04 03:32:12,A
4259,purchase,2026-05-08 03:32:12,A
4260,signup,2026-04-22 02:17:03,B
4260,activation,2026-04-22 17:17:03,B
4260,feature_use,2026-04-26 17:17:03,B
4261,signup,2026-04-08 22:32:36,B
4261,activation,2026-04-09 00:32:36,B
4262,signup,2026-03-14 20:34:34,A
4262,activation,2026-03-16 07:34:34,A
4263,signup,2026-03-02 21:23:38,B
4264,signup,2026-05-10 18:11:03,A
4265,signup,2026-03-05 17:37:37,B
4266,signup,2026-03-12 03:32:08,B
4267,signup,2026-04-28 18:42:44,B
4268,signup,2026-04-26 15:12:32,B
4268,activation,2026-04-28 03:12:32,B
4269,signup,2026-03-18 21:33:01,B
4269,activation,2026-03-19 22:33:01,B
4270,signup,2026-05-15 05:26:27,B
4270,activation,2026-05-16 18:26:27,B
4271,signup,2026-02-25 00:21:54,A
4271,activation,2026-02-25 21:21:54,A
4272,signup,2026-04-05 13:10:32,B
4273,signup,2026-02-26 23:16:46,A
4274,signup,2026-04-09 03:15:57,B
4275,signup,2026-03-22 18:49:17,B
4276,signup,2026-05-18 12:30:10,A
4276,activation,2026-05-20 03:30:10,A
4277,signup,2026-03-02 22:46:32,A
4277,activation,2026-03-04 04:46:32,A
4277,feature_use,2026-03-05 04:46:32,A
4278,signup,2026-05-14 10:09:14,B
4278,activation,2026-05-14 23:09:14,B
4279,signup,2026-04-15 23:10:11,B
4279,activation,2026-04-16 19:10:11,B
4279,feature_use,2026-04-20 19:10:11,B
4279,purchase,2026-04-29 19:10:11,B
4280,signup,2026-05-19 17:01:45,A
4280,activation,2026-05-21 01:01:45,A
4281,signup,2026-05-03 16:56:22,B
4281,activation,2026-05-04 19:56:22,B
4282,signup,2026-03-13 13:30:47,A
4283,signup,2026-03-01 03:45:36,B
4283,activation,2026-03-01 05:45:36,B
4283,feature_use,2026-03-07 05:45:36,B
4284,signup,2026-03-10 08:19:34,A
4285,signup,2026-03-30 15:42:19,B
4286,signup,2026-02-28 07:06:20,B
4286,activation,2026-03-01 04:06:20,B
4287,signup,2026-04-08 00:59:34,B
4287,activation,2026-04-09 02:59:34,B
4288,signup,2026-05-06 02:24:11,A
4288,activation,2026-05-06 17:24:11,A
4289,signup,2026-05-16 06:12:24,A
4290,signup,2026-03-18 14:21:43,A
4290,activation,2026-03-20 03:21:43,A
4291,signup,2026-03-16 10:17:18,A
4292,signup,2026-04-26 07:28:00,B
4292,activation,2026-04-26 12:28:00,B
4293,signup,2026-02-22 10:51:12,A
4294,signup,2026-05-10 16:01:28,A
4294,activation,2026-05-11 02:01:28,A
4295,signup,2026-03-02 14:02:54,A
4296,signup,2026-03-17 14:37:15,A
4296,activation,2026-03-18 15:37:15,A
4296,feature_use,2026-03-24 15:37:15,A
4296,purchase,2026-04-03 15:37:15,A
4297,signup,2026-02-26 04:01:01,A
4297,activation,2026-02-26 13:01:01,A
4298,signup,2026-02-21 22:20:54,B
4298,activation,2026-02-22 23:20:54,B
4299,signup,2026-05-12 23:04:51,B
4299,activation,2026-05-13 12:04:51,B
4299,feature_use,2026-05-19 12:04:51,B
4300,signup,2026-04-21 19:50:30,B
4300,activation,2026-04-22 08:50:30,B
4301,signup,2026-05-17 10:28:45,A
4301,activation,2026-05-17 17:28:45,A
4302,signup,2026-04-18 03:42:46,B
4303,signup,2026-03-06 06:08:35,A
4303,activation,2026-03-06 13:08:35,A
4303,feature_use,2026-03-08 13:08:35,A
4304,signup,2026-02-28 10:06:41,B
4305,signup,2026-05-09 21:48:17,A
4305,activation,2026-05-10 18:48:17,A
4306,signup,2026-03-24 05:40:32,A
4307,signup,2026-02-22 05:52:32,B
4307,activation,2026-02-23 20:52:32,B
4308,signup,2026-04-14 03:47:36,B
4308,activation,2026-04-15 11:47:36,B
4309,signup,2026-03-15 11:41:53,B
4310,signup,2026-02-21 23:36:28,A
4310,activation,2026-02-23 01:36:28,A
4311,signup,2026-03-29 10:35:43,B
4312,signup,2026-03-12 04:02:51,A
4312,activation,2026-03-12 05:02:51,A
4312,feature_use,2026-03-17 05:02:51,A
4313,signup,2026-05-16 11:25:54,B
4313,activation,2026-05-17 13:25:54,B
4313,feature_use,2026-05-23 13:25:54,B
4314,signup,2026-05-20 12:03:11,A
4314,activation,2026-05-21 15:03:11,A
4314,feature_use,2026-05-25 15:03:11,A
4315,signup,2026-04-03 10:32:56,B
4315,activation,2026-04-04 02:32:56,B
4315,feature_use,2026-04-08 02:32:56,B
4316,signup,2026-04-12 14:33:04,B
4316,activation,2026-04-13 06:33:04,B
4316,feature_use,2026-04-15 06:33:04,B
4316,purchase,2026-04-23 06:33:04,B
4317,signup,2026-03-04 11:12:52,A
4318,signup,2026-03-18 06:53:01,A
4318,activation,2026-03-19 13:53:01,A
4318,feature_use,2026-03-20 13:53:01,A
4319,signup,2026-05-16 04:09:49,A
4319,activation,2026-05-17 17:09:49,A
4319,feature_use,2026-05-18 17:09:49,A
4319,purchase,2026-05-25 17:09:49,A
4320,signup,2026-05-11 12:15:39,A
4320,activation,2026-05-12 23:15:39,A
4320,feature_use,2026-05-18 23:15:39,A
4320,purchase,2026-05-23 23:15:39,A
4321,signup,2026-02-23 18:38:54,A
4321,activation,2026-02-24 01:38:54,A
4321,feature_use,2026-02-25 01:38:54,A
4321,purchase,2026-03-05 01:38:54,A
4322,signup,2026-05-14 04:57:00,B
4323,signup,2026-05-02 22:35:55,A
4323,activation,2026-05-03 17:35:55,A
4324,signup,2026-04-14 16:41:08,B
4324,activation,2026-04-15 03:41:08,B
4324,feature_use,2026-04-19 03:41:08,B
4325,signup,2026-03-18 22:40:17,A
4325,activation,2026-03-20 03:40:17,A
4325,feature_use,2026-03-24 03:40:17,A
4326,signup,2026-02-21 01:25:26,B
4326,activation,2026-02-21 07:25:26,B
4326,feature_use,2026-02-26 07:25:26,B
4326,purchase,2026-03-03 07:25:26,B
4327,signup,2026-04-10 20:14:46,A
4328,signup,2026-03-17 18:08:18,B
4328,activation,2026-03-19 07:08:18,B
4329,signup,2026-04-02 11:13:49,A
4329,activation,2026-04-03 12:13:49,A
4329,feature_use,2026-04-04 12:13:49,A
4329,purchase,2026-04-14 12:13:49,A
4330,signup,2026-03-12 04:57:08,A
4330,activation,2026-03-12 21:57:08,A
4330,feature_use,2026-03-13 21:57:08,A
4331,signup,2026-03-24 01:59:16,A
4331,activation,2026-03-24 20:59:16,A
4332,signup,2026-03-08 07:00:18,B
4332,activation,2026-03-10 04:00:18,B
4332,feature_use,2026-03-11 04:00:18,B
4333,signup,2026-03-31 10:47:57,B
4334,signup,2026-04-30 11:53:17,A
4334,activation,2026-05-01 04:53:17,A
4334,feature_use,2026-05-06 04:53:17,A
4335,signup,2026-03-26 03:35:04,A
4336,signup,2026-03-03 11:17:41,B
4336,activation,2026-03-04 03:17:41,B
4337,signup,2026-05-04 18:53:06,A
4338,signup,2026-05-07 08:39:03,A
4338,activation,2026-05-08 06:39:03,A
4339,signup,2026-03-22 16:44:15,A
4339,activation,2026-03-23 16:44:15,A
4339,feature_use,2026-03-28 16:44:15,A
4340,signup,2026-03-24 02:43:44,B
4341,signup,2026-05-12 19:37:06,A
4342,signup,2026-03-12 10:03:33,B
4343,signup,2026-03-15 18:57:39,A
4343,activation,2026-03-16 16:57:39,A
4344,signup,2026-03-28 09:19:36,A
4344,activation,2026-03-30 08:19:36,A
4344,feature_use,2026-04-03 08:19:36,A
4344,purchase,2026-04-05 08:19:36,A
4345,signup,2026-05-10 15:59:01,B
4346,signup,2026-03-20 18:02:30,B
4346,activation,2026-03-22 16:02:30,B
4347,signup,2026-05-17 17:11:46,B
4347,activation,2026-05-19 16:11:46,B
4348,signup,2026-04-17 08:59:01,A
4348,activation,2026-04-19 03:59:01,A
4349,signup,2026-05-01 02:44:59,A
4350,signup,2026-03-12 12:48:06,A
4350,activation,2026-03-13 09:48:06,A
4350,feature_use,2026-03-18 09:48:06,A
4350,purchase,2026-03-24 09:48:06,A
4351,signup,2026-05-08 11:17:55,A
4351,activation,2026-05-09 08:17:55,A
4351,feature_use,2026-05-11 08:17:55,A
4351,purchase,2026-05-20 08:17:55,A
4352,signup,2026-05-03 09:22:05,A
4353,signup,2026-05-13 11:09:54,A
4353,activation,2026-05-15 09:09:54,A
4354,signup,2026-03-22 23:42:51,A
4354,activation,2026-03-23 03:42:51,A
4354,feature_use,2026-03-26 03:42:51,A
4355,signup,2026-02-21 04:46:01,B
4355,activation,2026-02-21 16:46:01,B
4356,signup,2026-03-31 05:58:14,B
4356,activation,2026-03-31 22:58:14,B
4357,signup,2026-03-02 02:41:36,A
4357,activation,2026-03-03 09:41:36,A
4357,feature_use,2026-03-06 09:41:36,A
4357,purchase,2026-03-12 09:41:36,A
4358,signup,2026-04-16 21:06:50,B
4358,activation,2026-04-18 03:06:50,B
4358,feature_use,2026-04-20 03:06:50,B
4358,purchase,2026-04-23 03:06:50,B
4359,signup,2026-04-02 23:24:55,B
4359,activation,2026-04-04 01:24:55,B
4360,signup,2026-03-08 17:05:48,A
4360,activation,2026-03-10 02:05:48,A
4360,feature_use,2026-03-17 02:05:48,A
4361,signup,2026-03-10 22:02:31,A
4362,signup,2026-04-26 14:59:33,B
4363,signup,2026-05-11 19:16:52,B
4363,activation,2026-05-11 20:16:52,B
4364,signup,2026-03-25 11:30:58,B
4364,activation,2026-03-26 09:30:58,B
4364,feature_use,2026-04-02 09:30:58,B
4365,signup,2026-03-04 00:56:18,A
4366,signup,2026-03-27 03:19:03,B
4366,activation,2026-03-27 14:19:03,B
4366,feature_use,2026-03-28 14:19:03,B
4366,purchase,2026-04-01 14:19:03,B
4367,signup,2026-03-14 03:09:25,A
4367,activation,2026-03-14 12:09:25,A
4368,signup,2026-03-06 04:56:38,B
4368,activation,2026-03-08 01:56:38,B
4368,feature_use,2026-03-12 01:56:38,B
4369,signup,2026-04-17 17:44:33,A
4369,activation,2026-04-18 04:44:33,A
4370,signup,2026-04-08 21:31:41,A
4370,activation,2026-04-09 02:31:41,A
4371,signup,2026-04-02 18:44:32,B
4371,activation,2026-04-03 17:44:32,B
4371,feature_use,2026-04-09 17:44:32,B
4371,purchase,2026-04-14 17:44:32,B
4372,signup,2026-03-07 03:35:25,A
4372,activation,2026-03-07 04:35:25,A
4373,signup,2026-05-02 21:46:11,B
4373,activation,2026-05-04 05:46:11,B
4374,signup,2026-05-18 08:11:52,B
4375,signup,2026-03-22 08:39:06,B
4376,signup,2026-04-29 14:44:39,B
4376,activation,2026-04-30 00:44:39,B
4376,feature_use,2026-05-03 00:44:39,B
4377,signup,2026-05-05 06:48:17,B
4377,activation,2026-05-06 13:48:17,B
4377,feature_use,2026-05-08 13:48:17,B
4378,signup,2026-05-02 15:02:15,A
4379,signup,2026-05-17 06:54:53,B
4380,signup,2026-03-18 03:10:52,B
4380,activation,2026-03-19 17:10:52,B
4380,feature_use,2026-03-26 17:10:52,B
4381,signup,2026-04-01 04:29:55,B
4381,activation,2026-04-03 02:29:55,B
4382,signup,2026-03-09 07:05:03,B
4382,activation,2026-03-10 13:05:03,B
4382,feature_use,2026-03-16 13:05:03,B
4382,purchase,2026-03-18 13:05:03,B
4383,signup,2026-05-03 11:19:36,B
4384,signup,2026-05-09 11:18:24,A
4384,activation,2026-05-09 17:18:24,A
4384,feature_use,2026-05-11 17:18:24,A
4385,signup,2026-03-04 10:41:52,A
4385,activation,2026-03-06 06:41:52,A
4385,feature_use,2026-03-13 06:41:52,A
4385,purchase,2026-03-20 06:41:52,A
4386,signup,2026-05-13 19:40:42,A
4386,activation,2026-05-15 05:40:42,A
4386,feature_use,2026-05-16 05:40:42,A
4386,purchase,2026-05-22 05:40:42,A
4387,signup,2026-03-04 15:40:12,A
4387,activation,2026-03-04 21:40:12,A
4388,signup,2026-02-28 14:51:57,A
4388,activation,2026-03-01 21:51:57,A
4388,feature_use,2026-03-06 21:51:57,A
4389,signup,2026-03-26 10:58:06,B
4390,signup,2026-03-21 07:47:33,A
4391,signup,2026-04-27 02:32:56,A
4392,signup,2026-03-08 21:25:33,B
4392,activation,2026-03-10 00:25:33,B
4392,feature_use,2026-03-16 00:25:33,B
4393,signup,2026-05-08 13:35:27,B
4394,signup,2026-03-27 00:45:13,B
4394,activation,2026-03-28 08:45:13,B
4394,feature_use,2026-04-04 08:45:13,B
4395,signup,2026-04-28 03:01:40,A
4396,signup,2026-03-03 00:28:08,B
4397,signup,2026-03-06 19:47:32,A
4397,activation,2026-03-07 14:47:32,A
4397,feature_use,2026-03-09 14:47:32,A
4398,signup,2026-02-28 15:04:04,B
4398,activation,2026-02-28 21:04:04,B
4399,signup,2026-04-03 02:13:09,B
4400,signup,2026-04-04 13:23:29,A
4401,signup,2026-03-11 13:03:19,B
4401,activation,2026-03-12 17:03:19,B
4402,signup,2026-03-05 01:11:44,A
4402,activation,2026-03-05 08:11:44,A
4403,signup,2026-04-14 07:37:13,A
4403,activation,2026-04-15 12:37:13,A
4403,feature_use,2026-04-22 12:37:13,A
4404,signup,2026-05-06 14:02:15,B
4404,activation,2026-05-08 11:02:15,B
4404,feature_use,2026-05-10 11:02:15,B
4405,signup,2026-03-17 04:48:53,B
4406,signup,2026-05-05 05:31:40,A
4406,activation,2026-05-05 09:31:40,A
4406,feature_use,2026-05-06 09:31:40,A
4406,purchase,2026-05-12 09:31:40,A
4407,signup,2026-04-30 23:39:38,B
4408,signup,2026-04-04 10:34:29,A
4408,activation,2026-04-04 22:34:29,A
4409,signup,2026-03-15 19:58:20,A
4409,activation,2026-03-15 22:58:20,A
4410,signup,2026-05-09 05:58:59,A
4410,activation,2026-05-10 03:58:59,A
4410,feature_use,2026-05-17 03:58:59,A
4411,signup,2026-05-08 18:58:26,B
4412,signup,2026-02-25 05:27:21,B
4413,signup,2026-04-02 08:28:37,B
4414,signup,2026-05-09 14:48:04,B
4414,activation,2026-05-10 09:48:04,B
4415,signup,2026-03-18 13:00:08,A
4415,activation,2026-03-19 23:00:08,A
4416,signup,2026-03-08 13:04:03,B
4416,activation,2026-03-10 02:04:03,B
4417,signup,2026-05-14 22:45:26,A
4417,activation,2026-05-15 06:45:26,A
4418,signup,2026-03-12 12:05:34,B
4418,activation,2026-03-14 09:05:34,B
4419,signup,2026-04-30 13:15:34,A
4419,activation,2026-05-01 10:15:34,A
4419,feature_use,2026-05-05 10:15:34,A
4420,signup,2026-04-01 17:52:12,A
4420,activation,2026-04-02 00:52:12,A
4420,feature_use,2026-04-08 00:52:12,A
4420,purchase,2026-04-16 00:52:12,A
4421,signup,2026-05-05 18:31:32,A
4421,activation,2026-05-06 21:31:32,A
4422,signup,2026-03-31 19:41:35,A
4422,activation,2026-04-01 04:41:35,A
4423,signup,2026-02-21 08:17:29,B
4424,signup,2026-05-10 12:31:30,A
4424,activation,2026-05-11 09:31:30,A
4425,signup,2026-04-01 00:35:39,A
4425,activation,2026-04-02 12:35:39,A
4425,feature_use,2026-04-05 12:35:39,A
4425,purchase,2026-04-10 12:35:39,A
4426,signup,2026-05-13 14:31:44,A
4426,activation,2026-05-14 16:31:44,A
4427,signup,2026-02-23 02:55:48,A
4428,signup,2026-03-29 09:12:06,B
4428,activation,2026-03-29 22:12:06,B
4429,signup,2026-03-04 07:35:22,A
4429,activation,2026-03-05 07:35:22,A
4429,feature_use,2026-03-12 07:35:22,A
4429,purchase,2026-03-19 07:35:22,A
4430,signup,2026-04-09 15:08:02,A
4430,activation,2026-04-10 12:08:02,A
4431,signup,2026-04-19 19:30:40,B
4431,activation,2026-04-20 08:30:40,B
4432,signup,2026-05-01 03:22:36,B
4432,activation,2026-05-03 01:22:36,B
4432,feature_use,2026-05-10 01:22:36,B
4433,signup,2026-03-17 07:07:47,A
4434,signup,2026-05-18 22:26:32,B
4434,activation,2026-05-19 06:26:32,B
4435,signup,2026-03-28 18:50:13,B
4435,activation,2026-03-29 14:50:13,B
4435,feature_use,2026-04-04 14:50:13,B
4436,signup,2026-05-09 04:54:42,B
4436,activation,2026-05-09 22:54:42,B
4437,signup,2026-04-28 11:50:04,A
4437,activation,2026-04-29 08:50:04,A
4437,feature_use,2026-05-05 08:50:04,A
4438,signup,2026-03-18 11:45:01,A
4439,signup,2026-03-21 18:31:42,A
4440,signup,2026-05-04 07:33:20,A
4441,signup,2026-05-17 06:12:59,A
4441,activation,2026-05-17 19:12:59,A
4442,signup,2026-02-26 05:07:13,A
4442,activation,2026-02-27 20:07:13,A
4442,feature_use,2026-03-02 20:07:13,A
4442,purchase,2026-03-09 20:07:13,A
4443,signup,2026-02-27 15:47:36,B
4443,activation,2026-02-28 08:47:36,B
4444,signup,2026-04-21 20:02:31,A
4445,signup,2026-04-29 08:58:08,A
4446,signup,2026-03-23 06:21:27,B
4446,activation,2026-03-23 09:21:27,B
4446,feature_use,2026-03-28 09:21:27,B
4447,signup,2026-04-23 05:51:45,A
4448,signup,2026-05-18 18:38:44,B
4449,signup,2026-03-12 00:02:20,A
4449,activation,2026-03-13 07:02:20,A
4449,feature_use,2026-03-19 07:02:20,A
4450,signup,2026-02-20 09:38:55,B
4450,activation,2026-02-20 11:38:55,B
4450,feature_use,2026-02-26 11:38:55,B
4451,signup,2026-03-06 04:07:56,A
4452,signup,2026-04-10 13:07:08,A
4452,activation,2026-04-11 17:07:08,A
4453,signup,2026-05-13 22:02:05,A
4453,activation,2026-05-15 04:02:05,A
4454,signup,2026-04-19 00:01:05,A
4455,signup,2026-04-23 20:25:40,B
4455,activation,2026-04-24 13:25:40,B
4455,feature_use,2026-04-30 13:25:40,B
4456,signup,2026-03-09 10:55:07,B
4457,signup,2026-03-11 11:57:11,A
4458,signup,2026-03-09 02:09:12,A
4458,activation,2026-03-10 18:09:12,A
4458,feature_use,2026-03-13 18:09:12,A
4458,purchase,2026-03-22 18:09:12,A
4459,signup,2026-04-20 16:40:03,A
4459,activation,2026-04-21 19:40:03,A
4460,signup,2026-05-04 18:57:41,A
4461,signup,2026-05-19 12:50:58,B
4461,activation,2026-05-20 17:50:58,B
4462,signup,2026-04-30 13:43:33,A
4462,activation,2026-05-01 15:43:33,A
4462,feature_use,2026-05-04 15:43:33,A
4462,purchase,2026-05-06 15:43:33,A
4463,signup,2026-02-28 02:52:57,B
4463,activation,2026-03-02 01:52:57,B
4464,signup,2026-02-22 03:16:49,A
4465,signup,2026-04-08 10:45:29,B
4465,activation,2026-04-10 08:45:29,B
4466,signup,2026-04-05 15:44:28,B
4466,activation,2026-04-07 13:44:28,B
4466,feature_use,2026-04-09 13:44:28,B
4467,signup,2026-03-23 22:56:34,B
4467,activation,2026-03-25 07:56:34,B
4467,feature_use,2026-04-01 07:56:34,B
4468,signup,2026-05-02 03:30:36,B
4469,signup,2026-02-28 16:38:22,B
4469,activation,2026-03-01 20:38:22,B
4470,signup,2026-04-28 07:59:04,A
4471,signup,2026-05-06 09:15:00,A
4471,activation,2026-05-06 15:15:00,A
4472,signup,2026-05-06 02:06:58,A
4473,signup,2026-03-27 18:25:49,A
4473,activation,2026-03-28 21:25:49,A
4474,signup,2026-04-20 21:34:34,B
4475,signup,2026-03-08 14:31:17,A
4476,signup,2026-03-13 12:12:12,A
4476,activation,2026-03-14 14:12:12,A
4476,feature_use,2026-03-18 14:12:12,A
4477,signup,2026-05-02 16:53:18,A
4477,activation,2026-05-04 00:53:18,A
4478,signup,2026-02-22 22:22:42,B
4478,activation,2026-02-23 20:22:42,B
4478,feature_use,2026-02-24 20:22:42,B
4478,purchase,2026-02-27 20:22:42,B
4479,signup,2026-05-17 20:31:37,A
4479,activation,2026-05-18 13:31:37,A
4480,signup,2026-05-19 22:39:35,B
4481,signup,2026-03-11 16:20:42,A
4481,activation,2026-03-13 16:20:42,A
4482,signup,2026-04-27 17:23:06,B
4482,activation,2026-04-27 20:23:06,B
4483,signup,2026-03-12 11:42:14,A
4484,signup,2026-02-28 23:23:00,A
4484,activation,2026-03-02 09:23:00,A
4485,signup,2026-05-14 03:44:53,B
4486,signup,2026-05-04 04:55:33,B
4487,signup,2026-03-14 18:38:40,A
4488,signup,2026-04-10 16:38:49,B
4489,signup,2026-02-24 07:31:23,B
4489,activation,2026-02-24 19:31:23,B
4490,signup,2026-03-07 07:50:17,B
4490,activation,2026-03-08 17:50:17,B
4490,feature_use,2026-03-11 17:50:17,B
4491,signup,2026-04-16 15:45:10,A
4491,activation,2026-04-18 10:45:10,A
4492,signup,2026-05-04 01:55:29,B
4493,signup,2026-02-25 00:00:00,B
4493,activation,2026-02-25 21:00:00,B
4493,feature_use,2026-03-02 21:00:00,B
4494,signup,2026-04-11 07:18:43,B
4494,activation,2026-04-13 02:18:43,B
4495,signup,2026-03-31 09:14:17,A
4495,activation,2026-04-01 21:14:17,A
4495,feature_use,2026-04-02 21:14:17,A
4495,purchase,2026-04-07 21:14:17,A
4496,signup,2026-03-01 15:00:58,B
4496,activation,2026-03-02 23:00:58,B
4496,feature_use,2026-03-06 23:00:58,B
4496,purchase,2026-03-16 23:00:58,B
4497,signup,2026-04-15 20:24:00,A
4498,signup,2026-04-26 01:35:48,A
4498,activation,2026-04-26 17:35:48,A
4498,feature_use,2026-05-03 17:35:48,A
4499,signup,2026-05-19 05:41:27,A
4499,activation,2026-05-20 22:41:27,A
4499,feature_use,2026-05-27 22:41:27,A
4499,purchase,2026-06-05 22:41:27,A
4500,signup,2026-03-04 17:23:34,A
4501,signup,2026-05-05 08:19:25,B
4501,activation,2026-05-06 20:19:25,B
4502,signup,2026-03-09 07:34:01,A
4502,activation,2026-03-11 06:34:01,A
4503,signup,2026-04-17 21:40:55,B
4503,activation,2026-04-19 08:40:55,B
4504,signup,2026-04-27 03:47:47,B
4504,activation,2026-04-28 12:47:47,B
4504,feature_use,2026-05-02 12:47:47,B
4505,signup,2026-03-23 00:14:01,B
4505,activation,2026-03-24 08:14:01,B
4506,signup,2026-05-09 01:52:06,A
4506,activation,2026-05-10 15:52:06,A
4506,feature_use,2026-05-12 15:52:06,A
4507,signup,2026-05-06 00:26:04,A
4507,activation,2026-05-07 12:26:04,A
4507,feature_use,2026-05-14 12:26:04,A
4508,signup,2026-02-26 00:34:57,B
4509,signup,2026-04-06 14:32:28,B
4509,activation,2026-04-07 16:32:28,B
4509,feature_use,2026-04-11 16:32:28,B
4510,signup,2026-02-23 07:01:12,A
4510,activation,2026-02-24 08:01:12,A
4511,signup,2026-04-13 02:08:36,B
4511,activation,2026-04-14 00:08:36,B
4511,feature_use,2026-04-15 00:08:36,B
4512,signup,2026-04-22 03:20:54,B
4512,activation,2026-04-23 04:20:54,B
4512,feature_use,2026-04-28 04:20:54,B
4513,signup,2026-03-15 18:15:41,A
4513,activation,2026-03-17 04:15:41,A
4514,signup,2026-03-22 02:59:56,A
4514,activation,2026-03-22 09:59:56,A
4515,signup,2026-05-04 14:31:49,A
4515,activation,2026-05-05 22:31:49,A
4515,feature_use,2026-05-08 22:31:49,A
4515,purchase,2026-05-15 22:31:49,A
4516,signup,2026-03-23 16:06:35,A
4516,activation,2026-03-24 04:06:35,A
4516,feature_use,2026-03-31 04:06:35,A
4517,signup,2026-04-20 10:00:24,A
4518,signup,2026-05-12 15:08:09,B
4519,signup,2026-02-25 22:43:44,A
4520,signup,2026-05-17 18:24:15,B
4521,signup,2026-03-19 22:31:43,A
4522,signup,2026-05-01 16:07:17,B
4523,signup,2026-05-01 20:23:08,A
4524,signup,2026-03-21 01:26:24,B
4524,activation,2026-03-22 10:26:24,B
4525,signup,2026-03-07 19:01:31,A
4526,signup,2026-05-03 14:12:02,B
4527,signup,2026-04-10 17:02:03,A
4528,signup,2026-05-17 10:39:04,A
4528,activation,2026-05-17 20:39:04,A
4529,signup,2026-03-17 16:44:42,B
4529,activation,2026-03-18 21:44:42,B
4530,signup,2026-05-17 05:22:31,B
4530,activation,2026-05-18 04:22:31,B
4531,signup,2026-03-15 11:37:40,B
4531,activation,2026-03-16 15:37:40,B
4532,signup,2026-02-19 21:56:39,B
4533,signup,2026-03-06 08:06:48,A
4533,activation,2026-03-08 00:06:48,A
4533,feature_use,2026-03-14 00:06:48,A
4533,purchase,2026-03-21 00:06:48,A
4534,signup,2026-05-17 04:32:38,A
4534,activation,2026-05-17 13:32:38,A
4535,signup,2026-05-05 15:18:47,A
4536,signup,2026-04-21 09:49:13,B
4537,signup,2026-03-11 07:15:30,A
4538,signup,2026-04-26 12:56:37,A
4539,signup,2026-04-09 19:10:10,A
4539,activation,2026-04-10 01:10:10,A
4539,feature_use,2026-04-14 01:10:10,A
4540,signup,2026-04-06 03:39:24,A
4541,signup,2026-04-23 11:33:45,B
4542,signup,2026-04-10 15:40:09,B
4542,activation,2026-04-12 01:40:09,B
4542,feature_use,2026-04-13 01:40:09,B
4542,purchase,2026-04-19 01:40:09,B
4543,signup,2026-04-23 08:54:55,A
4543,activation,2026-04-23 23:54:55,A
4543,feature_use,2026-04-28 23:54:55,A
4544,signup,2026-03-23 07:37:07,B
4545,signup,2026-03-17 19:57:50,B
4545,activation,2026-03-19 00:57:50,B
4546,signup,2026-05-03 16:18:02,B
4547,signup,2026-04-01 08:46:33,B
4547,activation,2026-04-02 19:46:33,B
4547,feature_use,2026-04-03 19:46:33,B
4547,purchase,2026-04-05 19:46:33,B
4548,signup,2026-03-07 17:19:33,A
4548,activation,2026-03-08 18:19:33,A
4548,feature_use,2026-03-15 18:19:33,A
4549,signup,2026-04-27 21:44:32,B
4550,signup,2026-04-03 18:32:04,B
4551,signup,2026-04-19 13:14:40,A
4552,signup,2026-05-16 19:06:11,A
4552,activation,2026-05-18 14:06:11,A
4552,feature_use,2026-05-25 14:06:11,A
4553,signup,2026-03-19 15:25:40,A
4553,activation,2026-03-20 20:25:40,A
4553,feature_use,2026-03-27 20:25:40,A
4554,signup,2026-05-05 10:32:30,A
4555,signup,2026-03-21 16:05:14,B
4555,activation,2026-03-22 22:05:14,B
4555,feature_use,2026-03-26 22:05:14,B
4555,purchase,2026-03-31 22:05:14,B
4556,signup,2026-04-23 10:15:41,A
4556,activation,2026-04-24 06:15:41,A
4557,signup,2026-03-02 05:05:07,A
4558,signup,2026-05-20 11:32:18,A
4558,activation,2026-05-22 03:32:18,A
4559,signup,2026-03-10 04:55:25,B
4560,signup,2026-03-24 19:16:49,B
4560,activation,2026-03-26 17:16:49,B
4560,feature_use,2026-04-02 17:16:49,B
4561,signup,2026-05-19 09:13:55,A
4561,activation,2026-05-20 15:13:55,A
4562,signup,2026-03-21 15:55:07,B
4563,signup,2026-03-14 18:30:51,A
4563,activation,2026-03-15 08:30:51,A
4563,feature_use,2026-03-19 08:30:51,A
4564,signup,2026-03-30 02:03:24,B
4564,activation,2026-03-31 09:03:24,B
4565,signup,2026-03-05 19:34:52,A
4565,activation,2026-03-06 11:34:52,A
4565,feature_use,2026-03-08 11:34:52,A
4566,signup,2026-05-06 21:49:31,B
4566,activation,2026-05-07 16:49:31,B
4566,feature_use,2026-05-08 16:49:31,B
4567,signup,2026-04-30 20:51:18,A
4568,signup,2026-05-01 01:40:11,B
4568,activation,2026-05-01 13:40:11,B
4568,feature_use,2026-05-03 13:40:11,B
4568,purchase,2026-05-10 13:40:11,B
4569,signup,2026-04-30 02:35:52,A
4569,activation,2026-05-01 19:35:52,A
4569,feature_use,2026-05-08 19:35:52,A
4570,signup,2026-04-09 08:39:45,B
4570,activation,2026-04-09 15:39:45,B
4571,signup,2026-05-01 21:32:41,B
4572,signup,2026-04-24 08:02:46,B
4572,activation,2026-04-25 14:02:46,B
4572,feature_use,2026-04-28 14:02:46,B
4572,purchase,2026-05-08 14:02:46,B
4573,signup,2026-04-04 09:50:03,A
4573,activation,2026-04-05 04:50:03,A
4574,signup,2026-04-17 10:09:06,B
4575,signup,2026-02-20 16:01:59,A
4575,activation,2026-02-22 07:01:59,A
4575,feature_use,2026-02-27 07:01:59,A
4575,purchase,2026-03-08 07:01:59,A
4576,signup,2026-03-17 04:57:18,A
4576,activation,2026-03-18 07:57:18,A
4577,signup,2026-05-03 18:07:27,B
4577,activation,2026-05-05 13:07:27,B
4577,feature_use,2026-05-12 13:07:27,B
4578,signup,2026-03-26 03:49:33,A
4578,activation,2026-03-26 14:49:33,A
4579,signup,2026-04-24 17:18:24,B
4579,activation,2026-04-25 04:18:24,B
4580,signup,2026-04-29 14:05:28,A
4580,activation,2026-04-29 15:05:28,A
4581,signup,2026-02-23 23:46:01,B
4581,activation,2026-02-24 03:46:01,B
4582,signup,2026-05-15 22:55:35,B
4582,activation,2026-05-16 16:55:35,B
4582,feature_use,2026-05-18 16:55:35,B
4583,signup,2026-05-03 08:51:03,B
4583,activation,2026-05-05 03:51:03,B
4583,feature_use,2026-05-08 03:51:03,B
4584,signup,2026-04-29 10:43:49,B
4585,signup,2026-03-11 06:40:21,B
4585,activation,2026-03-13 02:40:21,B
4586,signup,2026-04-21 21:40:00,A
4587,signup,2026-04-13 14:11:38,A
4588,signup,2026-05-18 07:59:35,A
4588,activation,2026-05-19 15:59:35,A
4589,signup,2026-04-13 15:30:32,A
4589,activation,2026-04-15 13:30:32,A
4590,signup,2026-03-05 13:00:27,B
4590,activation,2026-03-06 06:00:27,B
4590,feature_use,2026-03-07 06:00:27,B
4590,purchase,2026-03-12 06:00:27,B
4591,signup,2026-03-14 22:54:12,B
4592,signup,2026-03-17 08:12:24,A
4592,activation,2026-03-17 20:12:24,A
4593,signup,2026-05-14 05:55:27,A
4593,activation,2026-05-15 00:55:27,A
4594,signup,2026-03-26 17:21:57,B
4594,activation,2026-03-26 23:21:57,B
4595,signup,2026-04-19 18:38:00,B
4596,signup,2026-03-11 11:45:22,B
4596,activation,2026-03-11 14:45:22,B
4596,feature_use,2026-03-16 14:45:22,B
4597,signup,2026-04-01 08:32:00,B
4597,activation,2026-04-03 04:32:00,B
4598,signup,2026-03-03 14:12:33,B
4598,activation,2026-03-03 17:12:33,B
4598,feature_use,2026-03-05 17:12:33,B
4599,signup,2026-03-24 13:47:06,A
4599,activation,2026-03-24 19:47:06,A
4599,feature_use,2026-03-31 19:47:06,A
4600,signup,2026-05-19 00:25:27,A
4600,activation,2026-05-19 18:25:27,A
4600,feature_use,2026-05-21 18:25:27,A
4601,signup,2026-04-17 05:04:59,A
4601,activation,2026-04-17 18:04:59,A
4602,signup,2026-03-30 20:16:50,B
4602,activation,2026-04-01 00:16:50,B
4603,signup,2026-02-20 09:27:25,A
4604,signup,2026-04-21 06:27:02,B
4604,activation,2026-04-23 06:27:02,B
4604,feature_use,2026-04-27 06:27:02,B
4604,purchase,2026-05-04 06:27:02,B
4605,signup,2026-03-02 20:37:20,A
4605,activation,2026-03-04 03:37:20,A
4605,feature_use,2026-03-09 03:37:20,A
4606,signup,2026-03-19 05:41:03,A
4607,signup,2026-03-15 07:18:18,B
4608,signup,2026-04-14 19:07:54,A
4608,activation,2026-04-15 05:07:54,A
4608,feature_use,2026-04-18 05:07:54,A
4609,signup,2026-02-22 11:00:42,A
4609,activation,2026-02-24 08:00:42,A
4610,signup,2026-03-26 01:10:40,B
4610,activation,2026-03-27 07:10:40,B
4611,signup,2026-03-12 06:34:21,A
4612,signup,2026-04-15 14:43:06,B
4612,activation,2026-04-16 14:43:06,B
4612,feature_use,2026-04-18 14:43:06,B
4613,signup,2026-02-23 04:45:52,B
4613,activation,2026-02-24 20:45:52,B
4613,feature_use,2026-03-01 20:45:52,B
4614,signup,2026-03-09 10:49:30,B
4614,activation,2026-03-10 23:49:30,B
4614,feature_use,2026-03-15 23:49:30,B
4614,purchase,2026-03-17 23:49:30,B
4615,signup,2026-03-06 10:15:43,A
4615,activation,2026-03-08 02:15:43,A
4616,signup,2026-03-27 20:52:59,B
4616,activation,2026-03-29 16:52:59,B
4616,feature_use,2026-04-02 16:52:59,B
4616,purchase,2026-04-10 16:52:59,B
4617,signup,2026-02-20 11:49:31,B
4617,activation,2026-02-21 07:49:31,B
4618,signup,2026-05-09 06:25:54,B
4618,activation,2026-05-10 14:25:54,B
4618,feature_use,2026-05-14 14:25:54,B
4618,purchase,2026-05-15 14:25:54,B
4619,signup,2026-03-31 15:58:28,B
4619,activation,2026-04-01 03:58:28,B
4619,feature_use,2026-04-04 03:58:28,B
4620,signup,2026-03-23 06:52:04,B
4620,activation,2026-03-23 10:52:04,B
4620,feature_use,2026-03-24 10:52:04,B
4620,purchase,2026-03-26 10:52:04,B
4621,signup,2026-05-01 07:34:16,B
4622,signup,2026-03-12 16:28:24,A
4622,activation,2026-03-12 19:28:24,A
4622,feature_use,2026-03-13 19:28:24,A
4623,signup,2026-05-05 11:47:48,B
4623,activation,2026-05-06 10:47:48,B
4624,signup,2026-02-19 20:33:53,A
4624,activation,2026-02-21 00:33:53,A
4625,signup,2026-03-14 11:50:06,A
4626,signup,2026-03-24 04:26:39,B
4626,activation,2026-03-24 09:26:39,B
4627,signup,2026-02-21 21:39:58,A
4627,activation,2026-02-22 04:39:58,A
4627,feature_use,2026-02-23 04:39:58,A
4628,signup,2026-03-15 16:51:09,B
4628,activation,2026-03-16 10:51:09,B
4628,feature_use,2026-03-18 10:51:09,B
4628,purchase,2026-03-21 10:51:09,B
4629,signup,2026-05-19 15:42:26,B
4630,signup,2026-04-30 12:57:36,B
4630,activation,2026-05-01 15:57:36,B
4630,feature_use,2026-05-02 15:57:36,B
4631,signup,2026-03-31 12:55:05,A
4631,activation,2026-04-01 16:55:05,A
4631,feature_use,2026-04-04 16:55:05,A
4631,purchase,2026-04-07 16:55:05,A
4632,signup,2026-04-17 12:50:46,B
4633,signup,2026-04-24 12:24:54,A
4633,activation,2026-04-24 14:24:54,A
4633,feature_use,2026-04-29 14:24:54,A
4634,signup,2026-04-03 03:44:26,B
4635,signup,2026-05-06 17:29:38,B
4635,activation,2026-05-07 00:29:38,B
4635,feature_use,2026-05-12 00:29:38,B
4636,signup,2026-05-14 04:52:27,A
4636,activation,2026-05-14 06:52:27,A
4637,signup,2026-04-02 16:11:35,A
4637,activation,2026-04-03 18:11:35,A
4637,feature_use,2026-04-09 18:11:35,A
4638,signup,2026-05-10 11:10:01,B
4639,signup,2026-05-04 19:22:11,A
4639,activation,2026-05-05 07:22:11,A
4639,feature_use,2026-05-11 07:22:11,A
4639,purchase,2026-05-12 07:22:11,A
4640,signup,2026-05-11 14:51:44,A
4641,signup,2026-02-23 17:28:13,B
4641,activation,2026-02-25 01:28:13,B
4642,signup,2026-05-08 22:34:31,B
4642,activation,2026-05-09 05:34:31,B
4643,signup,2026-03-18 19:44:23,A
4643,activation,2026-03-20 05:44:23,A
4643,feature_use,2026-03-21 05:44:23,A
4644,signup,2026-03-30 18:20:09,B
4645,signup,2026-05-02 16:51:51,B
4646,signup,2026-03-14 07:56:08,A
4647,signup,2026-05-18 05:02:38,A
4647,activation,2026-05-19 16:02:38,A
4648,signup,2026-04-18 15:41:21,A
4648,activation,2026-04-19 13:41:21,A
4648,feature_use,2026-04-24 13:41:21,A
4649,signup,2026-04-02 19:14:01,A
4650,signup,2026-05-01 01:27:02,B
4651,signup,2026-03-05 03:32:15,B
4652,signup,2026-04-08 22:59:41,B
4652,activation,2026-04-10 13:59:41,B
4653,signup,2026-04-20 13:44:32,A
4653,activation,2026-04-21 22:44:32,A
4654,signup,2026-03-14 13:57:48,A
4654,activation,2026-03-14 15:57:48,A
4654,feature_use,2026-03-19 15:57:48,A
4655,signup,2026-03-17 18:22:33,B
4655,activation,2026-03-18 14:22:33,B
4656,signup,2026-04-19 01:16:45,B
4657,signup,2026-03-12 08:14:42,B
4657,activation,2026-03-13 14:14:42,B
4657,feature_use,2026-03-19 14:14:42,B
4657,purchase,2026-03-24 14:14:42,B
4658,signup,2026-04-24 06:43:30,A
4658,activation,2026-04-25 06:43:30,A
4658,feature_use,2026-05-02 06:43:30,A
4658,purchase,2026-05-08 06:43:30,A
4659,signup,2026-05-16 12:36:14,A
4659,activation,2026-05-17 04:36:14,A
4660,signup,2026-03-08 07:22:02,A
4661,signup,2026-04-15 10:05:38,A
4662,signup,2026-02-22 05:29:45,B
4663,signup,2026-04-05 11:19:52,A
4664,signup,2026-05-02 15:02:15,B
4664,activation,2026-05-03 20:02:15,B
4664,feature_use,2026-05-08 20:02:15,B
4665,signup,2026-04-05 22:02:23,B
4665,activation,2026-04-07 07:02:23,B
4666,signup,2026-04-04 18:17:41,A
4667,signup,2026-03-03 16:49:32,A
4668,signup,2026-03-09 16:14:34,B
4668,activation,2026-03-10 01:14:34,B
4669,signup,2026-04-20 21:51:01,A
4669,activation,2026-04-21 00:51:01,A
4670,signup,2026-04-28 22:33:12,B
4671,signup,2026-05-19 12:00:46,B
4672,signup,2026-04-23 06:26:50,B
4672,activation,2026-04-24 04:26:50,B
4672,feature_use,2026-04-26 04:26:50,B
4673,signup,2026-04-09 22:14:48,A
4673,activation,2026-04-10 15:14:48,A
4674,signup,2026-03-11 12:29:17,B
4675,signup,2026-02-28 00:06:38,A
4676,signup,2026-05-12 05:33:31,B
4676,activation,2026-05-13 20:33:31,B
4677,signup,2026-03-04 04:01:45,B
4677,activation,2026-03-04 20:01:45,B
4677,feature_use,2026-03-11 20:01:45,B
4678,signup,2026-04-24 15:41:04,A
4678,activation,2026-04-26 08:41:04,A
4679,signup,2026-03-12 18:12:02,B
4680,signup,2026-03-10 08:49:41,A
4680,activation,2026-03-11 15:49:41,A
4680,feature_use,2026-03-18 15:49:41,A
4681,signup,2026-04-18 18:07:29,B
4681,activation,2026-04-20 15:07:29,B
4681,feature_use,2026-04-27 15:07:29,B
4681,purchase,2026-05-06 15:07:29,B
4682,signup,2026-02-27 19:12:58,B
4682,activation,2026-02-28 14:12:58,B
4682,feature_use,2026-03-01 14:12:58,B
4682,purchase,2026-03-11 14:12:58,B
4683,signup,2026-03-12 15:29:23,B
4684,signup,2026-02-23 02:16:34,B
4684,activation,2026-02-24 23:16:34,B
4685,signup,2026-03-14 21:15:19,A
4685,activation,2026-03-14 23:15:19,A
4685,feature_use,2026-03-15 23:15:19,A
4685,purchase,2026-03-20 23:15:19,A
4686,signup,2026-05-06 02:12:19,A
4686,activation,2026-05-08 00:12:19,A
4686,feature_use,2026-05-12 00:12:19,A
4687,signup,2026-04-10 00:09:17,B
4688,signup,2026-03-07 13:15:16,A
4689,signup,2026-02-24 21:54:52,A
4689,activation,2026-02-25 13:54:52,A
4689,feature_use,2026-03-02 13:54:52,A
4689,purchase,2026-03-04 13:54:52,A
4690,signup,2026-05-02 22:36:19,B
4690,activation,2026-05-04 05:36:19,B
4691,signup,2026-04-28 08:35:53,A
4691,activation,2026-04-29 04:35:53,A
4692,signup,2026-04-07 01:11:31,A
4693,signup,2026-04-26 22:58:16,A
4694,signup,2026-05-09 17:24:56,B
4694,activation,2026-05-11 06:24:56,B
4695,signup,2026-02-28 15:51:18,A
4695,activation,2026-03-02 11:51:18,A
4695,feature_use,2026-03-03 11:51:18,A
4695,purchase,2026-03-04 11:51:18,A
4696,signup,2026-03-07 16:03:50,B
4697,signup,2026-04-07 21:25:15,B
4698,signup,2026-05-06 00:14:24,B
4698,activation,2026-05-07 22:14:24,B
4699,signup,2026-05-01 18:09:42,A
4699,activation,2026-05-02 02:09:42,A
4700,signup,2026-03-17 10:31:50,B
4701,signup,2026-05-12 22:19:30,B
4702,signup,2026-03-24 05:41:02,A
4702,activation,2026-03-26 03:41:02,A
4703,signup,2026-04-28 11:29:29,A
4703,activation,2026-04-30 06:29:29,A
4704,signup,2026-04-27 11:13:23,B
4705,signup,2026-04-10 23:56:29,A
4706,signup,2026-03-04 06:54:18,B
4706,activation,2026-03-05 06:54:18,B
4707,signup,2026-03-15 22:18:50,B
4707,activation,2026-03-16 01:18:50,B
4708,signup,2026-02-27 13:54:04,A
4709,signup,2026-04-03 15:15:14,B
4710,signup,2026-05-20 00:28:42,B
4711,signup,2026-03-02 23:39:01,B
4711,activation,2026-03-04 00:39:01,B
4712,signup,2026-03-17 21:41:38,A
4713,signup,2026-04-07 15:23:38,A
4713,activation,2026-04-08 19:23:38,A
4714,signup,2026-05-17 07:31:27,A
4715,signup,2026-04-29 13:36:09,A
4715,activation,2026-04-30 03:36:09,A
4715,feature_use,2026-05-02 03:36:09,A
4716,signup,2026-04-07 11:47:34,B
4716,activation,2026-04-09 10:47:34,B
4717,signup,2026-04-24 17:42:43,B
4717,activation,2026-04-25 22:42:43,B
4717,feature_use,2026-04-28 22:42:43,B
4718,signup,2026-04-22 20:23:41,A
4719,signup,2026-03-23 11:12:08,A
4720,signup,2026-04-23 17:30:27,B
4720,activation,2026-04-23 22:30:27,B
4721,signup,2026-03-16 21:38:19,B
4721,activation,2026-03-17 19:38:19,B
4721,feature_use,2026-03-18 19:38:19,B
4721,purchase,2026-03-19 19:38:19,B
4722,signup,2026-04-07 04:45:17,A
4722,activation,2026-04-08 10:45:17,A
4723,signup,2026-05-19 20:12:07,B
4724,signup,2026-05-06 16:18:12,B
4725,signup,2026-04-21 23:39:53,A
4725,activation,2026-04-23 02:39:53,A
4725,feature_use,2026-04-27 02:39:53,A
4726,signup,2026-03-11 08:18:48,B
4726,activation,2026-03-13 01:18:48,B
4727,signup,2026-05-20 05:23:11,B
4727,activation,2026-05-21 10:23:11,B
4727,feature_use,2026-05-22 10:23:11,B
4728,signup,2026-05-14 16:54:47,A
4729,signup,2026-03-04 13:43:50,A
4730,signup,2026-03-27 21:08:34,A
4730,activation,2026-03-29 16:08:34,A
4731,signup,2026-03-26 18:11:20,B
4732,signup,2026-03-30 20:00:50,B
4732,activation,2026-03-31 09:00:50,B
4733,signup,2026-04-21 00:51:31,B
4733,activation,2026-04-21 10:51:31,B
4734,signup,2026-03-16 19:05:41,B
4735,signup,2026-04-26 00:48:17,B
4735,activation,2026-04-26 04:48:17,B
4736,signup,2026-05-01 08:44:59,B
4737,signup,2026-03-09 16:17:17,A
4738,signup,2026-02-21 10:22:55,A
4739,signup,2026-04-22 11:22:57,B
4740,signup,2026-05-10 23:38:43,B
4740,activation,2026-05-11 08:38:43,B
4740,feature_use,2026-05-14 08:38:43,B
4741,signup,2026-03-16 02:42:58,A
4742,signup,2026-03-16 08:13:28,A
4742,activation,2026-03-17 12:13:28,A
4742,feature_use,2026-03-20 12:13:28,A
4743,signup,2026-03-31 05:12:25,A
4743,activation,2026-03-31 09:12:25,A
4744,signup,2026-03-07 23:38:18,A
4744,activation,2026-03-09 08:38:18,A
4745,signup,2026-04-13 09:29:23,B
4746,signup,2026-02-27 16:11:47,B
4747,signup,2026-03-17 23:52:24,B
4747,activation,2026-03-18 04:52:24,B
4748,signup,2026-02-20 13:47:35,B
4748,activation,2026-02-21 00:47:35,B
4748,feature_use,2026-02-25 00:47:35,B
4749,signup,2026-04-29 02:46:30,B
4749,activation,2026-04-30 03:46:30,B
4750,signup,2026-03-02 10:49:52,A
4751,signup,2026-05-07 12:22:14,B
4752,signup,2026-04-09 11:22:31,B
4753,signup,2026-05-12 19:32:20,B
4753,activation,2026-05-13 20:32:20,B
4753,feature_use,2026-05-17 20:32:20,B
4754,signup,2026-05-03 20:29:54,B
4754,activation,2026-05-05 01:29:54,B
4755,signup,2026-03-05 07:18:09,A
4755,activation,2026-03-06 00:18:09,A
4756,signup,2026-04-26 08:52:03,A
4756,activation,2026-04-27 12:52:03,A
4756,feature_use,2026-05-01 12:52:03,A
4757,signup,2026-04-16 04:10:24,A
4757,activation,2026-04-17 14:10:24,A
4758,signup,2026-04-20 06:22:39,A
4759,signup,2026-04-22 23:12:50,A
4759,activation,2026-04-24 23:12:50,A
4760,signup,2026-04-09 16:35:46,A
4760,activation,2026-04-11 14:35:46,A
4760,feature_use,2026-04-17 14:35:46,A
4761,signup,2026-03-02 05:07:13,B
4761,activation,2026-03-02 09:07:13,B
4762,signup,2026-05-19 08:27:33,B
4762,activation,2026-05-21 06:27:33,B
4762,feature_use,2026-05-25 06:27:33,B
4763,signup,2026-04-05 18:46:27,B
4764,signup,2026-03-17 02:09:34,B
4765,signup,2026-02-21 17:23:43,B
4766,signup,2026-03-02 21:04:25,A
4766,activation,2026-03-03 01:04:25,A
4767,signup,2026-04-18 22:30:42,A
4767,activation,2026-04-20 06:30:42,A
4767,feature_use,2026-04-22 06:30:42,A
4768,signup,2026-05-09 11:57:59,B
4769,signup,2026-04-08 02:24:58,A
4769,activation,2026-04-08 16:24:58,A
4770,signup,2026-05-12 15:57:02,A
4770,activation,2026-05-13 13:57:02,A
4771,signup,2026-02-21 03:11:12,B
4771,activation,2026-02-21 18:11:12,B
4772,signup,2026-03-12 13:27:20,A
4772,activation,2026-03-14 13:27:20,A
4773,signup,2026-04-01 04:55:01,B
4773,activation,2026-04-01 17:55:01,B
4773,feature_use,2026-04-05 17:55:01,B
4773,purchase,2026-04-14 17:55:01,B
4774,signup,2026-05-05 04:32:49,B
4775,signup,2026-05-10 03:23:08,B
4775,activation,2026-05-11 02:23:08,B
4776,signup,2026-04-08 15:27:32,B
4777,signup,2026-05-09 16:16:10,B
4777,activation,2026-05-10 02:16:10,B
4777,feature_use,2026-05-17 02:16:10,B
4778,signup,2026-04-13 03:43:06,B
4778,activation,2026-04-13 22:43:06,B
4779,signup,2026-02-27 13:15:55,B
4779,activation,2026-02-27 22:15:55,B
4779,feature_use,2026-03-03 22:15:55,B
4779,purchase,2026-03-08 22:15:55,B
4780,signup,2026-03-06 15:01:45,A
4780,activation,2026-03-08 02:01:45,A
4781,signup,2026-03-05 05:23:44,B
4781,activation,2026-03-05 18:23:44,B
4782,signup,2026-02-25 13:54:38,B
4782,activation,2026-02-26 00:54:38,B
4782,feature_use,2026-03-01 00:54:38,B
4782,purchase,2026-03-02 00:54:38,B
4783,signup,2026-02-25 09:39:52,A
4783,activation,2026-02-25 17:39:52,A
4783,feature_use,2026-02-28 17:39:52,A
4783,purchase,2026-03-01 17:39:52,A
4784,signup,2026-04-16 03:45:24,B
4784,activation,2026-04-17 23:45:24,B
4784,feature_use,2026-04-20 23:45:24,B
4785,signup,2026-04-30 05:57:03,B
4786,signup,2026-04-09 03:25:35,A
4786,activation,2026-04-10 00:25:35,A
4786,feature_use,2026-04-11 00:25:35,A
4787,signup,2026-04-11 14:16:38,B
4787,activation,2026-04-12 06:16:38,B
4787,feature_use,2026-04-19 06:16:38,B
4788,signup,2026-03-13 22:33:35,B
4788,activation,2026-03-15 05:33:35,B
4788,feature_use,2026-03-17 05:33:35,B
4788,purchase,2026-03-21 05:33:35,B
4789,signup,2026-03-12 06:58:21,A
4789,activation,2026-03-13 15:58:21,A
4789,feature_use,2026-03-20 15:58:21,A
4790,signup,2026-04-24 16:13:44,A
4790,activation,2026-04-26 06:13:44,A
4791,signup,2026-02-27 10:17:51,B
4792,signup,2026-03-23 10:37:32,A
4793,signup,2026-03-12 14:17:56,A
4793,activation,2026-03-13 18:17:56,A
4793,feature_use,2026-03-14 18:17:56,A
4793,purchase,2026-03-21 18:17:56,A
4794,signup,2026-03-31 17:27:16,A
4794,activation,2026-04-02 05:27:16,A
4795,signup,2026-04-15 14:17:45,B
4795,activation,2026-04-17 07:17:45,B
4795,feature_use,2026-04-19 07:17:45,B
4796,signup,2026-02-23 12:15:29,B
4796,activation,2026-02-24 10:15:29,B
4796,feature_use,2026-02-25 10:15:29,B
4797,signup,2026-02-20 06:40:12,A
4798,signup,2026-04-25 19:45:02,A
4798,activation,2026-04-27 18:45:02,A
4799,signup,2026-03-03 19:04:08,A
4799,activation,2026-03-03 23:04:08,A
4799,feature_use,2026-03-09 23:04:08,A
4800,signup,2026-05-13 20:29:15,A
4800,activation,2026-05-14 03:29:15,A
4800,feature_use,2026-05-20 03:29:15,A
4800,purchase,2026-05-21 03:29:15,A
4801,signup,2026-05-17 18:30:59,B
4801,activation,2026-05-18 15:30:59,B
4801,feature_use,2026-05-19 15:30:59,B
4801,purchase,2026-05-29 15:30:59,B
4802,signup,2026-03-16 01:08:18,B
4802,activation,2026-03-16 02:08:18,B
4802,feature_use,2026-03-23 02:08:18,B
4802,purchase,2026-03-29 02:08:18,B
4803,signup,2026-03-25 01:52:19,A
4804,signup,2026-02-27 03:12:07,B
4804,activation,2026-03-01 02:12:07,B
4804,feature_use,2026-03-08 02:12:07,B
4805,signup,2026-04-25 01:15:55,A
4805,activation,2026-04-26 12:15:55,A
4805,feature_use,2026-05-01 12:15:55,A
4806,signup,2026-04-01 10:41:36,B
4806,activation,2026-04-02 03:41:36,B
4807,signup,2026-03-30 03:15:44,B
4807,activation,2026-03-30 12:15:44,B
4807,feature_use,2026-04-05 12:15:44,B
4808,signup,2026-03-27 11:52:27,A
4809,signup,2026-04-24 23:53:48,B
4809,activation,2026-04-26 23:53:48,B
4809,feature_use,2026-05-02 23:53:48,B
4809,purchase,2026-05-10 23:53:48,B
4810,signup,2026-04-17 00:56:07,B
4810,activation,2026-04-17 07:56:07,B
4811,signup,2026-04-01 03:02:02,A
4811,activation,2026-04-02 21:02:02,A
4811,feature_use,2026-04-09 21:02:02,A
4811,purchase,2026-04-17 21:02:02,A
4812,signup,2026-04-13 12:52:28,A
4813,signup,2026-03-29 02:35:44,B
4813,activation,2026-03-30 14:35:44,B
4814,signup,2026-05-09 09:34:53,A
4814,activation,2026-05-09 17:34:53,A
4815,signup,2026-05-08 04:35:38,A
4816,signup,2026-03-26 08:54:30,A
4816,activation,2026-03-26 17:54:30,A
4817,signup,2026-02-22 04:30:05,B
4817,activation,2026-02-22 14:30:05,B
4817,feature_use,2026-02-25 14:30:05,B
4817,purchase,2026-02-28 14:30:05,B
4818,signup,2026-03-03 22:19:08,A
4819,signup,2026-02-26 10:31:16,A
4819,activation,2026-02-27 19:31:16,A
4820,signup,2026-03-24 03:32:16,B
4820,activation,2026-03-24 13:32:16,B
4821,signup,2026-02-27 05:22:02,B
4822,signup,2026-04-27 22:42:44,B
4823,signup,2026-03-25 16:00:56,B
4824,signup,2026-03-18 03:01:58,B
4824,activation,2026-03-18 09:01:58,B
4825,signup,2026-03-08 07:52:08,A
4825,activation,2026-03-09 09:52:08,A
4826,signup,2026-03-30 18:39:06,B
4826,activation,2026-03-30 21:39:06,B
4827,signup,2026-05-03 22:46:06,A
4827,activation,2026-05-05 19:46:06,A
4828,signup,2026-03-18 22:47:54,B
4828,activation,2026-03-19 16:47:54,B
4829,signup,2026-05-17 11:25:59,B
4829,activation,2026-05-18 05:25:59,B
4829,feature_use,2026-05-24 05:25:59,B
4829,purchase,2026-05-31 05:25:59,B
4830,signup,2026-03-28 18:31:05,A
4830,activation,2026-03-30 08:31:05,A
4831,signup,2026-03-17 11:38:42,A
4832,signup,2026-03-16 14:28:16,A
4832,activation,2026-03-16 23:28:16,A
4833,signup,2026-05-13 13:15:26,B
4834,signup,2026-04-14 20:12:52,B
4834,activation,2026-04-15 00:12:52,B
4835,signup,2026-05-05 20:20:50,A
4835,activation,2026-05-06 16:20:50,A
4835,feature_use,2026-05-07 16:20:50,A
4836,signup,2026-05-05 03:40:49,A
4836,activation,2026-05-06 15:40:49,A
4837,signup,2026-04-09 03:43:18,B
4838,signup,2026-05-17 22:41:05,A
4838,activation,2026-05-19 08:41:05,A
4838,feature_use,2026-05-23 08:41:05,A
4839,signup,2026-05-19 22:11:16,B
4839,activation,2026-05-21 01:11:16,B
4839,feature_use,2026-05-24 01:11:16,B
4840,signup,2026-04-23 10:29:24,B
4840,activation,2026-04-23 13:29:24,B
4841,signup,2026-04-19 14:34:33,B
4841,activation,2026-04-20 04:34:33,B
4841,feature_use,2026-04-26 04:34:33,B
4841,purchase,2026-05-03 04:34:33,B
4842,signup,2026-04-13 02:24:24,B
4842,activation,2026-04-13 17:24:24,B
4843,signup,2026-03-26 20:44:10,A
4843,activation,2026-03-28 02:44:10,A
4843,feature_use,2026-04-02 02:44:10,A
4844,signup,2026-05-06 23:34:16,A
4844,activation,2026-05-07 23:34:16,A
4845,signup,2026-02-28 16:57:47,B
4845,activation,2026-03-01 15:57:47,B
4845,feature_use,2026-03-03 15:57:47,B
4846,signup,2026-03-13 00:43:58,B
4846,activation,2026-03-14 18:43:58,B
4847,signup,2026-02-23 04:18:41,B
4847,activation,2026-02-25 04:18:41,B
4847,feature_use,2026-03-02 04:18:41,B
4847,purchase,2026-03-08 04:18:41,B
4848,signup,2026-05-08 00:58:49,A
4848,activation,2026-05-08 13:58:49,A
4848,feature_use,2026-05-13 13:58:49,A
4849,signup,2026-04-29 03:46:06,A
4849,activation,2026-04-30 04:46:06,A
4850,signup,2026-05-14 18:54:09,A
4850,activation,2026-05-15 03:54:09,A
4850,feature_use,2026-05-20 03:54:09,A
4851,signup,2026-03-29 21:38:47,A
4851,activation,2026-03-30 09:38:47,A
4852,signup,2026-04-07 17:22:02,A
4853,signup,2026-03-25 06:03:07,A
4853,activation,2026-03-26 07:03:07,A
4854,signup,2026-03-08 18:57:30,A
4854,activation,2026-03-10 09:57:30,A
4854,feature_use,2026-03-11 09:57:30,A
4854,purchase,2026-03-17 09:57:30,A
4855,signup,2026-04-25 06:53:54,B
4856,signup,2026-03-10 13:37:57,B
4857,signup,2026-05-13 04:37:41,B
4857,activation,2026-05-13 21:37:41,B
4857,feature_use,2026-05-18 21:37:41,B
4857,purchase,2026-05-26 21:37:41,B
4858,signup,2026-02-23 16:01:20,A
4858,activation,2026-02-24 11:01:20,A
4859,signup,2026-03-15 11:31:31,B
4859,activation,2026-03-17 02:31:31,B
4860,signup,2026-03-08 13:19:02,B
4860,activation,2026-03-08 22:19:02,B
4861,signup,2026-03-03 15:07:59,B
4862,signup,2026-03-11 15:03:53,B
4862,activation,2026-03-12 10:03:53,B
4862,feature_use,2026-03-17 10:03:53,B
4862,purchase,2026-03-22 10:03:53,B
4863,signup,2026-03-13 17:49:44,B
4864,signup,2026-03-18 06:57:21,A
4864,activation,2026-03-19 09:57:21,A
4865,signup,2026-03-25 10:12:14,B
4865,activation,2026-03-27 10:12:14,B
4865,feature_use,2026-03-29 10:12:14,B
4866,signup,2026-05-12 03:15:23,A
4866,activation,2026-05-13 06:15:23,A
4866,feature_use,2026-05-18 06:15:23,A
4866,purchase,2026-05-27 06:15:23,A
4867,signup,2026-04-06 22:42:23,A
4867,activation,2026-04-07 23:42:23,A
4867,feature_use,2026-04-08 23:42:23,A
4867,purchase,2026-04-11 23:42:23,A
4868,signup,2026-03-06 14:43:52,A
4868,activation,2026-03-07 16:43:52,A
4868,feature_use,2026-03-11 16:43:52,A
4869,signup,2026-03-30 21:57:46,A
4869,activation,2026-03-31 04:57:46,A
4869,feature_use,2026-04-07 04:57:46,A
4870,signup,2026-04-05 17:45:53,A
4870,activation,2026-04-07 09:45:53,A
4871,signup,2026-03-14 01:16:02,A
4871,activation,2026-03-15 22:16:02,A
4871,feature_use,2026-03-17 22:16:02,A
4872,signup,2026-05-10 01:26:46,B
4872,activation,2026-05-10 21:26:46,B
4873,signup,2026-03-17 11:29:18,A
4874,signup,2026-04-10 08:12:54,A
4874,activation,2026-04-11 23:12:54,A
4874,feature_use,2026-04-15 23:12:54,A
4875,signup,2026-04-26 21:25:55,A
4875,activation,2026-04-27 18:25:55,A
4876,signup,2026-05-12 11:40:34,B
4876,activation,2026-05-13 15:40:34,B
4877,signup,2026-04-21 11:30:40,A
4877,activation,2026-04-21 20:30:40,A
4878,signup,2026-05-16 14:51:00,B
4878,activation,2026-05-17 08:51:00,B
4879,signup,2026-02-21 19:50:45,A
4879,activation,2026-02-22 05:50:45,A
4879,feature_use,2026-03-01 05:50:45,A
4880,signup,2026-03-06 11:43:32,B
4881,signup,2026-02-22 10:33:40,B
4881,activation,2026-02-23 15:33:40,B
4881,feature_use,2026-02-28 15:33:40,B
4882,signup,2026-05-13 18:09:32,A
4883,signup,2026-04-20 15:06:11,B
4883,activation,2026-04-20 18:06:11,B
4883,feature_use,2026-04-22 18:06:11,B
4884,signup,2026-05-14 10:53:06,B
4885,signup,2026-04-08 18:05:37,A
4885,activation,2026-04-09 21:05:37,A
4885,feature_use,2026-04-11 21:05:37,A
4886,signup,2026-04-28 21:55:09,A
4886,activation,2026-04-29 23:55:09,A
4886,feature_use,2026-05-03 23:55:09,A
4887,signup,2026-03-18 13:43:59,A
4888,signup,2026-04-17 19:32:38,B
4888,activation,2026-04-18 17:32:38,B
4888,feature_use,2026-04-20 17:32:38,B
4889,signup,2026-02-28 11:17:53,B
4889,activation,2026-03-02 06:17:53,B
4889,feature_use,2026-03-09 06:17:53,B
4890,signup,2026-02-25 19:53:26,B
4890,activation,2026-02-27 09:53:26,B
4890,feature_use,2026-03-02 09:53:26,B
4891,signup,2026-02-22 16:27:02,A
4892,signup,2026-03-29 13:36:30,A
4892,activation,2026-03-31 05:36:30,A
4892,feature_use,2026-04-06 05:36:30,A
4893,signup,2026-03-03 22:20:34,B
4893,activation,2026-03-05 03:20:34,B
4893,feature_use,2026-03-12 03:20:34,B
4894,signup,2026-03-19 21:53:15,B
4895,signup,2026-05-19 18:34:45,A
4895,activation,2026-05-20 15:34:45,A
4896,signup,2026-03-02 18:28:36,A
4896,activation,2026-03-04 18:28:36,A
4896,feature_use,2026-03-11 18:28:36,A
4897,signup,2026-03-01 12:28:54,B
4897,activation,2026-03-03 03:28:54,B
4898,signup,2026-03-06 08:11:01,A
4899,signup,2026-03-15 15:10:25,B
4899,activation,2026-03-15 18:10:25,B
4899,feature_use,2026-03-16 18:10:25,B
4900,signup,2026-03-26 14:39:30,A
4900,activation,2026-03-26 21:39:30,A
4901,signup,2026-02-27 19:12:10,B
4902,signup,2026-05-01 16:20:10,B
4902,activation,2026-05-02 10:20:10,B
4902,feature_use,2026-05-06 10:20:10,B
4902,purchase,2026-05-08 10:20:10,B
4903,signup,2026-05-19 15:34:06,A
4903,activation,2026-05-20 23:34:06,A
4903,feature_use,2026-05-22 23:34:06,A
4904,signup,2026-03-26 07:39:56,B
4904,activation,2026-03-27 02:39:56,B
4904,feature_use,2026-04-03 02:39:56,B
4905,signup,2026-03-12 05:53:36,A
4905,activation,2026-03-12 07:53:36,A
4905,feature_use,2026-03-14 07:53:36,A
4905,purchase,2026-03-16 07:53:36,A
4906,signup,2026-04-28 12:45:59,B
4906,activation,2026-04-29 23:45:59,B
4907,signup,2026-04-14 02:03:38,A
4908,signup,2026-04-18 03:34:06,B
4908,activation,2026-04-18 20:34:06,B
4909,signup,2026-03-07 16:27:22,B
4910,signup,2026-03-05 15:57:56,B
4911,signup,2026-03-15 22:58:07,A
4911,activation,2026-03-17 05:58:07,A
4912,signup,2026-05-05 06:15:49,A
4912,activation,2026-05-06 10:15:49,A
4913,signup,2026-03-12 03:44:26,B
4914,signup,2026-03-17 16:46:15,A
4914,activation,2026-03-18 13:46:15,A
4915,signup,2026-03-25 02:26:07,A
4915,activation,2026-03-25 18:26:07,A
4916,signup,2026-04-29 06:13:21,B
4917,signup,2026-02-19 22:49:02,B
4918,signup,2026-03-28 23:20:51,B
4919,signup,2026-02-28 20:01:56,A
4919,activation,2026-03-01 16:01:56,A
4920,signup,2026-04-02 18:25:15,B
4921,signup,2026-03-15 04:54:23,B
4922,signup,2026-03-14 01:20:04,A
4922,activation,2026-03-14 11:20:04,A
4922,feature_use,2026-03-20 11:20:04,A
4923,signup,2026-03-13 13:03:02,B
4923,activation,2026-03-14 05:03:02,B
4924,signup,2026-04-29 20:52:01,A
4924,activation,2026-05-01 09:52:01,A
4925,signup,2026-04-10 06:46:01,A
4926,signup,2026-04-13 18:19:59,B
4927,signup,2026-03-19 09:16:39,A
4927,activation,2026-03-19 17:16:39,A
4927,feature_use,2026-03-25 17:16:39,A
4928,signup,2026-04-19 14:05:20,B
4929,signup,2026-04-27 18:35:06,A
4930,signup,2026-03-19 12:00:07,A
4930,activation,2026-03-20 19:00:07,A
4931,signup,2026-04-03 15:23:04,A
4931,activation,2026-04-03 22:23:04,A
4931,feature_use,2026-04-07 22:23:04,A
4932,signup,2026-05-09 20:32:02,B
4932,activation,2026-05-11 06:32:02,B
4933,signup,2026-04-13 11:13:06,A
4934,signup,2026-05-07 14:55:58,B
4934,activation,2026-05-08 23:55:58,B
4934,feature_use,2026-05-11 23:55:58,B
4935,signup,2026-03-13 23:09:10,B
4936,signup,2026-02-20 21:20:11,B
4937,signup,2026-03-02 06:36:53,A
4938,signup,2026-03-30 03:49:44,B
4938,activation,2026-04-01 03:49:44,B
4938,feature_use,2026-04-03 03:49:44,B
4938,purchase,2026-04-09 03:49:44,B
4939,signup,2026-03-30 02:37:22,B
4939,activation,2026-03-31 00:37:22,B
4939,feature_use,2026-04-04 00:37:22,B
4940,signup,2026-05-10 12:45:07,B
4941,signup,2026-03-07 21:29:01,A
4942,signup,2026-04-21 17:52:14,B
4943,signup,2026-03-17 18:05:39,A
4943,activation,2026-03-19 07:05:39,A
4943,feature_use,2026-03-26 07:05:39,A
4944,signup,2026-03-15 16:57:06,A
4944,activation,2026-03-16 22:57:06,A
4944,feature_use,2026-03-21 22:57:06,A
4944,purchase,2026-03-27 22:57:06,A
4945,signup,2026-03-26 17:09:16,A
4946,signup,2026-04-04 04:24:49,A
4946,activation,2026-04-04 09:24:49,A
4947,signup,2026-05-08 03:23:26,A
4947,activation,2026-05-08 07:23:26,A
4948,signup,2026-03-26 05:45:02,A
4949,signup,2026-03-16 10:18:06,A
4949,activation,2026-03-18 02:18:06,A
4949,feature_use,2026-03-25 02:18:06,A
4950,signup,2026-04-18 19:43:08,A
4950,activation,2026-04-20 18:43:08,A
4951,signup,2026-04-10 21:48:55,A
4951,activation,2026-04-11 14:48:55,A
4952,signup,2026-04-25 09:48:25,B
4952,activation,2026-04-26 09:48:25,B
4952,feature_use,2026-05-02 09:48:25,B
4953,signup,2026-03-17 08:16:27,A
4953,activation,2026-03-19 07:16:27,A
4953,feature_use,2026-03-21 07:16:27,A
4953,purchase,2026-03-27 07:16:27,A
4954,signup,2026-05-10 03:16:51,A
4954,activation,2026-05-11 18:16:51,A
4954,feature_use,2026-05-16 18:16:51,A
4955,signup,2026-03-14 09:55:19,A
4956,signup,2026-04-24 13:57:32,B
4956,activation,2026-04-25 00:57:32,B
4957,signup,2026-03-06 12:25:37,A
4957,activation,2026-03-07 17:25:37,A
4957,feature_use,2026-03-11 17:25:37,A
4957,purchase,2026-03-18 17:25:37,A
4958,signup,2026-02-27 22:41:52,A
4958,activation,2026-03-01 11:41:52,A
4959,signup,2026-03-08 23:43:33,B
4959,activation,2026-03-10 07:43:33,B
4960,signup,2026-04-22 15:06:33,A
4960,activation,2026-04-23 10:06:33,A
4961,signup,2026-05-20 08:17:53,B
4961,activation,2026-05-20 09:17:53,B
4962,signup,2026-04-21 04:54:58,B
4963,signup,2026-04-14 00:13:15,A
4963,activation,2026-04-14 18:13:15,A
4963,feature_use,2026-04-16 18:13:15,A
4964,signup,2026-04-01 13:14:06,A
4964,activation,2026-04-02 06:14:06,A
4964,feature_use,2026-04-04 06:14:06,A
4965,signup,2026-04-07 03:06:47,A
4965,activation,2026-04-07 08:06:47,A
4966,signup,2026-04-23 18:35:08,B
4966,activation,2026-04-25 06:35:08,B
4966,feature_use,2026-04-30 06:35:08,B
4966,purchase,2026-05-05 06:35:08,B
4967,signup,2026-03-11 11:05:48,B
4967,activation,2026-03-11 13:05:48,B
4968,signup,2026-02-21 03:12:00,A
4969,signup,2026-04-22 10:56:28,A
4970,signup,2026-05-19 01:20:49,A
4970,activation,2026-05-19 13:20:49,A
4971,signup,2026-05-10 12:16:18,A
4972,signup,2026-05-09 18:59:54,A
4972,activation,2026-05-10 16:59:54,A
4972,feature_use,2026-05-11 16:59:54,A
4972,purchase,2026-05-13 16:59:54,A
4973,signup,2026-03-24 23:03:34,B
4974,signup,2026-03-13 23:06:30,B
4974,activation,2026-03-14 09:06:30,B
4974,feature_use,2026-03-18 09:06:30,B
4975,signup,2026-04-08 09:13:22,B
4976,signup,2026-03-29 19:17:14,B
4977,signup,2026-05-10 01:12:18,A
4977,activation,2026-05-11 20:12:18,A
4978,signup,2026-04-21 13:12:21,B
4979,signup,2026-04-15 05:28:28,A
4979,activation,2026-04-15 19:28:28,A
4979,feature_use,2026-04-22 19:28:28,A
4979,purchase,2026-04-28 19:28:28,A
4980,signup,2026-04-11 05:30:06,B
4981,signup,2026-02-27 13:14:26,B
4981,activation,2026-03-01 04:14:26,B
4982,signup,2026-04-01 18:14:27,B
4982,activation,2026-04-03 11:14:27,B
4983,signup,2026-05-04 13:44:44,A
4984,signup,2026-04-16 16:51:26,B
4985,signup,2026-05-03 07:11:51,B
4985,activation,2026-05-03 19:11:51,B
4986,signup,2026-03-21 22:55:51,A
4986,activation,2026-03-22 23:55:51,A
4986,feature_use,2026-03-23 23:55:51,A
4987,signup,2026-03-19 06:30:51,A
4987,activation,2026-03-19 14:30:51,A
4987,feature_use,2026-03-21 14:30:51,A
4988,signup,2026-03-14 07:54:31,A
4989,signup,2026-04-04 08:48:05,B
4989,activation,2026-04-05 04:48:05,B
4989,feature_use,2026-04-09 04:48:05,B
4990,signup,2026-04-20 13:26:26,A
4990,activation,2026-04-21 09:26:26,A
4990,feature_use,2026-04-24 09:26:26,A
4991,signup,2026-04-24 19:23:20,B
4992,signup,2026-05-17 06:24:51,B
4992,activation,2026-05-18 15:24:51,B
4993,signup,2026-03-06 14:39:31,A
4993,activation,2026-03-07 09:39:31,A
4994,signup,2026-02-21 19:45:13,A
4995,signup,2026-03-30 15:18:45,B
4995,activation,2026-03-31 19:18:45,B
4995,feature_use,2026-04-07 19:18:45,B
4996,signup,2026-04-19 05:13:14,B
4997,signup,2026-03-14 00:31:38,B
4998,signup,2026-03-05 08:41:36,A
4999,signup,2026-04-13 22:10:42,A
5000,signup,2026-03-11 13:23:14,A
5000,activation,2026-03-12 13:23:14,A
