user_id,signup_date,variant
1,2026-05-03 20:02:05,B
2,2026-05-07 13:25:22,B
3,2026-03-13 14:58:41,B
4,2026-05-06 06:13:15,B
5,2026-04-12 16:10:08,B
6,2026-05-14 16:11:57,A
7,2026-03-26 06:23:55,B
8,2026-04-07 22:32:01,B
9,2026-04-21 01:05:15,B
10,2026-05-16 01:55:30,A
11,2026-04-13 04:47:56,A
12,2026-04-04 05:11:51,A
13,2026-03-10 19:38:13,B
14,2026-04-19 18:48:14,A
15,2026-02-26 00:40:52,B
16,2026-05-15 09:17:26,A
17,2026-04-21 00:29:39,B
18,2026-04-05 08:42:31,B
19,2026-02-19 21:30:24,B
20,2026-04-04 06:53:19,A
21,2026-04-28 21:09:54,B
22,2026-02-20 19:42:52,A
23,2026-04-08 01:59:31,B
24,2026-02-23 14:32:09,A
25,2026-05-11 12:17:35,A
26,2026-03-03 20:14:10,B
27,2026-05-16 14:29:38,B
28,2026-04-30 05:26:39,B
29,2026-03-21 10:47:17,B
30,2026-02-27 15:10:29,B
31,2026-03-18 13:29:15,A
32,2026-05-01 18:44:26,B
33,2026-04-02 12:00:35,B
34,2026-05-04 19:59:08,B
35,2026-02-22 01:28:34,B
36,2026-05-10 13:36:01,B
37,2026-03-14 17:12:42,B
38,2026-03-26 07:26:31,B
39,2026-03-29 11:24:22,B
40,2026-05-18 15:42:05,A
41,2026-03-29 01:01:46,A
42,2026-03-30 17:10:55,B
43,2026-04-23 02:56:56,A
44,2026-04-28 16:42:25,A
45,2026-05-01 15:58:06,A
46,2026-04-20 13:44:57,A
47,2026-03-31 22:01:58,B
48,2026-05-16 04:28:55,A
49,2026-03-27 12:59:55,B
50,2026-03-15 03:50:56,B
51,2026-03-02 03:34:52,A
52,2026-04-16 10:36:03,B
53,2026-03-06 04:18:39,A
54,2026-03-26 08:56:46,A
55,2026-02-22 06:58:17,B
56,2026-05-17 05:21:15,A
57,2026-05-14 23:03:38,A
58,2026-05-08 18:28:00,B
59,2026-03-21 15:03:39,B
60,2026-05-19 12:11:26,A
61,2026-02-24 10:23:00,B
62,2026-03-01 12:31:15,B
63,2026-03-30 03:54:01,B
64,2026-05-15 07:20:25,B
65,2026-05-17 05:48:09,B
66,2026-04-17 06:20:40,B
67,2026-03-09 20:39:15,A
68,2026-03-13 22:27:43,A
69,2026-04-13 14:10:30,A
70,2026-05-09 06:41:06,A
71,2026-03-16 00:08:11,A
72,2026-05-02 21:10:16,B
73,2026-03-22 00:25:13,B
74,2026-05-17 09:58:34,A
75,2026-05-16 10:40:36,A
76,2026-03-20 03:12:53,A
77,2026-04-26 22:44:28,B
78,2026-03-18 01:16:44,B
79,2026-03-25 17:43:25,A
80,2026-02-23 18:06:20,A
81,2026-03-25 14:33:22,A
82,2026-05-10 03:08:54,B
83,2026-04-10 15:27:57,A
84,2026-05-04 12:29:59,B
85,2026-03-31 04:43:39,A
86,2026-04-12 20:20:16,B
87,2026-04-27 02:20:27,B
88,2026-04-29 11:42:29,A
89,2026-03-10 04:02:01,B
90,2026-03-11 14:31:15,B
91,2026-03-03 03:28:45,B
92,2026-03-25 08:11:09,B
93,2026-05-02 23:37:24,B
94,2026-04-18 13:38:53,B
95,2026-03-17 02:08:14,A
96,2026-03-02 19:52:36,A
97,2026-03-09 08:21:09,B
98,2026-02-25 08:00:04,B
99,2026-04-17 15:30:50,A
100,2026-04-18 08:39:13,B
101,2026-04-10 17:49:27,A
102,2026-05-03 15:25:32,A
103,2026-02-21 16:25:10,A
104,2026-05-14 12:10:13,B
105,2026-05-13 06:50:34,A
106,2026-03-08 08:00:05,A
107,2026-03-30 01:23:11,B
108,2026-05-14 11:03:53,A
109,2026-03-29 16:38:05,B
110,2026-04-11 17:49:04,A
111,2026-05-07 13:12:27,A
112,2026-04-17 19:46:55,B
113,2026-03-21 07:53:06,B
114,2026-05-19 11:10:56,B
115,2026-04-12 02:15:41,A
116,2026-04-17 12:02:57,A
117,2026-04-21 23:19:47,A
118,2026-04-16 12:30:15,A
119,2026-03-11 21:26:28,B
120,2026-05-04 10:03:33,B
121,2026-03-12 17:56:48,A
122,2026-03-07 22:36:18,B
123,2026-04-11 21:51:58,B
124,2026-03-08 23:30:43,B
125,2026-03-10 20:45:44,B
126,2026-04-29 00:21:17,B
127,2026-02-20 03:14:31,A
128,2026-04-13 01:46:24,B
129,2026-02-24 15:53:41,A
130,2026-03-26 08:04:30,A
131,2026-04-16 03:30:55,B
132,2026-02-22 19:15:24,B
133,2026-03-07 00:41:31,B
134,2026-03-02 19:23:05,A
135,2026-04-20 13:09:29,A
136,2026-03-11 22:50:40,A
137,2026-02-28 14:38:19,A
138,2026-02-27 12:33:06,B
139,2026-05-14 07:34:45,A
140,2026-04-25 11:58:57,A
141,2026-04-30 03:54:03,A
142,2026-05-10 04:09:58,B
143,2026-02-21 11:01:40,A
144,2026-03-04 02:59:01,B
145,2026-02-22 20:22:54,A
146,2026-03-16 17:26:30,B
147,2026-04-15 07:35:29,B
148,2026-04-10 21:56:47,B
149,2026-03-17 19:54:41,A
150,2026-03-12 14:29:14,B
151,2026-05-15 08:32:12,A
152,2026-05-20 07:21:18,B
153,2026-04-18 06:51:16,B
154,2026-02-27 11:47:58,B
155,2026-03-06 21:38:08,A
156,2026-03-06 04:01:35,A
157,2026-04-28 00:06:49,A
158,2026-04-28 01:03:42,B
159,2026-04-07 19:18:37,A
160,2026-02-26 22:38:56,A
161,2026-04-14 20:40:30,B
162,2026-04-26 03:44:55,A
163,2026-02-22 13:37:19,A
164,2026-05-03 04:07:08,A
165,2026-02-23 23:55:42,B
166,2026-03-05 05:08:36,B
167,2026-04-10 22:09:30,B
168,2026-05-09 07:12:36,A
169,2026-05-13 12:39:35,A
170,2026-03-26 16:47:03,B
171,2026-03-26 15:35:28,A
172,2026-04-06 04:09:27,A
173,2026-02-28 06:52:48,B
174,2026-03-21 08:10:37,A
175,2026-05-20 09:41:20,B
176,2026-03-26 20:49:00,A
177,2026-03-24 15:12:52,B
178,2026-04-20 02:08:02,A
179,2026-04-05 21:02:58,B
180,2026-04-23 12:46:01,A
181,2026-04-30 11:13:01,A
182,2026-05-04 21:33:53,A
183,2026-03-27 00:07:00,B
184,2026-04-10 23:28:41,B
185,2026-04-27 21:47:40,A
186,2026-03-21 14:59:41,B
187,2026-05-10 05:01:43,A
188,2026-03-19 18:06:55,A
189,2026-03-08 16:35:49,B
190,2026-03-19 04:45:29,A
191,2026-04-09 04:05:19,A
192,2026-03-06 15:37:00,B
193,2026-03-31 20:03:03,B
194,2026-02-28 14:21:11,A
195,2026-04-11 08:22:39,B
196,2026-04-14 08:58:24,B
197,2026-04-14 04:01:57,B
198,2026-02-25 02:09:18,A
199,2026-02-28 18:58:52,A
200,2026-03-23 22:25:32,B
201,2026-03-05 21:14:25,A
202,2026-04-03 08:57:49,A
203,2026-03-23 03:31:46,A
204,2026-05-20 14:48:42,B
205,2026-03-29 18:49:23,A
206,2026-05-13 00:43:23,B
207,2026-03-30 13:34:29,B
208,2026-03-09 14:22:58,B
209,2026-03-16 18:23:33,A
210,2026-02-25 12:46:57,A
211,2026-03-09 15:51:13,B
212,2026-04-29 15:15:06,A
213,2026-05-01 08:01:28,B
214,2026-03-13 19:45:27,A
215,2026-04-20 11:01:09,A
216,2026-03-07 01:45:33,A
217,2026-02-28 16:47:29,B
218,2026-04-20 17:30:04,B
219,2026-04-13 22:31:55,B
220,2026-05-10 10:08:30,B
221,2026-02-25 23:37:04,B
222,2026-05-03 22:20:28,A
223,2026-04-06 21:33:25,A
224,2026-03-18 01:47:46,A
225,2026-04-09 20:38:33,A
226,2026-04-19 04:29:06,A
227,2026-03-06 20:08:13,A
228,2026-03-08 17:42:20,A
229,2026-03-24 00:50:09,A
230,2026-03-14 13:52:29,A
231,2026-03-20 06:39:07,A
232,2026-04-28 21:49:37,A
233,2026-04-21 03:28:54,A
234,2026-05-19 06:41:50,A
235,2026-03-09 03:07:40,B
236,2026-05-13 02:15:27,A
237,2026-03-14 11:44:18,B
238,2026-03-29 07:53:55,A
239,2026-04-25 09:46:57,A
240,2026-04-16 13:25:56,A
241,2026-03-22 21:06:15,B
242,2026-04-24 12:16:10,A
243,2026-03-08 00:24:39,B
244,2026-03-29 03:29:50,B
245,2026-05-09 07:23:46,A
246,2026-05-19 01:05:38,B
247,2026-03-28 07:56:18,A
248,2026-02-23 15:14:50,B
249,2026-03-03 23:43:41,A
250,2026-04-07 00:24:47,A
251,2026-04-17 22:19:51,A
252,2026-03-24 13:20:38,B
253,2026-05-06 12:50:26,A
254,2026-03-01 04:03:34,A
255,2026-04-01 05:26:57,B
256,2026-04-04 16:05:32,A
257,2026-04-10 00:58:33,B
258,2026-03-30 17:36:44,B
259,2026-03-01 08:15:50,A
260,2026-03-17 16:19:14,B
261,2026-05-17 18:36:56,A
262,2026-03-04 09:38:49,B
263,2026-04-19 20:24:05,A
264,2026-04-24 19:41:44,B
265,2026-04-16 19:42:11,B
266,2026-04-16 20:43:35,B
267,2026-05-11 13:20:07,B
268,2026-03-26 06:13:25,A
269,2026-03-09 03:05:45,A
270,2026-03-22 02:08:47,B
271,2026-04-05 07:45:55,B
272,2026-03-08 06:59:58,B
273,2026-03-07 03:16:25,B
274,2026-05-17 23:51:29,B
275,2026-02-28 13:26:46,A
276,2026-02-22 20:56:37,A
277,2026-03-21 15:34:18,B
278,2026-02-26 10:16:37,B
279,2026-04-24 14:36:11,B
280,2026-05-03 00:10:21,B
281,2026-04-26 05:10:42,A
282,2026-05-16 11:14:42,B
283,2026-04-17 08:41:42,B
284,2026-02-26 11:09:35,A
285,2026-03-21 13:36:22,A
286,2026-03-17 21:35:08,A
287,2026-05-04 08:12:29,A
288,2026-03-09 18:48:15,A
289,2026-04-11 07:52:31,A
290,2026-05-10 08:18:17,A
291,2026-03-09 06:47:13,A
292,2026-03-21 17:43:16,B
293,2026-03-13 16:34:42,B
294,2026-03-25 22:04:24,A
295,2026-04-01 23:12:01,B
296,2026-03-03 06:12:36,A
297,2026-03-31 04:24:03,B
298,2026-04-25 11:47:11,B
299,2026-04-03 02:18:14,A
300,2026-02-27 00:58:27,B
301,2026-03-24 00:49:57,B
302,2026-05-11 23:28:47,A
303,2026-04-22 14:46:50,B
304,2026-03-29 01:52:25,B
305,2026-04-15 13:00:53,A
306,2026-05-16 02:39:17,A
307,2026-05-19 05:01:04,B
308,2026-05-05 13:41:04,A
309,2026-05-04 14:02:54,A
310,2026-03-30 14:54:35,B
311,2026-02-25 01:37:59,A
312,2026-02-20 06:50:32,A
313,2026-03-31 02:08:09,A
314,2026-02-24 10:37:41,A
315,2026-05-07 10:51:02,B
316,2026-03-18 00:13:19,B
317,2026-03-15 21:43:18,B
318,2026-03-13 16:19:05,B
319,2026-04-06 19:19:47,B
320,2026-05-15 04:19:44,A
321,2026-03-29 18:53:05,B
322,2026-03-22 08:41:53,B
323,2026-03-27 02:53:58,B
324,2026-05-16 14:14:51,B
325,2026-03-14 21:33:37,B
326,2026-04-14 14:39:47,A
327,2026-04-20 02:23:54,A
328,2026-05-15 19:44:08,B
329,2026-02-26 13:01:50,B
330,2026-03-26 03:03:05,B
331,2026-04-24 21:27:27,B
332,2026-04-27 19:14:02,B
333,2026-04-07 21:02:57,B
334,2026-05-03 21:21:11,B
335,2026-04-17 01:14:08,B
336,2026-04-27 00:22:11,A
337,2026-03-13 08:35:39,A
338,2026-05-12 04:30:44,A
339,2026-03-05 09:24:31,B
340,2026-03-01 04:33:21,B
341,2026-03-24 00:14:23,B
342,2026-05-10 12:27:14,B
343,2026-05-07 17:10:42,A
344,2026-04-26 06:31:26,B
345,2026-04-21 03:21:57,A
346,2026-04-05 20:22:58,B
347,2026-05-04 07:21:05,A
348,2026-05-05 05:24:48,A
349,2026-04-07 02:48:07,A
350,2026-03-24 10:15:17,B
351,2026-03-27 02:09:15,A
352,2026-05-18 04:37:41,A
353,2026-03-02 21:02:44,A
354,2026-05-03 19:43:11,B
355,2026-02-23 08:18:54,A
356,2026-04-26 09:10:36,B
357,2026-05-03 11:45:03,A
358,2026-02-26 14:00:21,B
359,2026-05-20 00:42:35,B
360,2026-04-12 00:06:10,A
361,2026-04-12 03:33:14,B
362,2026-04-30 01:35:17,B
363,2026-03-31 16:35:26,A
364,2026-03-12 03:23:29,B
365,2026-04-10 10:13:51,A
366,2026-03-22 11:12:29,B
367,2026-05-07 05:37:04,B
368,2026-03-27 03:40:09,B
369,2026-03-12 07:03:25,B
370,2026-03-27 20:17:50,A
371,2026-03-20 02:27:13,B
372,2026-03-21 12:15:26,A
373,2026-03-27 06:13:43,A
374,2026-04-08 19:00:30,B
375,2026-05-11 04:11:07,A
376,2026-05-06 13:39:09,A
377,2026-03-10 17:39:12,A
378,2026-03-02 15:59:52,B
379,2026-05-20 12:17:17,B
380,2026-05-02 22:19:27,B
381,2026-03-27 01:09:32,B
382,2026-04-28 21:03:19,A
383,2026-02-26 08:07:07,A
384,2026-04-10 14:56:38,B
385,2026-04-02 16:48:47,A
386,2026-04-25 07:26:51,B
387,2026-03-13 21:21:56,A
388,2026-03-01 01:47:38,A
389,2026-03-16 14:38:06,A
390,2026-03-17 03:29:00,B
391,2026-03-08 10:52:13,B
392,2026-05-19 14:43:33,B
393,2026-04-20 14:07:18,A
394,2026-04-27 08:26:03,B
395,2026-04-08 13:24:18,A
396,2026-03-04 21:14:16,B
397,2026-03-13 11:56:59,A
398,2026-03-09 09:07:01,B
399,2026-02-28 03:48:37,A
400,2026-03-23 03:04:02,A
401,2026-03-12 17:22:43,A
402,2026-04-17 20:25:16,B
403,2026-03-21 14:26:39,A
404,2026-03-19 09:15:43,B
405,2026-03-06 13:15:27,B
406,2026-04-16 04:57:59,B
407,2026-03-26 10:54:51,A
408,2026-03-15 00:22:19,A
409,2026-04-24 10:53:53,A
410,2026-04-21 20:38:22,B
411,2026-05-20 13:50:58,A
412,2026-02-26 16:03:50,B
413,2026-04-05 17:01:05,B
414,2026-04-27 23:22:29,B
415,2026-05-05 14:00:06,A
416,2026-03-04 09:36:12,B
417,2026-03-11 11:12:33,A
418,2026-03-29 10:15:44,B
419,2026-02-20 07:44:21,A
420,2026-03-20 09:05:29,A
421,2026-04-25 06:26:50,B
422,2026-03-29 19:23:39,B
423,2026-03-19 05:40:46,B
424,2026-04-01 03:00:44,B
425,2026-03-06 20:54:00,B
426,2026-04-22 21:04:53,A
427,2026-03-27 02:46:56,A
428,2026-05-16 13:48:34,A
429,2026-03-20 21:40:47,B
430,2026-04-19 18:14:04,A
431,2026-03-23 00:32:56,A
432,2026-05-15 03:48:10,B
433,2026-04-11 12:35:43,B
434,2026-04-15 17:01:17,B
435,2026-04-30 06:27:01,B
436,2026-04-22 08:19:36,B
437,2026-03-14 21:55:42,A
438,2026-04-26 21:29:11,B
439,2026-04-21 21:21:30,A
440,2026-03-18 11:53:28,B
441,2026-03-15 18:42:12,A
442,2026-04-12 06:07:39,B
443,2026-05-01 21:37:32,A
444,2026-03-22 14:40:52,B
445,2026-03-12 13:57:15,A
446,2026-04-11 17:07:24,B
447,2026-03-24 01:03:33,B
448,2026-05-15 05:43:47,A
449,2026-05-04 17:26:17,B
450,2026-04-01 23:42:40,A
451,2026-03-08 20:00:51,B
452,2026-03-13 00:59:51,A
453,2026-03-14 12:16:43,B
454,2026-03-23 01:46:48,B
455,2026-02-26 19:01:30,B
456,2026-05-02 15:38:56,B
457,2026-05-13 00:23:46,A
458,2026-03-04 17:35:04,B
459,2026-04-14 20:15:33,B
460,2026-03-12 16:01:00,B
461,2026-03-13 11:48:58,B
462,2026-03-09 00:47:04,B
463,2026-03-03 20:08:58,A
464,2026-04-08 18:43:26,B
465,2026-05-20 01:42:40,B
466,2026-05-07 11:19:36,B
467,2026-04-11 18:21:26,B
468,2026-04-26 14:14:04,B
469,2026-04-22 21:12:08,B
470,2026-05-12 01:21:10,B
471,2026-03-28 08:10:36,B
472,2026-05-19 15:14:59,A
473,2026-02-26 03:14:27,B
474,2026-03-12 00:43:23,B
475,2026-05-17 11:42:57,B
476,2026-03-29 23:52:39,B
477,2026-03-09 03:39:54,A
478,2026-03-31 06:20:46,B
479,2026-03-30 09:37:10,A
480,2026-03-25 00:55:34,A
481,2026-03-08 19:25:40,A
482,2026-05-12 03:49:48,A
483,2026-02-25 23:23:57,A
484,2026-03-25 12:39:26,B
485,2026-03-11 01:20:12,B
486,2026-05-16 17:27:11,A
487,2026-04-17 14:23:08,A
488,2026-05-02 13:58:38,B
489,2026-04-24 18:20:10,B
490,2026-03-17 20:16:56,A
491,2026-03-12 12:30:51,A
492,2026-05-12 16:22:49,A
493,2026-03-25 05:29:37,B
494,2026-04-12 08:55:31,A
495,2026-04-15 21:33:51,B
496,2026-04-16 03:13:56,B
497,2026-05-15 08:41:13,B
498,2026-05-19 01:41:10,A
499,2026-05-09 08:34:04,B
500,2026-03-11 10:14:48,B
501,2026-03-28 06:38:22,B
502,2026-04-21 14:03:17,A
503,2026-03-27 01:23:55,B
504,2026-02-22 20:33:07,B
505,2026-04-22 04:21:28,B
506,2026-05-07 08:35:56,B
507,2026-03-16 23:48:45,A
508,2026-04-10 03:06:14,A
509,2026-04-30 18:56:42,A
510,2026-04-17 17:51:54,B
511,2026-03-07 20:02:35,B
512,2026-05-02 15:37:17,B
513,2026-05-01 15:58:48,A
514,2026-04-04 23:02:35,A
515,2026-03-09 01:51:10,A
516,2026-05-16 19:39:28,A
517,2026-05-02 13:39:56,B
518,2026-03-06 08:00:33,A
519,2026-03-21 09:18:52,A
520,2026-02-23 17:55:38,A
521,2026-04-30 01:57:52,A
522,2026-03-31 02:38:16,A
523,2026-05-09 11:22:30,B
524,2026-03-29 08:31:48,B
525,2026-04-12 10:29:34,A
526,2026-04-01 10:24:41,B
527,2026-04-11 14:37:33,A
528,2026-04-10 16:46:03,A
529,2026-04-06 08:36:09,A
530,2026-03-29 02:31:50,A
531,2026-03-17 09:08:59,B
532,2026-03-27 11:07:20,A
533,2026-04-03 17:44:20,A
534,2026-04-21 07:32:27,A
535,2026-04-10 03:05:47,B
536,2026-02-28 15:39:08,A
537,2026-03-26 19:01:35,A
538,2026-04-11 21:02:44,B
539,2026-05-16 08:24:47,A
540,2026-04-09 09:16:10,B
541,2026-02-28 19:09:32,B
542,2026-03-24 09:25:32,A
543,2026-04-15 06:46:28,A
544,2026-02-22 11:04:00,B
545,2026-05-08 23:06:05,B
546,2026-04-24 13:00:55,A
547,2026-05-14 13:43:12,A
548,2026-05-09 11:31:59,A
549,2026-04-05 20:21:38,A
550,2026-03-08 01:59:55,B
551,2026-04-25 05:15:39,B
552,2026-05-03 08:41:10,A
553,2026-05-09 23:17:52,B
554,2026-05-11 14:08:25,A
555,2026-05-12 06:23:44,B
556,2026-03-02 18:33:13,B
557,2026-03-03 18:00:04,B
558,2026-05-16 07:59:39,A
559,2026-03-14 23:30:21,A
560,2026-04-04 06:05:02,A
561,2026-02-27 01:03:33,B
562,2026-03-13 04:08:21,A
563,2026-04-12 11:57:45,A
564,2026-04-23 17:54:38,A
565,2026-02-20 09:56:41,B
566,2026-04-16 12:45:36,B
567,2026-04-24 05:51:19,A
568,2026-03-10 07:33:00,B
569,2026-05-11 23:25:34,B
570,2026-05-17 02:11:41,A
571,2026-04-13 22:20:27,B
572,2026-03-15 10:42:39,A
573,2026-03-14 08:40:48,A
574,2026-05-18 13:52:22,B
575,2026-03-28 04:53:50,B
576,2026-03-27 03:25:18,A
577,2026-04-01 23:43:22,A
578,2026-05-10 21:56:56,A
579,2026-02-21 03:53:23,B
580,2026-03-31 02:53:53,B
581,2026-05-07 13:42:52,B
582,2026-05-06 13:19:40,A
583,2026-04-24 14:43:35,A
584,2026-03-12 03:54:50,A
585,2026-05-19 00:17:51,A
586,2026-05-03 08:14:54,A
587,2026-05-07 02:45:15,A
588,2026-03-13 09:30:15,A
589,2026-03-25 22:28:27,B
590,2026-05-18 12:31:32,B
591,2026-03-08 08:48:44,B
592,2026-03-17 02:38:33,B
593,2026-03-14 02:58:03,A
594,2026-03-22 19:20:24,A
595,2026-05-09 11:10:12,A
596,2026-04-25 18:42:40,A
597,2026-05-12 23:46:17,B
598,2026-03-12 00:50:12,A
599,2026-05-08 21:59:36,A
600,2026-05-18 13:11:12,A
601,2026-03-14 22:43:34,A
602,2026-04-16 20:44:05,B
603,2026-04-04 00:46:33,B
604,2026-04-16 10:32:19,B
605,2026-05-14 09:50:32,B
606,2026-03-06 23:16:34,A
607,2026-02-22 05:49:50,A
608,2026-03-22 04:40:36,B
609,2026-04-24 03:58:56,A
610,2026-05-14 17:19:53,B
611,2026-03-26 14:52:57,A
612,2026-05-08 01:18:26,B
613,2026-03-11 16:12:51,A
614,2026-03-04 23:09:57,A
615,2026-03-09 10:02:28,B
616,2026-03-11 18:09:44,A
617,2026-04-30 02:49:55,B
618,2026-04-22 00:59:29,A
619,2026-05-11 07:47:52,A
620,2026-02-23 23:04:01,A
621,2026-03-07 20:29:43,A
622,2026-05-06 17:54:21,A
623,2026-05-11 12:35:00,B
624,2026-03-01 12:54:40,A
625,2026-03-18 20:45:48,A
626,2026-03-06 06:38:08,B
627,2026-04-29 11:53:30,A
628,2026-03-01 10:18:31,B
629,2026-05-15 06:17:03,B
630,2026-03-12 08:50:45,A
631,2026-04-27 13:07:05,A
632,2026-04-15 22:35:55,B
633,2026-05-17 06:00:56,A
634,2026-03-26 03:37:41,B
635,2026-04-05 17:57:31,B
636,2026-03-24 13:02:03,B
637,2026-05-08 08:02:08,A
638,2026-04-12 10:35:53,A
639,2026-03-10 16:25:26,A
640,2026-03-19 00:17:40,B
641,2026-03-05 06:44:28,B
642,2026-05-02 00:01:42,B
643,2026-04-25 18:58:37,A
644,2026-03-13 18:41:47,B
645,2026-03-08 19:23:30,B
646,2026-04-28 19:01:27,A
647,2026-02-27 07:13:12,A
648,2026-04-06 10:25:06,B
649,2026-05-15 02:30:15,B
650,2026-03-22 16:20:30,A
651,2026-03-23 14:06:32,A
652,2026-03-17 15:35:11,A
653,2026-04-03 05:34:30,B
654,2026-02-25 01:22:41,B
655,2026-05-19 10:26:05,B
656,2026-03-29 03:05:47,A
657,2026-03-12 08:14:20,B
658,2026-05-09 00:21:00,B
659,2026-03-27 00:54:12,B
660,2026-04-22 09:46:13,A
661,2026-05-03 20:32:32,B
662,2026-04-30 08:23:52,A
663,2026-04-20 13:11:07,A
664,2026-03-31 16:44:29,B
665,2026-02-20 02:46:23,B
666,2026-03-09 08:36:39,B
667,2026-03-02 03:26:39,B
668,2026-03-24 07:40:38,A
669,2026-03-27 10:05:06,B
670,2026-04-22 00:49:08,A
671,2026-03-01 10:55:35,A
672,2026-04-23 10:55:10,B
673,2026-05-02 23:57:48,B
674,2026-05-08 21:32:49,A
675,2026-04-07 21:02:52,B
676,2026-05-13 05:47:48,A
677,2026-02-22 00:37:02,A
678,2026-03-06 04:31:29,A
679,2026-04-02 07:42:02,A
680,2026-05-07 15:41:14,B
681,2026-04-21 20:40:29,A
682,2026-05-17 02:42:41,B
683,2026-02-25 00:37:16,B
684,2026-03-01 20:14:14,A
685,2026-04-21 11:05:34,A
686,2026-04-05 11:35:56,B
687,2026-05-10 00:42:57,B
688,2026-05-13 18:59:49,B
689,2026-04-19 23:55:52,B
690,2026-04-15 22:35:42,B
691,2026-03-01 12:03:24,A
692,2026-02-25 07:28:54,A
693,2026-03-20 12:30:27,A
694,2026-04-08 07:28:17,B
695,2026-04-11 02:48:04,B
696,2026-04-26 05:56:27,B
697,2026-03-15 05:11:38,B
698,2026-03-08 13:25:46,B
699,2026-03-15 05:50:28,B
700,2026-04-04 03:47:08,B
701,2026-04-20 08:56:23,A
702,2026-05-15 12:13:57,A
703,2026-04-03 17:28:49,A
704,2026-05-01 06:39:25,A
705,2026-03-16 07:56:11,B
706,2026-04-01 17:36:50,B
707,2026-03-15 14:06:54,B
708,2026-04-07 01:38:46,B
709,2026-05-12 21:17:38,A
710,2026-04-12 07:36:12,B
711,2026-04-20 02:27:10,B
712,2026-03-14 06:03:34,A
713,2026-03-04 13:14:46,A
714,2026-04-22 17:53:13,A
715,2026-04-11 20:42:20,B
716,2026-04-23 08:19:45,A
717,2026-03-06 08:04:28,A
718,2026-03-10 14:18:14,A
719,2026-04-02 20:22:17,A
720,2026-05-18 12:58:21,B
721,2026-04-26 06:00:17,A
722,2026-04-14 18:24:27,A
723,2026-03-09 20:39:35,B
724,2026-05-04 13:36:59,A
725,2026-05-10 16:28:13,B
726,2026-03-08 18:54:36,A
727,2026-04-25 00:16:52,B
728,2026-05-17 07:47:10,A
729,2026-04-19 01:44:06,A
730,2026-04-13 14:56:08,A
731,2026-03-29 02:14:04,A
732,2026-04-12 05:43:54,A
733,2026-04-02 22:11:20,A
734,2026-04-01 03:13:06,A
735,2026-03-28 16:54:02,B
736,2026-03-07 04:34:37,B
737,2026-04-08 14:03:46,A
738,2026-05-03 05:58:39,A
739,2026-05-02 00:10:33,A
740,2026-04-21 20:58:11,B
741,2026-04-16 16:30:35,A
742,2026-02-28 23:20:04,B
743,2026-04-03 12:01:23,A
744,2026-03-27 23:39:10,A
745,2026-03-03 06:25:00,A
746,2026-03-04 15:40:40,B
747,2026-03-24 11:55:18,B
748,2026-03-07 18:37:26,B
749,2026-04-25 16:09:21,A
750,2026-04-29 02:03:21,A
751,2026-03-04 04:00:41,A
752,2026-03-25 13:47:56,A
753,2026-05-17 16:48:14,B
754,2026-03-23 19:31:14,A
755,2026-04-23 05:55:35,A
756,2026-02-21 21:44:31,A
757,2026-04-13 06:59:15,B
758,2026-05-12 11:07:59,B
759,2026-02-26 15:45:15,B
760,2026-03-18 09:29:04,B
761,2026-03-09 18:09:26,A
762,2026-04-21 13:43:41,B
763,2026-02-23 03:08:58,A
764,2026-02-27 02:15:21,B
765,2026-04-17 09:07:11,B
766,2026-04-08 22:38:32,A
767,2026-04-27 04:49:31,B
768,2026-04-16 10:23:08,B
769,2026-02-25 18:02:22,B
770,2026-04-16 16:37:57,A
771,2026-04-30 11:44:29,B
772,2026-04-21 09:37:24,B
773,2026-03-27 21:11:11,A
774,2026-05-08 18:29:55,B
775,2026-04-21 10:10:35,B
776,2026-04-07 15:50:17,B
777,2026-05-04 05:27:53,A
778,2026-04-22 00:17:57,A
779,2026-04-05 18:02:03,B
780,2026-02-22 19:22:03,A
781,2026-03-28 04:55:42,A
782,2026-04-30 17:25:26,B
783,2026-04-28 12:17:15,B
784,2026-05-06 12:38:22,B
785,2026-04-13 20:46:22,A
786,2026-03-24 02:23:07,A
787,2026-03-07 22:15:11,B
788,2026-04-05 10:49:11,B
789,2026-04-29 10:58:13,A
790,2026-04-06 04:52:20,B
791,2026-04-21 20:03:38,B
792,2026-03-15 15:45:13,A
793,2026-04-27 06:54:14,B
794,2026-05-15 04:10:06,A
795,2026-04-12 10:13:08,B
796,2026-04-13 13:07:35,B
797,2026-03-16 11:03:15,A
798,2026-03-13 21:30:19,A
799,2026-04-12 17:17:42,A
800,2026-03-22 17:29:53,A
801,2026-03-15 02:26:39,A
802,2026-03-11 12:48:45,B
803,2026-03-11 16:30:48,B
804,2026-03-08 03:10:37,B
805,2026-02-24 16:11:34,A
806,2026-05-04 05:06:36,A
807,2026-03-14 06:20:26,A
808,2026-04-15 00:42:11,B
809,2026-02-27 22:11:59,A
810,2026-05-12 05:44:13,A
811,2026-03-06 11:53:46,A
812,2026-05-12 17:55:37,A
813,2026-03-11 00:54:07,A
814,2026-03-04 20:42:40,A
815,2026-04-10 02:36:21,A
816,2026-03-21 03:42:49,B
817,2026-05-14 12:17:47,B
818,2026-04-27 02:18:31,B
819,2026-05-02 20:04:26,A
820,2026-02-26 02:33:26,B
821,2026-04-05 23:26:08,A
822,2026-03-20 22:15:59,A
823,2026-05-18 18:56:12,A
824,2026-05-03 17:49:04,A
825,2026-05-03 16:28:52,B
826,2026-04-25 07:17:26,A
827,2026-04-26 08:26:28,B
828,2026-03-31 14:42:44,A
829,2026-03-06 06:02:27,A
830,2026-03-02 08:17:17,B
831,2026-05-02 02:30:05,A
832,2026-04-15 23:09:24,B
833,2026-04-30 21:03:29,B
834,2026-03-13 07:04:22,A
835,2026-04-25 08:05:24,A
836,2026-04-14 12:27:25,A
837,2026-03-10 08:06:01,A
838,2026-05-01 15:23:10,A
839,2026-04-15 05:32:52,A
840,2026-04-02 23:21:53,A
841,2026-04-08 22:47:14,B
842,2026-03-08 21:02:50,B
843,2026-05-05 20:12:57,B
844,2026-04-06 18:38:03,A
845,2026-03-06 06:13:37,A
846,2026-05-05 17:26:49,A
847,2026-03-16 17:04:11,A
848,2026-03-26 08:45:06,A
849,2026-03-23 20:19:23,B
850,2026-03-02 11:47:52,B
851,2026-04-09 03:03:10,A
852,2026-04-03 02:50:54,B
853,2026-03-24 22:09:36,A
854,2026-03-05 08:49:19,B
855,2026-02-27 18:37:23,A
856,2026-02-25 15:48:14,A
857,2026-04-22 05:21:33,A
858,2026-04-30 05:57:19,A
859,2026-03-07 04:21:50,A
860,2026-04-17 05:30:15,A
861,2026-05-13 15:12:16,B
862,2026-03-16 07:42:28,A
863,2026-02-26 20:06:51,B
864,2026-03-01 18:56:12,A
865,2026-05-09 04:08:36,A
866,2026-04-14 15:39:20,B
867,2026-05-09 01:26:43,B
868,2026-05-08 11:07:31,B
869,2026-04-02 22:05:39,B
870,2026-05-20 17:46:27,A
871,2026-04-02 18:39:39,B
872,2026-03-11 23:35:16,B
873,2026-03-05 06:43:42,B
874,2026-03-05 14:22:21,B
875,2026-04-01 20:29:52,A
876,2026-04-09 01:46:13,A
877,2026-04-02 18:56:06,A
878,2026-05-06 10:49:20,B
879,2026-05-18 19:30:19,B
880,2026-03-30 10:10:35,A
881,2026-04-16 23:25:22,A
882,2026-04-11 08:37:32,A
883,2026-02-24 10:47:41,A
884,2026-04-08 10:53:21,A
885,2026-02-28 21:44:02,A
886,2026-02-25 00:53:05,B
887,2026-03-03 15:54:43,B
888,2026-05-09 16:33:08,A
889,2026-03-12 17:44:47,B
890,2026-04-04 06:36:18,B
891,2026-04-17 01:05:57,A
892,2026-02-27 13:40:04,B
893,2026-05-10 00:45:59,A
894,2026-05-13 07:20:36,A
895,2026-04-25 18:46:09,A
896,2026-05-04 00:07:02,A
897,2026-04-28 12:39:13,B
898,2026-05-17 12:41:48,B
899,2026-05-04 18:41:21,B
900,2026-03-27 16:50:08,A
901,2026-03-24 14:52:01,B
902,2026-04-26 16:37:43,A
903,2026-03-01 11:09:42,A
904,2026-05-02 08:38:35,A
905,2026-04-11 05:06:39,A
906,2026-03-07 08:31:46,B
907,2026-03-26 20:52:38,A
908,2026-05-20 05:45:10,B
909,2026-03-12 07:44:50,B
910,2026-04-19 03:51:37,B
911,2026-04-15 02:27:41,B
912,2026-04-13 09:16:10,A
913,2026-03-31 10:01:47,A
914,2026-02-23 02:20:31,A
915,2026-03-05 05:24:43,B
916,2026-03-09 20:29:16,A
917,2026-03-30 20:03:28,A
918,2026-03-02 04:07:27,B
919,2026-04-11 11:32:18,B
920,2026-03-12 13:37:57,B
921,2026-03-08 08:51:15,A
922,2026-04-05 07:05:27,B
923,2026-05-10 18:28:39,B
924,2026-04-24 11:10:20,B
925,2026-05-08 01:25:30,B
926,2026-03-11 19:13:28,A
927,2026-04-05 09:32:35,B
928,2026-03-13 20:53:30,B
929,2026-03-09 11:54:35,B
930,2026-04-29 13:06:40,B
931,2026-05-01 08:48:11,A
932,2026-03-27 23:15:21,B
933,2026-04-29 03:11:20,B
934,2026-03-21 16:15:38,A
935,2026-03-12 12:42:57,A
936,2026-03-09 22:38:09,B
937,2026-04-11 09:04:04,B
938,2026-03-05 23:27:30,A
939,2026-03-26 16:41:05,B
940,2026-03-07 02:45:17,A
941,2026-05-07 07:46:14,A
942,2026-03-03 02:59:08,A
943,2026-04-13 08:05:06,A
944,2026-04-05 20:16:32,A
945,2026-05-15 20:58:52,A
946,2026-03-24 11:47:22,A
947,2026-05-06 02:26:31,B
948,2026-05-07 10:21:17,B
949,2026-05-02 12:04:16,B
950,2026-04-03 04:21:03,A
951,2026-04-12 11:24:30,B
952,2026-03-16 12:06:46,A
953,2026-03-27 13:53:31,B
954,2026-03-31 05:37:55,A
955,2026-04-06 05:31:42,A
956,2026-04-08 19:40:07,B
957,2026-02-23 11:58:44,A
958,2026-03-09 10:45:38,A
959,2026-05-08 05:03:29,B
960,2026-03-29 14:54:12,A
961,2026-03-16 08:22:38,B
962,2026-05-08 06:41:36,A
963,2026-03-03 04:13:26,B
964,2026-04-25 15:28:08,A
965,2026-03-11 09:56:36,B
966,2026-02-28 08:16:29,B
967,2026-05-09 19:56:30,B
968,2026-04-21 07:00:58,B
969,2026-05-05 09:08:50,A
970,2026-04-07 12:31:24,B
971,2026-04-04 08:02:33,A
972,2026-05-17 13:55:52,B
973,2026-03-05 10:08:28,B
974,2026-03-15 12:25:55,A
975,2026-05-17 23:14:34,B
976,2026-04-20 20:44:42,B
977,2026-04-08 19:23:30,A
978,2026-04-23 08:24:03,A
979,2026-05-13 08:53:40,A
980,2026-03-03 17:34:30,B
981,2026-02-20 00:15:24,A
982,2026-03-29 00:13:02,A
983,2026-05-12 08:26:41,B
984,2026-04-21 11:42:27,A
985,2026-04-23 14:58:21,A
986,2026-04-29 20:02:50,A
987,2026-03-31 12:08:27,B
988,2026-03-05 08:53:27,A
989,2026-03-07 11:25:01,A
990,2026-03-31 01:19:02,B
991,2026-04-09 20:19:06,B
992,2026-05-19 16:06:41,A
993,2026-03-12 10:40:48,B
994,2026-05-16 19:53:57,A
995,2026-02-27 02:26:46,B
996,2026-03-07 20:47:26,A
997,2026-05-06 00:11:27,B
998,2026-05-04 12:08:48,B
999,2026-03-04 08:53:49,A
1000,2026-04-05 20:54:20,B
1001,2026-04-17 15:42:46,B
1002,2026-03-11 03:31:55,B
1003,2026-04-05 15:58:49,B
1004,2026-05-04 13:09:52,A
1005,2026-05-06 06:49:00,A
1006,2026-03-28 15:51:22,B
1007,2026-03-10 05:15:35,B
1008,2026-03-09 18:51:48,A
1009,2026-02-25 03:37:10,B
1010,2026-04-07 17:54:59,B
1011,2026-03-30 16:26:54,B
1012,2026-02-20 02:28:30,B
1013,2026-03-04 00:21:02,B
1014,2026-03-27 11:39:24,A
1015,2026-03-26 11:44:32,A
1016,2026-05-07 21:32:56,A
1017,2026-03-01 11:02:34,B
1018,2026-05-13 06:53:10,B
1019,2026-04-19 04:56:18,B
1020,2026-03-29 23:07:27,A
1021,2026-04-17 04:42:44,A
1022,2026-02-26 22:47:54,A
1023,2026-03-18 16:24:43,B
1024,2026-04-17 04:02:58,B
1025,2026-04-28 06:35:01,B
1026,2026-03-23 12:42:47,A
1027,2026-03-27 13:39:25,B
1028,2026-04-05 03:19:20,B
1029,2026-05-06 19:14:07,B
1030,2026-02-24 16:33:39,A
1031,2026-04-12 08:30:50,A
1032,2026-02-25 03:41:42,B
1033,2026-03-20 10:07:57,B
1034,2026-03-03 00:04:13,A
1035,2026-03-06 13:44:06,A
1036,2026-05-15 18:46:31,B
1037,2026-03-04 06:05:39,B
1038,2026-05-18 06:17:52,A
1039,2026-05-10 09:16:00,B
1040,2026-05-11 01:31:44,A
1041,2026-05-14 17:59:27,B
1042,2026-03-12 21:38:49,B
1043,2026-05-12 10:09:17,B
1044,2026-04-15 07:49:40,B
1045,2026-03-18 22:08:23,B
1046,2026-03-03 12:02:19,B
1047,2026-03-27 08:00:09,B
1048,2026-03-28 11:44:00,B
1049,2026-05-18 21:19:05,B
1050,2026-04-01 10:58:32,B
1051,2026-03-06 14:24:48,B
1052,2026-05-16 01:40:33,B
1053,2026-03-08 13:44:34,A
1054,2026-05-05 10:56:19,B
1055,2026-02-20 20:55:55,B
1056,2026-04-28 02:31:25,A
1057,2026-05-13 10:17:18,A
1058,2026-05-18 22:07:46,B
1059,2026-03-10 08:06:09,A
1060,2026-03-08 15:45:36,A
1061,2026-04-29 19:40:52,B
1062,2026-04-07 15:30:33,A
1063,2026-02-28 01:53:20,A
1064,2026-04-20 19:03:27,A
1065,2026-04-26 14:21:27,B
1066,2026-05-07 02:27:15,A
1067,2026-04-13 03:04:22,A
1068,2026-05-12 07:19:06,A
1069,2026-02-23 15:12:48,A
1070,2026-04-20 15:54:58,B
1071,2026-05-03 20:29:08,A
1072,2026-04-09 06:00:38,A
1073,2026-03-26 04:30:11,B
1074,2026-03-14 02:19:41,A
1075,2026-04-27 00:45:32,A
1076,2026-03-27 08:49:21,B
1077,2026-04-01 14:23:36,A
1078,2026-04-23 11:10:59,B
1079,2026-05-06 10:39:29,B
1080,2026-05-15 20:47:37,A
1081,2026-05-13 14:51:49,B
1082,2026-05-11 08:40:40,A
1083,2026-04-05 01:00:36,A
1084,2026-04-26 13:48:15,B
1085,2026-03-24 14:04:00,A
1086,2026-04-15 22:13:54,B
1087,2026-04-16 05:35:00,A
1088,2026-05-04 06:02:36,A
1089,2026-03-07 10:46:18,B
1090,2026-03-04 00:27:49,B
1091,2026-04-14 13:38:55,A
1092,2026-04-17 06:12:35,B
1093,2026-05-01 16:53:36,A
1094,2026-04-15 19:37:51,A
1095,2026-04-02 03:32:21,A
1096,2026-04-13 19:35:07,A
1097,2026-05-03 09:19:22,B
1098,2026-03-09 12:01:40,B
1099,2026-02-22 10:06:48,B
1100,2026-03-30 19:30:08,A
1101,2026-04-05 16:07:58,A
1102,2026-04-05 07:37:51,B
1103,2026-04-18 18:16:37,B
1104,2026-03-29 13:05:18,A
1105,2026-05-10 09:43:30,B
1106,2026-03-19 03:11:05,B
1107,2026-05-07 10:31:02,A
1108,2026-02-20 15:01:23,A
1109,2026-03-19 02:28:11,B
1110,2026-05-09 05:26:03,B
1111,2026-05-07 11:22:18,B
1112,2026-04-03 16:31:04,A
1113,2026-05-04 00:59:57,A
1114,2026-05-06 10:25:25,B
1115,2026-03-06 13:12:36,A
1116,2026-05-12 16:18:28,B
1117,2026-05-14 16:23:16,B
1118,2026-05-17 07:09:15,A
1119,2026-02-22 10:24:59,A
1120,2026-05-03 12:08:41,B
1121,2026-04-08 04:00:07,B
1122,2026-04-26 02:06:56,A
1123,2026-04-06 15:05:07,A
1124,2026-05-06 19:20:02,A
1125,2026-03-01 04:53:05,B
1126,2026-03-30 00:24:09,B
1127,2026-04-26 06:26:46,A
1128,2026-04-28 11:18:02,B
1129,2026-03-05 04:02:17,B
1130,2026-05-09 20:51:32,B
1131,2026-02-28 02:24:50,B
1132,2026-04-05 01:02:29,B
1133,2026-03-24 16:34:09,A
1134,2026-02-22 05:24:37,A
1135,2026-05-10 23:02:46,A
1136,2026-03-13 11:00:18,A
1137,2026-03-03 04:53:08,A
1138,2026-03-12 18:20:39,A
1139,2026-04-05 18:04:03,A
1140,2026-02-22 22:54:03,B
1141,2026-04-22 05:47:43,A
1142,2026-03-07 23:49:23,A
1143,2026-05-17 14:03:49,B
1144,2026-04-09 11:42:42,A
1145,2026-02-25 05:20:42,B
1146,2026-05-12 19:46:21,A
1147,2026-03-03 15:08:53,B
1148,2026-03-19 11:06:59,A
1149,2026-04-26 09:06:03,A
1150,2026-05-01 04:35:13,B
1151,2026-03-25 23:25:13,A
1152,2026-04-17 01:11:44,B
1153,2026-03-21 18:43:51,B
1154,2026-04-14 09:49:23,A
1155,2026-03-06 09:10:22,A
1156,2026-03-24 06:40:05,A
1157,2026-02-27 12:37:49,A
1158,2026-04-05 02:26:03,B
1159,2026-04-26 01:06:33,A
1160,2026-04-26 00:09:24,A
1161,2026-03-19 06:56:33,B
1162,2026-04-25 23:21:47,A
1163,2026-04-02 05:02:15,B
1164,2026-04-14 18:05:42,B
1165,2026-03-24 00:45:09,B
1166,2026-05-19 21:05:50,A
1167,2026-05-03 20:23:55,B
1168,2026-05-18 06:36:02,B
1169,2026-03-08 05:53:35,A
1170,2026-04-02 02:28:56,A
1171,2026-03-11 19:05:50,A
1172,2026-04-03 18:20:03,A
1173,2026-02-23 02:46:59,B
1174,2026-04-13 08:53:12,B
1175,2026-03-01 21:35:38,B
1176,2026-05-17 18:32:32,B
1177,2026-05-11 16:57:34,A
1178,2026-03-04 13:46:53,B
1179,2026-04-06 13:54:46,A
1180,2026-04-01 21:52:22,B
1181,2026-03-09 01:39:17,B
1182,2026-04-12 20:53:07,B
1183,2026-03-16 16:03:39,A
1184,2026-05-04 09:34:54,A
1185,2026-04-03 15:06:41,A
1186,2026-02-20 20:47:17,B
1187,2026-02-25 08:28:32,A
1188,2026-02-19 23:01:42,B
1189,2026-03-30 01:34:02,B
1190,2026-04-19 11:49:27,A
1191,2026-04-15 09:42:24,A
1192,2026-02-22 01:25:50,A
1193,2026-05-17 13:01:03,B
1194,2026-04-29 13:22:49,A
1195,2026-02-27 14:52:57,B
1196,2026-04-16 15:50:22,A
1197,2026-04-23 03:24:24,B
1198,2026-04-12 16:48:16,A
1199,2026-05-12 17:52:58,B
1200,2026-04-04 08:39:01,B
1201,2026-05-05 05:02:59,B
1202,2026-02-22 13:20:46,B
1203,2026-04-28 12:36:42,B
1204,2026-04-14 12:36:58,A
1205,2026-03-10 20:08:32,B
1206,2026-03-12 12:19:02,B
1207,2026-05-19 09:46:32,A
1208,2026-03-25 18:17:29,A
1209,2026-03-01 18:06:57,A
1210,2026-03-30 08:09:32,B
1211,2026-04-13 20:35:57,B
1212,2026-05-12 21:14:15,A
1213,2026-04-02 23:27:43,A
1214,2026-03-12 16:42:28,B
1215,2026-03-01 23:58:58,B
1216,2026-03-28 15:51:06,B
1217,2026-03-27 12:49:54,B
1218,2026-05-13 02:03:47,B
1219,2026-03-10 02:16:08,B
1220,2026-05-15 08:31:19,B
1221,2026-04-17 01:37:08,A
1222,2026-05-13 00:20:06,A
1223,2026-03-30 16:14:48,A
1224,2026-04-09 12:21:37,B
1225,2026-05-14 08:25:40,B
1226,2026-05-06 02:24:46,B
1227,2026-03-10 09:34:07,A
1228,2026-02-19 23:54:11,B
1229,2026-03-19 00:46:00,A
1230,2026-04-11 00:22:10,B
1231,2026-04-27 01:10:54,A
1232,2026-03-28 18:27:31,A
1233,2026-04-07 16:10:47,A
1234,2026-05-15 06:35:19,A
1235,2026-05-17 12:57:33,B
1236,2026-03-29 02:36:42,B
1237,2026-04-09 22:38:25,B
1238,2026-04-14 17:51:33,B
1239,2026-03-30 02:23:59,B
1240,2026-05-04 17:58:27,A
1241,2026-03-18 17:09:05,A
1242,2026-05-06 06:49:13,A
1243,2026-04-20 18:53:32,B
1244,2026-03-04 20:13:47,A
1245,2026-03-04 12:39:25,A
1246,2026-04-28 16:54:49,B
1247,2026-04-29 18:56:13,B
1248,2026-04-11 23:16:00,A
1249,2026-03-29 08:29:12,A
1250,2026-05-01 11:05:02,A
1251,2026-04-01 15:07:17,B
1252,2026-03-08 14:51:11,B
1253,2026-02-26 03:37:27,A
1254,2026-05-13 13:54:58,A
1255,2026-04-03 19:01:40,A
1256,2026-04-27 13:04:05,A
1257,2026-04-01 07:35:44,A
1258,2026-03-28 21:11:25,B
1259,2026-04-19 04:24:08,A
1260,2026-04-06 03:18:51,B
1261,2026-04-13 20:55:29,B
1262,2026-03-30 07:09:09,B
1263,2026-02-28 10:22:00,B
1264,2026-04-07 04:47:31,B
1265,2026-03-30 07:56:38,A
1266,2026-05-06 04:09:24,B
1267,2026-04-12 17:35:34,B
1268,2026-03-09 22:30:38,A
1269,2026-03-28 04:02:23,B
1270,2026-03-28 07:31:14,A
1271,2026-03-12 12:17:27,A
1272,2026-03-04 08:16:59,A
1273,2026-04-01 17:33:34,A
1274,2026-04-16 13:45:48,A
1275,2026-03-07 07:50:26,B
1276,2026-04-24 12:42:20,B
1277,2026-03-09 13:33:27,B
1278,2026-03-01 15:10:49,B
1279,2026-03-21 22:03:14,B
1280,2026-03-15 16:53:00,B
1281,2026-05-07 05:58:28,A
1282,2026-05-05 01:47:19,B
1283,2026-04-18 22:33:24,B
1284,2026-03-20 16:49:47,A
1285,2026-02-27 05:19:59,A
1286,2026-04-02 23:31:12,A
1287,2026-04-07 07:57:20,A
1288,2026-02-26 15:05:10,B
1289,2026-04-16 23:50:19,B
1290,2026-03-20 15:37:26,B
1291,2026-04-18 06:44:48,B
1292,2026-04-24 09:03:05,A
1293,2026-03-14 06:07:35,A
1294,2026-03-13 21:47:49,A
1295,2026-04-01 22:00:05,A
1296,2026-02-21 05:24:02,A
1297,2026-05-20 12:15:29,B
1298,2026-05-03 11:19:18,B
1299,2026-03-18 01:10:05,A
1300,2026-02-22 08:02:35,B
1301,2026-05-13 07:42:18,B
1302,2026-05-07 13:55:22,A
1303,2026-03-16 06:20:41,A
1304,2026-04-16 07:11:27,A
1305,2026-04-11 03:13:29,A
1306,2026-04-16 22:23:57,B
1307,2026-05-18 17:40:44,B
1308,2026-02-22 13:55:55,A
1309,2026-04-01 13:33:25,B
1310,2026-05-17 16:04:17,B
1311,2026-05-09 04:37:33,B
1312,2026-03-26 06:36:34,A
1313,2026-03-19 05:47:52,A
1314,2026-03-18 03:25:46,A
1315,2026-04-11 14:58:32,A
1316,2026-05-04 08:18:35,B
1317,2026-04-22 00:29:17,A
1318,2026-02-23 19:43:28,B
1319,2026-05-02 12:01:22,B
1320,2026-05-11 15:39:44,B
1321,2026-05-03 10:29:10,A
1322,2026-03-01 21:14:10,B
1323,2026-02-24 22:17:49,A
1324,2026-04-20 00:02:20,A
1325,2026-05-14 05:16:04,A
1326,2026-05-04 15:14:18,A
1327,2026-04-11 05:15:32,B
1328,2026-05-08 22:12:58,A
1329,2026-04-17 16:36:51,B
1330,2026-04-21 05:41:42,A
1331,2026-05-19 00:03:25,A
1332,2026-04-09 12:15:56,A
1333,2026-03-05 08:18:34,A
1334,2026-03-21 00:38:36,A
1335,2026-04-27 07:14:27,B
1336,2026-03-23 14:12:42,B
1337,2026-05-17 01:43:17,A
1338,2026-04-07 12:47:42,B
1339,2026-05-04 04:39:46,B
1340,2026-05-06 21:16:17,A
1341,2026-03-15 23:46:40,A
1342,2026-05-13 14:36:17,A
1343,2026-04-15 14:29:44,B
1344,2026-04-08 18:25:23,A
1345,2026-04-05 02:24:05,B
1346,2026-04-30 02:06:57,B
1347,2026-03-15 17:48:13,B
1348,2026-05-08 10:00:15,A
1349,2026-04-27 01:47:54,B
1350,2026-03-11 17:30:35,A
1351,2026-04-21 06:26:33,B
1352,2026-04-12 12:05:37,B
1353,2026-03-22 01:53:44,A
1354,2026-05-12 23:51:34,A
1355,2026-05-13 07:24:23,B
1356,2026-03-13 17:27:37,A
1357,2026-02-23 16:55:24,B
1358,2026-03-08 16:52:39,A
1359,2026-04-09 03:39:47,A
1360,2026-03-27 18:53:02,B
1361,2026-04-11 14:02:50,B
1362,2026-05-07 03:43:26,B
1363,2026-04-24 20:45:29,B
1364,2026-05-10 13:32:17,B
1365,2026-03-15 18:26:32,A
1366,2026-04-13 07:47:41,B
1367,2026-05-10 02:57:46,B
1368,2026-02-28 02:06:38,A
1369,2026-04-23 22:57:06,A
1370,2026-03-20 08:10:45,B
1371,2026-04-18 17:48:11,A
1372,2026-03-24 06:39:37,A
1373,2026-04-28 10:21:11,A
1374,2026-05-05 01:51:27,B
1375,2026-04-06 18:31:39,B
1376,2026-03-26 12:00:24,A
1377,2026-05-19 15:17:59,A
1378,2026-03-15 21:11:21,B
1379,2026-04-24 10:59:19,A
1380,2026-04-25 02:16:58,A
1381,2026-03-03 08:23:22,A
1382,2026-03-18 19:20:38,B
1383,2026-04-08 07:20:45,A
1384,2026-04-10 03:41:12,A
1385,2026-03-12 20:47:22,A
1386,2026-03-20 16:03:42,A
1387,2026-04-06 14:02:09,A
1388,2026-03-07 06:40:08,B
1389,2026-04-21 18:34:54,B
1390,2026-03-18 08:08:02,A
1391,2026-04-28 08:25:42,B
1392,2026-03-17 04:23:24,A
1393,2026-02-26 21:25:30,B
1394,2026-05-18 17:59:19,A
1395,2026-03-17 02:22:41,B
1396,2026-04-29 11:51:56,A
1397,2026-04-02 14:10:13,A
1398,2026-04-16 07:12:37,B
1399,2026-03-02 00:53:39,A
1400,2026-03-08 04:45:20,B
1401,2026-03-16 21:37:45,B
1402,2026-05-13 00:45:53,B
1403,2026-04-28 06:24:03,A
1404,2026-04-27 10:33:25,A
1405,2026-03-16 20:44:26,B
1406,2026-03-16 15:46:09,A
1407,2026-04-03 17:49:10,B
1408,2026-02-21 19:39:20,A
1409,2026-03-28 04:56:03,A
1410,2026-05-12 09:27:28,A
1411,2026-03-11 16:58:13,B
1412,2026-05-16 00:53:31,A
1413,2026-02-21 08:13:16,B
1414,2026-05-15 13:27:25,A
1415,2026-04-21 14:23:12,B
1416,2026-05-12 04:21:32,B
1417,2026-05-16 23:43:38,A
1418,2026-02-25 17:59:42,B
1419,2026-03-16 10:34:57,B
1420,2026-03-19 17:23:13,B
1421,2026-03-18 16:34:09,B
1422,2026-03-25 05:46:30,A
1423,2026-05-12 16:44:54,A
1424,2026-02-26 08:02:15,A
1425,2026-05-07 00:26:37,B
1426,2026-03-13 15:38:38,A
1427,2026-05-11 02:42:52,B
1428,2026-03-23 16:25:55,A
1429,2026-04-23 23:22:22,B
1430,2026-05-15 21:37:17,A
1431,2026-03-08 04:03:12,B
1432,2026-05-03 13:43:56,B
1433,2026-03-05 03:57:20,B
1434,2026-04-24 03:29:58,B
1435,2026-03-10 21:06:03,A
1436,2026-04-17 20:09:32,B
1437,2026-02-24 09:24:23,B
1438,2026-04-21 20:42:32,A
1439,2026-04-28 19:01:00,B
1440,2026-04-12 04:16:05,B
1441,2026-02-22 03:01:34,A
1442,2026-05-02 18:48:38,B
1443,2026-05-19 09:50:45,B
1444,2026-05-14 19:11:37,A
1445,2026-04-30 07:49:11,A
1446,2026-03-27 20:52:33,B
1447,2026-04-10 16:12:11,A
1448,2026-05-14 17:02:23,A
1449,2026-05-09 04:22:51,B
1450,2026-04-02 18:30:03,A
1451,2026-03-17 01:57:00,B
1452,2026-05-03 16:26:08,A
1453,2026-03-07 21:53:00,A
1454,2026-04-25 17:36:52,B
1455,2026-02-24 08:37:18,B
1456,2026-04-14 18:34:44,B
1457,2026-03-16 16:24:37,A
1458,2026-03-04 07:19:39,B
1459,2026-03-04 05:03:11,B
1460,2026-04-25 23:02:32,B
1461,2026-04-17 12:36:42,B
1462,2026-05-13 13:52:00,B
1463,2026-03-25 15:15:38,B
1464,2026-03-05 04:46:35,A
1465,2026-04-10 02:04:14,A
1466,2026-02-28 06:59:00,A
1467,2026-04-20 17:06:09,A
1468,2026-04-08 07:44:50,B
1469,2026-03-27 09:39:35,B
1470,2026-03-03 06:45:23,A
1471,2026-03-05 14:53:30,B
1472,2026-04-21 18:07:50,A
1473,2026-04-06 01:28:49,A
1474,2026-05-01 13:17:00,B
1475,2026-04-16 17:33:42,A
1476,2026-03-08 11:45:04,A
1477,2026-03-10 12:54:47,B
1478,2026-02-25 09:37:19,A
1479,2026-04-01 23:52:56,A
1480,2026-02-22 01:15:00,A
1481,2026-02-22 21:55:04,A
1482,2026-04-05 02:29:15,A
1483,2026-02-27 15:49:18,B
1484,2026-04-24 02:36:35,A
1485,2026-03-23 06:44:25,A
1486,2026-05-12 20:44:00,B
1487,2026-03-30 00:53:09,A
1488,2026-04-09 14:25:08,A
1489,2026-04-07 17:13:12,B
1490,2026-05-09 22:55:53,A
1491,2026-05-18 04:02:29,A
1492,2026-04-09 14:54:22,A
1493,2026-03-09 00:17:42,A
1494,2026-05-06 00:22:36,A
1495,2026-05-14 08:20:13,A
1496,2026-04-27 03:38:31,A
1497,2026-02-26 12:16:29,B
1498,2026-03-27 09:34:37,B
1499,2026-04-25 05:31:31,B
1500,2026-04-19 16:59:23,B
1501,2026-05-14 08:29:14,B
1502,2026-04-17 10:23:45,B
1503,2026-04-05 20:19:14,B
1504,2026-03-24 10:52:04,B
1505,2026-04-22 13:02:18,A
1506,2026-05-12 09:15:06,B
1507,2026-04-19 10:06:24,B
1508,2026-04-13 19:11:03,B
1509,2026-04-19 06:49:05,B
1510,2026-02-27 19:41:38,B
1511,2026-03-26 03:10:46,B
1512,2026-04-14 11:14:31,B
1513,2026-05-05 06:43:38,A
1514,2026-02-26 17:39:01,A
1515,2026-03-15 11:42:15,A
1516,2026-04-16 17:27:07,B
1517,2026-04-28 05:29:42,B
1518,2026-03-31 07:11:02,B
1519,2026-02-26 23:19:50,A
1520,2026-02-28 18:02:19,B
1521,2026-03-22 14:36:25,A
1522,2026-04-28 22:36:14,B
1523,2026-05-05 16:17:05,B
1524,2026-04-19 12:43:15,B
1525,2026-04-25 04:27:38,A
1526,2026-02-20 06:00:45,B
1527,2026-05-08 10:53:39,B
1528,2026-02-22 01:01:12,B
1529,2026-04-30 18:58:44,B
1530,2026-02-28 00:12:45,B
1531,2026-03-15 13:22:44,A
1532,2026-03-10 16:43:39,B
1533,2026-05-09 02:19:22,B
1534,2026-03-15 10:01:37,A
1535,2026-04-19 12:11:02,A
1536,2026-03-30 06:44:14,A
1537,2026-03-16 18:44:55,A
1538,2026-05-15 02:20:36,A
1539,2026-04-17 22:26:21,A
1540,2026-04-15 18:41:19,B
1541,2026-04-30 22:41:54,B
1542,2026-04-04 22:21:35,B
1543,2026-05-18 22:52:07,B
1544,2026-04-28 19:53:02,B
1545,2026-03-16 16:11:02,A
1546,2026-04-18 02:13:43,B
1547,2026-03-27 11:11:01,B
1548,2026-05-12 20:54:38,B
1549,2026-05-18 18:39:56,B
1550,2026-03-20 20:36:44,A
1551,2026-05-01 13:55:34,B
1552,2026-04-27 16:05:58,B
1553,2026-03-18 11:09:45,A
1554,2026-05-20 00:04:45,A
1555,2026-03-09 20:42:30,A
1556,2026-04-23 10:25:20,A
1557,2026-04-29 08:27:58,A
1558,2026-03-29 13:28:54,A
1559,2026-03-17 13:52:01,B
1560,2026-03-03 13:12:21,A
1561,2026-05-16 15:09:50,A
1562,2026-03-07 22:31:07,B
1563,2026-04-03 07:02:58,A
1564,2026-03-10 22:38:59,B
1565,2026-05-07 09:45:16,A
1566,2026-04-08 02:23:39,B
1567,2026-04-01 23:07:28,A
1568,2026-03-11 16:34:51,A
1569,2026-05-02 12:20:02,A
1570,2026-03-03 16:29:28,B
1571,2026-04-09 21:57:46,A
1572,2026-05-16 10:28:10,A
1573,2026-03-20 14:34:34,A
1574,2026-05-07 13:26:40,A
1575,2026-03-10 20:56:56,B
1576,2026-05-11 19:01:08,A
1577,2026-05-03 22:31:36,B
1578,2026-04-20 06:29:57,A
1579,2026-05-01 07:07:54,A
1580,2026-03-02 08:46:34,A
1581,2026-03-25 00:52:48,B
1582,2026-05-03 02:46:47,A
1583,2026-05-14 09:17:51,B
1584,2026-03-19 19:25:59,B
1585,2026-05-08 04:16:03,A
1586,2026-05-15 03:28:38,B
1587,2026-05-08 17:22:48,A
1588,2026-03-25 13:18:09,B
1589,2026-04-12 23:41:42,B
1590,2026-04-15 19:36:39,A
1591,2026-05-19 13:31:05,B
1592,2026-05-20 08:58:15,A
1593,2026-04-02 08:14:40,A
1594,2026-04-06 14:29:13,B
1595,2026-04-13 21:45:19,B
1596,2026-04-21 05:02:09,B
1597,2026-05-09 21:51:30,A
1598,2026-04-18 00:57:52,A
1599,2026-03-11 21:22:54,A
1600,2026-03-14 11:49:25,B
1601,2026-04-25 04:28:36,B
1602,2026-04-23 11:28:44,B
1603,2026-05-09 06:53:55,A
1604,2026-04-14 01:49:36,A
1605,2026-04-19 20:06:49,A
1606,2026-02-23 07:56:28,A
1607,2026-05-10 11:52:59,A
1608,2026-02-27 07:12:15,B
1609,2026-03-30 23:43:30,B
1610,2026-04-22 05:59:01,A
1611,2026-03-08 13:05:28,A
1612,2026-03-15 10:11:26,B
1613,2026-05-11 11:11:22,B
1614,2026-05-19 18:06:57,B
1615,2026-04-21 18:56:39,A
1616,2026-03-28 07:48:09,B
1617,2026-05-17 13:41:46,A
1618,2026-03-02 16:47:29,B
1619,2026-02-26 20:26:56,B
1620,2026-03-17 21:22:47,A
1621,2026-03-28 07:43:28,B
1622,2026-02-25 23:39:50,B
1623,2026-04-28 01:38:38,A
1624,2026-02-26 13:30:53,A
1625,2026-03-08 07:08:50,B
1626,2026-04-27 23:55:20,A
1627,2026-04-24 11:39:49,A
1628,2026-04-11 15:31:37,B
1629,2026-03-17 17:21:34,A
1630,2026-03-18 23:31:23,A
1631,2026-05-11 15:51:27,B
1632,2026-02-27 17:59:39,A
1633,2026-05-15 09:19:03,B
1634,2026-05-06 02:08:25,A
1635,2026-05-08 11:20:36,A
1636,2026-02-26 09:41:57,A
1637,2026-04-13 08:46:30,B
1638,2026-03-06 17:35:56,A
1639,2026-03-25 01:24:41,B
1640,2026-04-13 16:04:20,A
1641,2026-05-14 00:20:53,A
1642,2026-03-27 02:26:27,A
1643,2026-03-12 08:36:24,A
1644,2026-03-01 04:22:33,A
1645,2026-03-20 11:49:09,A
1646,2026-04-05 22:14:55,A
1647,2026-03-13 05:25:50,B
1648,2026-05-14 20:55:28,B
1649,2026-05-05 18:26:50,B
1650,2026-02-26 17:00:59,B
1651,2026-04-26 21:22:37,B
1652,2026-02-22 23:59:17,B
1653,2026-04-29 20:24:32,A
1654,2026-03-11 16:45:09,A
1655,2026-05-19 03:15:58,B
1656,2026-04-01 15:54:09,A
1657,2026-04-13 11:21:18,B
1658,2026-03-15 16:19:23,A
1659,2026-03-18 05:15:10,B
1660,2026-04-22 14:45:31,B
1661,2026-02-28 07:25:24,A
1662,2026-05-14 08:23:02,A
1663,2026-03-31 20:06:28,A
1664,2026-02-23 11:57:31,A
1665,2026-05-19 03:25:32,B
1666,2026-02-24 23:37:56,B
1667,2026-04-27 19:23:04,A
1668,2026-04-23 11:36:27,B
1669,2026-05-16 17:38:53,A
1670,2026-03-18 09:30:43,B
1671,2026-04-25 16:28:05,A
1672,2026-04-23 14:38:38,B
1673,2026-03-16 22:50:45,B
1674,2026-03-17 13:38:29,B
1675,2026-04-23 16:15:02,A
1676,2026-04-13 16:12:53,B
1677,2026-04-15 11:25:30,B
1678,2026-02-25 21:38:19,A
1679,2026-03-08 23:26:43,B
1680,2026-03-14 20:19:25,A
1681,2026-05-20 00:38:17,A
1682,2026-03-08 23:13:19,A
1683,2026-03-18 13:03:34,B
1684,2026-03-20 17:37:15,A
1685,2026-04-12 13:36:04,B
1686,2026-03-19 23:50:18,B
1687,2026-04-17 00:37:17,A
1688,2026-03-13 04:53:21,B
1689,2026-03-17 15:06:57,B
1690,2026-05-17 11:20:29,B
1691,2026-03-29 04:21:21,B
1692,2026-04-02 05:54:01,B
1693,2026-05-12 03:26:48,A
1694,2026-04-02 15:19:59,A
1695,2026-03-24 21:59:21,A
1696,2026-03-19 01:10:26,A
1697,2026-03-12 18:15:55,A
1698,2026-03-12 10:28:38,A
1699,2026-05-12 13:25:50,B
1700,2026-03-12 05:20:58,B
1701,2026-04-13 07:27:20,B
1702,2026-03-28 10:24:41,B
1703,2026-02-24 21:39:24,A
1704,2026-02-24 17:30:21,A
1705,2026-04-03 09:42:00,B
1706,2026-02-20 23:42:16,B
1707,2026-04-05 10:15:32,B
1708,2026-04-13 20:59:42,B
1709,2026-05-20 12:55:17,A
1710,2026-03-25 09:23:56,B
1711,2026-05-19 07:02:13,B
1712,2026-03-31 11:00:55,A
1713,2026-03-25 13:29:58,B
1714,2026-05-12 12:05:00,B
1715,2026-03-19 14:37:14,A
1716,2026-03-01 15:07:18,B
1717,2026-04-15 00:23:11,B
1718,2026-03-13 03:04:08,B
1719,2026-04-26 04:02:36,A
1720,2026-03-20 14:48:57,A
1721,2026-04-17 00:19:28,A
1722,2026-04-14 20:26:38,B
1723,2026-04-20 16:03:38,B
1724,2026-03-31 01:31:41,B
1725,2026-03-06 11:42:34,B
1726,2026-04-03 18:09:00,B
1727,2026-04-24 11:23:55,B
1728,2026-04-28 04:04:30,A
1729,2026-04-30 16:35:35,A
1730,2026-03-21 12:04:41,A
1731,2026-02-26 05:44:51,A
1732,2026-05-13 14:01:20,B
1733,2026-04-19 07:25:22,B
1734,2026-02-25 12:16:05,A
1735,2026-04-12 18:34:58,B
1736,2026-04-04 07:21:06,A
1737,2026-03-17 07:45:44,A
1738,2026-03-25 23:59:24,A
1739,2026-03-24 20:34:47,B
1740,2026-04-29 08:24:34,A
1741,2026-04-27 02:01:37,A
1742,2026-02-23 11:33:53,B
1743,2026-05-20 14:34:41,B
1744,2026-03-10 12:46:45,A
1745,2026-02-23 13:52:23,A
1746,2026-05-20 06:05:11,A
1747,2026-02-20 13:02:20,A
1748,2026-04-01 08:54:13,A
1749,2026-05-07 13:32:27,B
1750,2026-05-01 23:00:36,B
1751,2026-04-18 07:20:19,A
1752,2026-02-20 18:36:21,B
1753,2026-03-27 11:15:15,B
1754,2026-04-25 03:02:56,B
1755,2026-03-08 20:25:52,B
1756,2026-03-18 19:07:22,A
1757,2026-04-07 07:32:25,A
1758,2026-03-25 07:49:43,B
1759,2026-04-11 14:17:20,A
1760,2026-04-14 04:02:10,B
1761,2026-02-25 01:10:45,A
1762,2026-03-02 09:26:47,A
1763,2026-04-20 12:12:08,A
1764,2026-05-10 11:07:47,A
1765,2026-02-20 10:38:15,B
1766,2026-03-14 16:17:15,B
1767,2026-05-11 20:33:46,A
1768,2026-04-17 01:31:58,B
1769,2026-05-13 04:37:21,A
1770,2026-03-27 11:42:26,B
1771,2026-05-15 23:18:37,A
1772,2026-04-06 01:07:55,A
1773,2026-03-07 20:22:48,B
1774,2026-02-28 13:20:03,B
1775,2026-05-04 04:29:54,B
1776,2026-04-03 04:35:25,B
1777,2026-03-14 20:44:21,A
1778,2026-04-06 11:34:13,A
1779,2026-03-01 08:18:58,B
1780,2026-05-15 17:27:41,B
1781,2026-04-14 19:07:23,B
1782,2026-02-21 01:30:31,B
1783,2026-03-01 08:47:00,A
1784,2026-04-15 19:12:08,B
1785,2026-02-21 11:11:51,A
1786,2026-02-21 08:54:15,A
1787,2026-05-19 12:48:04,A
1788,2026-04-06 15:21:06,A
1789,2026-03-26 17:49:04,B
1790,2026-05-15 08:45:17,A
1791,2026-02-24 23:25:47,B
1792,2026-04-23 20:36:16,A
1793,2026-03-26 12:40:14,B
1794,2026-04-06 03:40:34,B
1795,2026-02-21 22:59:39,B
1796,2026-05-11 15:52:37,A
1797,2026-05-01 15:38:14,A
1798,2026-03-11 19:50:04,A
1799,2026-04-19 16:26:00,B
1800,2026-03-15 04:05:30,B
1801,2026-04-06 19:25:35,B
1802,2026-02-26 13:05:54,A
1803,2026-04-27 17:05:39,A
1804,2026-03-12 19:55:35,B
1805,2026-04-10 19:44:51,A
1806,2026-05-13 19:57:58,A
1807,2026-05-17 20:49:24,A
1808,2026-05-03 11:06:02,A
1809,2026-04-05 17:57:36,B
1810,2026-03-18 08:54:29,A
1811,2026-03-29 00:54:06,A
1812,2026-03-13 18:21:30,A
1813,2026-04-15 17:20:59,B
1814,2026-03-26 20:08:45,A
1815,2026-04-15 08:46:20,B
1816,2026-04-29 21:59:35,A
1817,2026-04-15 02:18:35,A
1818,2026-04-14 16:59:50,B
1819,2026-03-12 09:16:42,A
1820,2026-05-19 07:57:24,A
1821,2026-03-19 16:46:40,A
1822,2026-03-17 13:18:35,A
1823,2026-03-15 15:32:05,A
1824,2026-03-21 06:27:25,A
1825,2026-04-18 06:15:05,B
1826,2026-03-27 01:19:11,A
1827,2026-04-13 19:19:13,B
1828,2026-03-04 16:50:49,A
1829,2026-02-23 15:57:20,A
1830,2026-05-14 00:46:55,A
1831,2026-03-17 09:45:18,A
1832,2026-03-11 00:01:10,A
1833,2026-03-21 19:58:57,B
1834,2026-03-15 12:31:59,B
1835,2026-05-09 18:42:27,B
1836,2026-02-24 16:19:43,B
1837,2026-04-04 06:32:34,B
1838,2026-05-10 22:04:05,B
1839,2026-05-18 11:19:46,A
1840,2026-03-26 10:06:42,A
1841,2026-02-26 21:45:48,A
1842,2026-03-25 01:07:28,B
1843,2026-04-12 06:01:58,B
1844,2026-04-05 03:21:04,A
1845,2026-04-07 12:19:46,B
1846,2026-05-06 02:28:22,A
1847,2026-03-24 16:15:59,B
1848,2026-04-04 08:36:54,A
1849,2026-04-18 09:49:43,A
1850,2026-03-31 03:09:28,A
1851,2026-03-12 21:05:10,A
1852,2026-03-02 23:10:57,A
1853,2026-03-03 05:27:12,A
1854,2026-05-18 10:12:57,A
1855,2026-04-02 00:46:42,A
1856,2026-04-04 01:32:30,B
1857,2026-04-26 12:32:30,B
1858,2026-02-26 03:38:05,B
1859,2026-05-04 14:44:36,B
1860,2026-03-13 06:58:54,B
1861,2026-04-07 06:46:08,A
1862,2026-03-23 06:02:08,B
1863,2026-03-10 02:23:51,A
1864,2026-04-15 06:36:39,A
1865,2026-05-15 09:16:34,B
1866,2026-05-09 01:17:58,A
1867,2026-04-01 10:17:38,A
1868,2026-03-05 17:06:31,B
1869,2026-03-26 07:08:57,B
1870,2026-02-23 07:35:29,A
1871,2026-05-13 19:18:52,B
1872,2026-05-09 12:05:06,A
1873,2026-04-09 08:32:11,B
1874,2026-05-11 16:26:08,B
1875,2026-04-15 13:32:57,B
1876,2026-03-21 18:41:15,B
1877,2026-04-22 01:16:55,A
1878,2026-03-03 03:13:00,B
1879,2026-03-09 04:20:22,A
1880,2026-03-21 00:51:10,A
1881,2026-03-15 04:01:13,A
1882,2026-04-03 00:34:04,B
1883,2026-05-08 01:23:02,B
1884,2026-02-20 05:57:04,B
1885,2026-02-28 05:46:27,A
1886,2026-05-05 13:23:27,B
1887,2026-02-28 06:10:36,A
1888,2026-05-13 06:03:47,A
1889,2026-04-06 02:56:56,A
1890,2026-04-29 15:12:59,B
1891,2026-04-28 18:50:31,B
1892,2026-04-12 22:38:02,B
1893,2026-04-25 22:18:34,B
1894,2026-04-11 20:35:24,B
1895,2026-03-08 09:17:20,B
1896,2026-03-04 07:17:18,B
1897,2026-04-23 15:46:54,A
1898,2026-05-08 02:41:47,A
1899,2026-03-17 08:19:31,A
1900,2026-02-26 23:01:53,A
1901,2026-04-29 19:28:44,A
1902,2026-03-18 03:43:22,B
1903,2026-04-06 14:30:06,B
1904,2026-04-07 17:09:34,A
1905,2026-03-08 22:40:50,B
1906,2026-04-15 19:30:27,A
1907,2026-03-04 01:25:13,A
1908,2026-04-25 06:31:35,A
1909,2026-05-10 03:44:30,A
1910,2026-04-08 03:09:28,A
1911,2026-02-20 06:13:07,B
1912,2026-03-20 14:20:28,A
1913,2026-04-11 11:03:10,B
1914,2026-03-29 00:27:04,A
1915,2026-04-08 00:21:55,B
1916,2026-04-06 05:07:05,A
1917,2026-04-19 08:27:25,A
1918,2026-03-22 01:17:11,A
1919,2026-04-07 00:28:59,B
1920,2026-03-28 11:18:16,A
1921,2026-03-19 20:24:30,B
1922,2026-03-22 14:18:33,B
1923,2026-05-19 05:28:24,A
1924,2026-05-13 21:11:45,B
1925,2026-04-20 09:25:12,B
1926,2026-04-21 19:07:29,A
1927,2026-04-18 13:47:18,A
1928,2026-03-10 06:07:43,A
1929,2026-03-06 21:12:39,A
1930,2026-05-19 09:28:22,B
1931,2026-04-04 20:57:56,B
1932,2026-04-06 15:23:56,A
1933,2026-03-22 05:37:18,B
1934,2026-04-29 13:53:15,B
1935,2026-03-05 18:57:42,A
1936,2026-04-24 10:10:12,A
1937,2026-04-27 18:51:55,A
1938,2026-03-17 02:10:27,B
1939,2026-03-21 09:35:09,A
1940,2026-02-22 00:24:33,A
1941,2026-03-26 11:42:03,A
1942,2026-05-06 05:26:27,A
1943,2026-03-17 05:42:57,A
1944,2026-05-03 03:34:29,A
1945,2026-03-28 07:32:46,B
1946,2026-05-16 23:28:04,A
1947,2026-04-18 18:45:54,B
1948,2026-03-02 09:54:21,B
1949,2026-02-27 11:03:08,A
1950,2026-03-22 12:17:34,A
1951,2026-04-16 19:03:58,B
1952,2026-04-19 20:40:32,B
1953,2026-03-06 12:07:56,A
1954,2026-02-25 21:32:17,B
1955,2026-05-07 17:50:51,B
1956,2026-03-29 23:39:38,A
1957,2026-04-15 01:56:44,B
1958,2026-03-11 15:24:40,B
1959,2026-05-09 20:13:04,B
1960,2026-04-14 15:46:03,B
1961,2026-04-28 22:51:27,B
1962,2026-03-20 07:21:27,A
1963,2026-03-06 01:42:52,A
1964,2026-04-25 21:50:02,A
1965,2026-03-10 11:24:48,B
1966,2026-02-22 00:21:12,B
1967,2026-04-16 02:12:49,A
1968,2026-03-10 03:25:18,B
1969,2026-04-14 00:51:34,B
1970,2026-05-16 09:47:41,A
1971,2026-04-29 09:21:36,A
1972,2026-04-27 05:34:17,B
1973,2026-02-23 07:32:20,A
1974,2026-03-14 00:41:23,A
1975,2026-02-25 14:51:43,B
1976,2026-04-13 12:41:57,B
1977,2026-03-12 04:59:07,B
1978,2026-03-13 23:25:44,B
1979,2026-02-20 14:37:00,B
1980,2026-05-04 23:21:55,A
1981,2026-04-14 00:48:33,B
1982,2026-04-23 21:49:28,A
1983,2026-04-14 12:53:03,B
1984,2026-04-08 13:14:46,B
1985,2026-05-01 17:30:43,B
1986,2026-03-26 07:12:44,A
1987,2026-05-11 20:59:31,B
1988,2026-03-11 04:04:10,A
1989,2026-05-03 16:20:16,A
1990,2026-03-15 03:12:53,B
1991,2026-04-17 00:47:37,B
1992,2026-03-02 19:36:08,A
1993,2026-05-04 16:11:35,B
1994,2026-04-28 22:05:35,B
1995,2026-05-12 14:41:20,A
1996,2026-04-29 07:48:33,A
1997,2026-04-07 15:55:16,B
1998,2026-03-08 06:42:33,B
1999,2026-04-09 13:17:16,B
2000,2026-05-19 17:50:55,A
2001,2026-02-22 05:52:11,A
2002,2026-05-07 19:43:06,B
2003,2026-04-28 04:05:31,A
2004,2026-05-09 20:50:09,A
2005,2026-05-03 04:36:51,A
2006,2026-05-08 08:14:28,A
2007,2026-03-25 04:24:05,A
2008,2026-04-19 19:30:22,A
2009,2026-03-14 02:58:01,A
2010,2026-05-05 23:48:02,B
2011,2026-05-17 04:38:04,B
2012,2026-03-28 19:09:16,B
2013,2026-03-07 17:08:54,B
2014,2026-03-15 05:16:52,B
2015,2026-03-10 02:57:21,B
2016,2026-05-05 01:22:19,B
2017,2026-04-06 05:59:00,B
2018,2026-04-10 02:49:29,A
2019,2026-04-18 05:18:16,B
2020,2026-04-03 14:07:08,B
2021,2026-03-14 06:24:22,B
2022,2026-04-30 11:11:07,B
2023,2026-04-06 02:18:46,A
2024,2026-02-26 12:01:50,B
2025,2026-03-10 21:34:00,A
2026,2026-04-22 17:36:57,A
2027,2026-02-25 17:08:58,B
2028,2026-04-27 00:18:29,B
2029,2026-05-06 10:25:10,A
2030,2026-05-04 11:32:53,B
2031,2026-03-28 00:21:18,B
2032,2026-04-25 13:44:34,B
2033,2026-03-23 03:56:57,A
2034,2026-05-13 10:55:32,B
2035,2026-05-08 04:16:15,B
2036,2026-04-26 16:28:05,B
2037,2026-03-21 16:51:28,B
2038,2026-03-10 00:53:30,A
2039,2026-02-24 01:39:15,A
2040,2026-05-18 05:31:25,B
2041,2026-03-09 17:31:46,A
2042,2026-04-10 14:29:29,A
2043,2026-03-05 06:14:38,A
2044,2026-04-30 11:59:44,B
2045,2026-04-23 05:08:17,A
2046,2026-05-18 16:06:38,B
2047,2026-05-19 23:36:41,B
2048,2026-03-08 15:25:59,B
2049,2026-03-12 23:18:25,A
2050,2026-03-16 08:26:34,B
2051,2026-02-25 09:21:50,A
2052,2026-03-11 08:45:51,B
2053,2026-03-10 12:53:40,A
2054,2026-03-28 07:12:10,A
2055,2026-04-07 00:04:14,B
2056,2026-03-01 17:56:41,A
2057,2026-03-27 05:14:38,B
2058,2026-05-18 18:30:44,B
2059,2026-03-30 18:22:35,A
2060,2026-05-18 20:01:49,B
2061,2026-04-01 02:16:13,B
2062,2026-02-20 17:59:35,A
2063,2026-02-26 02:32:44,B
2064,2026-05-16 20:45:45,B
2065,2026-04-14 08:09:59,A
2066,2026-04-05 11:14:07,A
2067,2026-05-20 08:54:28,B
2068,2026-04-25 03:42:39,B
2069,2026-03-21 07:28:52,A
2070,2026-03-29 22:06:23,A
2071,2026-02-26 05:28:21,B
2072,2026-03-30 02:19:59,B
2073,2026-04-22 20:05:15,A
2074,2026-03-18 14:01:00,B
2075,2026-04-08 08:26:37,B
2076,2026-04-30 08:56:42,A
2077,2026-03-15 06:04:22,B
2078,2026-05-07 19:25:18,A
2079,2026-05-04 02:39:49,B
2080,2026-03-18 12:21:41,A
2081,2026-04-14 17:48:24,B
2082,2026-05-18 16:46:53,A
2083,2026-05-17 01:24:07,B
2084,2026-04-13 04:00:23,A
2085,2026-03-20 20:55:17,A
2086,2026-03-06 16:43:16,B
2087,2026-05-08 08:15:06,B
2088,2026-02-27 09:53:09,B
2089,2026-05-11 11:14:28,A
2090,2026-03-06 06:30:39,B
2091,2026-04-13 19:25:49,A
2092,2026-03-11 00:00:17,B
2093,2026-03-19 21:10:43,A
2094,2026-05-17 17:59:51,B
2095,2026-05-17 03:10:26,A
2096,2026-04-02 08:14:00,B
2097,2026-03-06 01:18:57,B
2098,2026-04-24 20:34:53,A
2099,2026-04-20 07:38:40,A
2100,2026-04-02 10:39:53,B
2101,2026-04-08 20:32:57,A
2102,2026-04-30 09:43:13,A
2103,2026-04-03 21:55:07,A
2104,2026-03-26 12:45:29,A
2105,2026-03-10 21:39:53,A
2106,2026-03-18 09:40:46,A
2107,2026-03-07 20:06:12,A
2108,2026-04-21 06:25:30,B
2109,2026-04-03 08:50:21,A
2110,2026-03-14 03:42:48,B
2111,2026-02-23 01:45:25,B
2112,2026-03-28 13:11:53,A
2113,2026-02-26 21:59:08,A
2114,2026-04-20 08:09:54,A
2115,2026-04-07 00:40:40,B
2116,2026-03-19 15:59:17,A
2117,2026-04-06 14:55:25,A
2118,2026-05-08 10:47:35,A
2119,2026-04-22 09:42:05,B
2120,2026-05-01 14:02:25,B
2121,2026-02-20 09:11:17,A
2122,2026-04-07 22:54:19,A
2123,2026-05-05 00:29:03,B
2124,2026-02-23 01:37:58,B
2125,2026-05-15 05:37:20,A
2126,2026-04-25 08:15:53,A
2127,2026-02-21 10:45:27,A
2128,2026-04-27 18:59:37,A
2129,2026-04-25 22:23:39,B
2130,2026-05-05 06:54:36,B
2131,2026-04-18 14:32:30,A
2132,2026-04-12 05:47:19,A
2133,2026-05-14 12:49:21,B
2134,2026-03-28 12:56:49,B
2135,2026-04-19 13:07:46,A
2136,2026-02-25 10:17:37,A
2137,2026-03-07 10:56:19,B
2138,2026-02-27 15:12:33,A
2139,2026-04-05 16:02:20,B
2140,2026-04-03 20:57:05,B
2141,2026-03-16 18:39:24,B
2142,2026-03-17 21:01:04,B
2143,2026-03-28 23:10:53,B
2144,2026-04-08 11:05:49,A
2145,2026-04-29 19:56:25,B
2146,2026-04-26 21:39:50,A
2147,2026-02-20 22:02:45,B
2148,2026-05-17 19:41:16,A
2149,2026-02-28 03:52:18,B
2150,2026-05-18 05:53:50,B
2151,2026-03-21 10:23:56,A
2152,2026-05-19 21:37:42,B
2153,2026-05-12 20:35:48,B
2154,2026-05-17 06:51:29,B
2155,2026-02-24 06:46:47,B
2156,2026-05-10 00:03:34,A
2157,2026-04-30 05:40:02,B
2158,2026-03-24 09:35:52,A
2159,2026-03-25 01:34:42,B
2160,2026-04-27 20:51:54,A
2161,2026-05-11 22:48:22,B
2162,2026-03-22 08:40:33,B
2163,2026-04-04 05:13:20,B
2164,2026-02-22 21:30:15,A
2165,2026-04-07 16:05:16,B
2166,2026-03-02 15:28:25,A
2167,2026-04-30 06:36:04,B
2168,2026-03-05 12:19:42,A
2169,2026-04-15 01:27:31,A
2170,2026-04-05 02:23:17,B
2171,2026-04-17 12:29:31,A
2172,2026-04-05 00:39:51,B
2173,2026-04-02 17:46:16,B
2174,2026-03-08 20:46:37,A
2175,2026-05-07 18:55:17,A
2176,2026-04-12 14:11:40,A
2177,2026-03-26 04:05:11,B
2178,2026-03-13 23:32:01,B
2179,2026-03-02 05:26:46,B
2180,2026-03-10 14:20:44,A
2181,2026-03-28 05:42:14,B
2182,2026-03-05 17:35:13,B
2183,2026-05-09 12:49:51,B
2184,2026-03-19 09:42:57,A
2185,2026-04-24 08:58:34,A
2186,2026-04-11 09:29:14,A
2187,2026-04-30 14:19:36,B
2188,2026-04-14 14:32:53,A
2189,2026-05-13 23:31:31,A
2190,2026-04-07 00:34:53,A
2191,2026-02-22 06:43:08,A
2192,2026-03-30 09:17:21,B
2193,2026-04-30 03:50:11,B
2194,2026-03-04 17:03:30,A
2195,2026-05-17 15:04:42,A
2196,2026-04-16 02:40:44,B
2197,2026-03-02 15:27:22,B
2198,2026-03-08 20:19:47,B
2199,2026-04-21 22:50:59,B
2200,2026-04-15 02:17:04,B
2201,2026-04-19 02:22:52,A
2202,2026-03-04 15:16:25,A
2203,2026-03-04 13:27:21,B
2204,2026-05-16 09:04:32,A
2205,2026-03-22 16:40:16,A
2206,2026-02-26 22:45:47,A
2207,2026-03-19 23:33:18,B
2208,2026-04-18 06:14:38,A
2209,2026-05-19 21:08:35,A
2210,2026-05-11 16:11:06,B
2211,2026-05-03 12:26:41,B
2212,2026-04-14 18:13:49,A
2213,2026-04-23 22:26:58,A
2214,2026-02-24 14:49:50,A
2215,2026-04-23 15:38:49,B
2216,2026-03-08 10:23:57,B
2217,2026-04-24 12:00:45,A
2218,2026-04-02 09:38:51,B
2219,2026-02-27 04:43:57,A
2220,2026-04-10 12:13:14,A
2221,2026-03-13 23:29:38,A
2222,2026-04-04 12:38:02,A
2223,2026-04-21 10:10:59,B
2224,2026-05-03 17:22:58,B
2225,2026-03-31 13:30:35,B
2226,2026-03-17 15:45:58,A
2227,2026-03-04 11:04:37,B
2228,2026-03-02 23:19:42,A
2229,2026-02-21 22:43:34,A
2230,2026-05-11 23:00:41,A
2231,2026-04-29 01:32:17,B
2232,2026-04-13 17:12:14,B
2233,2026-05-07 13:59:26,B
2234,2026-04-02 19:05:13,B
2235,2026-02-27 12:30:09,A
2236,2026-03-03 20:47:35,B
2237,2026-02-20 21:31:15,B
2238,2026-04-04 21:12:50,A
2239,2026-05-16 05:36:51,B
2240,2026-05-19 12:11:40,A
2241,2026-04-13 09:14:08,A
2242,2026-03-22 06:05:12,A
2243,2026-05-18 05:32:38,B
2244,2026-04-26 12:25:19,B
2245,2026-03-26 06:16:53,A
2246,2026-03-27 08:31:30,B
2247,2026-04-20 03:56:14,A
2248,2026-03-02 09:09:47,B
2249,2026-02-28 09:41:58,B
2250,2026-05-20 11:33:06,B
2251,2026-03-01 10:30:12,A
2252,2026-04-30 13:14:24,A
2253,2026-05-18 17:51:48,B
2254,2026-04-23 03:13:17,B
2255,2026-04-29 23:53:33,B
2256,2026-04-03 15:33:12,A
2257,2026-03-22 23:40:20,B
2258,2026-04-26 00:51:38,B
2259,2026-02-21 12:50:22,B
2260,2026-04-27 18:44:31,B
2261,2026-05-11 12:31:49,A
2262,2026-04-22 09:16:21,A
2263,2026-04-24 14:53:24,B
2264,2026-05-05 14:14:24,B
2265,2026-03-12 07:41:21,B
2266,2026-03-03 02:13:56,A
2267,2026-05-17 20:01:52,A
2268,2026-05-14 01:28:36,B
2269,2026-05-08 21:38:10,A
2270,2026-05-01 22:30:57,A
2271,2026-03-25 04:25:11,B
2272,2026-05-08 10:25:21,A
2273,2026-02-22 04:03:40,B
2274,2026-03-08 13:56:38,B
2275,2026-04-26 10:36:06,B
2276,2026-05-10 23:28:33,A
2277,2026-04-24 04:00:34,A
2278,2026-04-05 17:42:34,B
2279,2026-05-11 01:17:23,B
2280,2026-04-26 13:05:58,A
2281,2026-05-05 14:11:37,A
2282,2026-04-11 11:38:44,B
2283,2026-03-11 20:43:08,A
2284,2026-03-21 06:01:47,B
2285,2026-05-04 13:34:08,A
2286,2026-02-19 20:14:14,B
2287,2026-05-06 08:14:20,A
2288,2026-05-14 06:04:48,B
2289,2026-05-12 13:37:37,A
2290,2026-04-23 17:46:46,B
2291,2026-04-15 14:01:51,B
2292,2026-05-09 23:36:22,B
2293,2026-05-10 14:42:38,A
2294,2026-05-05 05:15:09,B
2295,2026-03-07 10:18:24,A
2296,2026-04-26 05:43:08,A
2297,2026-02-22 12:47:17,A
2298,2026-05-03 11:43:24,A
2299,2026-04-19 04:41:15,B
2300,2026-02-20 02:23:52,B
2301,2026-04-18 16:38:35,A
2302,2026-04-23 01:02:19,B
2303,2026-03-09 02:29:58,A
2304,2026-02-20 18:04:44,A
2305,2026-04-14 11:48:05,B
2306,2026-03-28 04:59:50,A
2307,2026-04-01 01:35:45,B
2308,2026-03-03 09:24:03,A
2309,2026-05-15 22:07:31,B
2310,2026-03-08 09:40:48,A
2311,2026-04-04 19:23:07,B
2312,2026-02-26 14:37:09,A
2313,2026-04-23 04:32:49,B
2314,2026-05-05 05:19:34,B
2315,2026-05-04 23:34:10,A
2316,2026-05-07 17:39:39,B
2317,2026-03-06 13:00:01,B
2318,2026-02-24 13:50:09,A
2319,2026-03-08 08:08:38,B
2320,2026-05-20 00:20:07,B
2321,2026-03-28 12:31:00,A
2322,2026-03-30 06:07:58,A
2323,2026-04-29 12:25:34,B
2324,2026-03-01 03:03:54,B
2325,2026-03-07 09:37:55,A
2326,2026-04-06 13:51:36,B
2327,2026-05-07 03:12:09,A
2328,2026-03-08 01:14:11,B
2329,2026-03-13 19:56:45,A
2330,2026-03-18 10:10:59,B
2331,2026-03-19 07:55:34,A
2332,2026-02-23 20:29:12,A
2333,2026-04-06 02:15:01,B
2334,2026-05-15 00:50:35,B
2335,2026-03-26 15:03:47,A
2336,2026-02-21 21:53:27,B
2337,2026-04-24 00:50:44,A
2338,2026-02-23 16:13:57,A
2339,2026-04-20 22:32:48,B
2340,2026-03-09 13:57:11,B
2341,2026-03-07 00:33:06,B
2342,2026-05-05 22:59:37,B
2343,2026-04-11 08:14:34,B
2344,2026-04-23 20:36:28,A
2345,2026-03-17 19:24:05,A
2346,2026-03-06 08:13:11,B
2347,2026-05-04 21:14:49,A
2348,2026-04-29 08:36:07,A
2349,2026-03-08 13:35:46,B
2350,2026-05-10 13:43:53,B
2351,2026-04-08 09:06:33,B
2352,2026-04-04 01:52:33,B
2353,2026-05-17 15:10:47,A
2354,2026-02-27 16:41:04,B
2355,2026-05-07 02:27:21,B
2356,2026-03-28 19:36:22,A
2357,2026-03-08 09:04:10,B
2358,2026-02-23 23:00:00,B
2359,2026-04-30 04:11:51,A
2360,2026-03-26 08:12:44,B
2361,2026-05-02 11:38:14,B
2362,2026-04-24 00:58:33,A
2363,2026-04-15 17:37:58,A
2364,2026-03-26 16:45:32,A
2365,2026-05-12 21:33:53,B
2366,2026-03-14 04:35:13,B
2367,2026-03-31 19:40:29,B
2368,2026-05-20 12:09:39,B
2369,2026-03-18 15:48:50,B
2370,2026-04-11 01:07:27,A
2371,2026-04-05 08:54:32,B
2372,2026-02-20 03:40:39,A
2373,2026-04-09 09:44:07,A
2374,2026-03-24 21:55:13,A
2375,2026-03-08 23:59:40,A
2376,2026-02-23 17:14:43,A
2377,2026-04-27 04:12:32,B
2378,2026-02-27 03:33:37,A
2379,2026-02-21 00:47:47,B
2380,2026-04-12 13:01:12,A
2381,2026-04-03 16:27:27,A
2382,2026-05-11 17:51:52,B
2383,2026-05-10 10:21:29,B
2384,2026-05-12 15:29:20,B
2385,2026-05-11 00:38:09,B
2386,2026-04-20 10:24:55,B
2387,2026-04-19 23:48:11,A
2388,2026-05-10 21:06:32,A
2389,2026-04-18 05:10:00,B
2390,2026-03-20 12:55:44,A
2391,2026-04-08 11:29:58,B
2392,2026-04-11 16:12:43,A
2393,2026-05-13 08:51:10,A
2394,2026-05-08 04:24:19,B
2395,2026-03-25 17:20:25,A
2396,2026-03-28 15:37:32,A
2397,2026-03-23 10:25:13,A
2398,2026-04-17 08:07:35,A
2399,2026-03-20 00:37:24,B
2400,2026-04-17 19:34:20,A
2401,2026-05-16 10:22:38,B
2402,2026-04-10 18:19:34,B
2403,2026-05-20 14:11:07,B
2404,2026-03-09 22:23:10,A
2405,2026-04-01 05:31:24,A
2406,2026-03-01 05:46:06,B
2407,2026-05-19 02:43:43,B
2408,2026-03-21 18:58:05,B
2409,2026-02-21 02:00:35,B
2410,2026-05-18 04:47:01,B
2411,2026-05-14 18:40:44,A
2412,2026-04-23 23:51:31,B
2413,2026-02-28 15:24:50,B
2414,2026-03-20 18:04:57,A
2415,2026-05-12 12:49:31,A
2416,2026-05-10 21:45:05,B
2417,2026-04-19 09:54:42,B
2418,2026-04-23 13:27:05,B
2419,2026-02-25 21:48:51,B
2420,2026-03-26 23:42:30,A
2421,2026-05-12 01:31:45,A
2422,2026-04-17 13:28:17,A
2423,2026-05-13 11:56:33,B
2424,2026-03-09 09:58:21,A
2425,2026-03-02 02:08:37,A
2426,2026-04-08 16:59:47,A
2427,2026-03-12 23:43:38,B
2428,2026-04-09 09:24:25,B
2429,2026-04-05 19:56:34,A
2430,2026-03-20 21:32:21,A
2431,2026-05-14 07:33:06,A
2432,2026-03-18 13:37:28,B
2433,2026-03-24 03:11:38,A
2434,2026-02-26 21:59:15,A
2435,2026-04-11 00:24:07,A
2436,2026-04-20 03:19:47,B
2437,2026-03-18 15:48:22,B
2438,2026-03-29 15:40:14,B
2439,2026-03-03 12:05:30,A
2440,2026-03-17 16:33:22,B
2441,2026-05-19 08:54:43,A
2442,2026-03-11 06:54:28,A
2443,2026-05-07 09:42:52,A
2444,2026-04-26 06:44:57,A
2445,2026-05-20 02:16:38,B
2446,2026-03-03 00:35:02,A
2447,2026-03-30 04:42:08,B
2448,2026-05-11 01:32:35,B
2449,2026-04-07 14:35:23,A
2450,2026-03-16 10:34:46,B
2451,2026-05-19 23:10:40,A
2452,2026-04-30 14:17:00,A
2453,2026-04-07 05:01:53,B
2454,2026-03-04 07:28:27,B
2455,2026-03-09 03:58:51,A
2456,2026-04-27 20:41:39,A
2457,2026-03-27 00:07:26,A
2458,2026-03-16 22:34:54,B
2459,2026-02-22 21:55:53,B
2460,2026-02-22 11:10:20,A
2461,2026-04-24 02:31:51,B
2462,2026-05-20 17:06:05,B
2463,2026-04-22 20:41:56,A
2464,2026-03-07 22:30:30,B
2465,2026-03-14 00:37:26,B
2466,2026-04-14 04:08:21,B
2467,2026-03-28 07:00:57,B
2468,2026-03-16 00:23:22,B
2469,2026-03-03 11:18:02,A
2470,2026-03-24 10:41:23,A
2471,2026-04-09 15:40:11,B
2472,2026-05-09 15:51:10,A
2473,2026-02-27 17:25:23,A
2474,2026-03-12 17:56:57,A
2475,2026-04-17 03:49:13,B
2476,2026-03-21 23:19:50,A
2477,2026-03-07 14:59:01,A
2478,2026-03-02 07:57:27,A
2479,2026-03-23 20:13:00,A
2480,2026-04-19 21:26:17,A
2481,2026-03-30 18:15:09,A
2482,2026-03-05 09:57:00,B
2483,2026-05-06 02:09:39,B
2484,2026-05-17 09:51:04,B
2485,2026-03-13 00:13:48,A
2486,2026-02-21 05:24:37,B
2487,2026-05-02 02:39:13,B
2488,2026-04-03 06:06:00,A
2489,2026-05-02 11:41:12,A
2490,2026-03-03 18:43:27,B
2491,2026-05-06 21:46:26,A
2492,2026-03-25 18:46:45,B
2493,2026-03-19 08:31:09,A
2494,2026-03-01 18:33:25,B
2495,2026-05-04 14:21:55,A
2496,2026-04-03 10:26:28,B
2497,2026-05-14 18:55:09,B
2498,2026-04-22 00:54:44,B
2499,2026-03-12 15:37:50,A
2500,2026-05-10 22:36:32,B
2501,2026-03-22 04:43:20,B
2502,2026-03-16 15:24:47,A
2503,2026-05-19 18:29:16,B
2504,2026-04-08 21:36:18,A
2505,2026-03-09 22:16:07,B
2506,2026-03-30 13:44:13,B
2507,2026-04-02 04:57:44,A
2508,2026-03-03 15:18:11,A
2509,2026-04-25 16:52:49,A
2510,2026-04-03 22:40:17,A
2511,2026-04-18 22:20:48,B
2512,2026-03-24 20:59:40,B
2513,2026-02-26 12:24:49,B
2514,2026-03-09 04:45:28,A
2515,2026-05-16 21:37:32,B
2516,2026-05-16 21:50:51,A
2517,2026-04-04 07:05:27,A
2518,2026-02-28 13:41:17,B
2519,2026-05-05 07:18:49,B
2520,2026-03-05 03:40:31,B
2521,2026-04-06 07:43:23,A
2522,2026-02-22 04:13:57,B
2523,2026-05-15 23:07:12,A
2524,2026-03-18 13:00:24,B
2525,2026-03-28 20:13:27,A
2526,2026-03-02 20:11:41,B
2527,2026-04-28 20:01:52,B
2528,2026-03-19 07:35:31,B
2529,2026-04-27 11:00:28,B
2530,2026-05-09 22:12:05,B
2531,2026-05-06 00:41:58,A
2532,2026-04-28 07:22:18,B
2533,2026-03-20 10:49:42,A
2534,2026-03-18 01:37:42,A
2535,2026-05-12 03:09:34,B
2536,2026-05-20 15:24:48,B
2537,2026-04-10 14:24:39,A
2538,2026-02-21 18:43:18,A
2539,2026-04-13 11:04:34,A
2540,2026-03-04 18:50:03,A
2541,2026-04-28 19:31:08,B
2542,2026-03-28 00:32:27,B
2543,2026-05-17 02:47:39,A
2544,2026-05-19 02:05:26,B
2545,2026-03-01 17:55:08,A
2546,2026-02-24 05:48:42,B
2547,2026-05-07 17:11:20,A
2548,2026-03-27 02:28:54,B
2549,2026-04-18 18:44:40,B
2550,2026-04-28 03:24:00,B
2551,2026-05-11 23:07:56,B
2552,2026-05-11 19:35:28,A
2553,2026-03-04 12:22:13,A
2554,2026-03-30 17:53:39,A
2555,2026-05-11 12:50:03,B
2556,2026-04-05 17:06:25,A
2557,2026-05-14 06:10:04,A
2558,2026-03-02 03:30:02,B
2559,2026-02-27 01:03:18,A
2560,2026-04-27 10:13:30,A
2561,2026-05-08 18:53:02,A
2562,2026-03-21 00:02:04,A
2563,2026-04-14 10:29:03,B
2564,2026-03-25 12:55:50,A
2565,2026-04-10 08:50:07,A
2566,2026-04-21 14:03:12,B
2567,2026-05-05 02:11:44,A
2568,2026-02-26 06:46:53,B
2569,2026-02-24 11:09:12,B
2570,2026-04-01 10:57:01,B
2571,2026-05-09 11:22:25,B
2572,2026-04-10 20:07:09,B
2573,2026-04-13 18:12:49,A
2574,2026-04-01 04:37:30,B
2575,2026-03-13 08:05:09,B
2576,2026-03-18 15:24:28,B
2577,2026-04-15 22:06:40,A
2578,2026-04-09 14:10:01,B
2579,2026-05-05 10:50:06,B
2580,2026-05-15 14:27:49,A
2581,2026-04-23 06:25:43,A
2582,2026-04-14 23:00:28,A
2583,2026-04-06 13:16:07,A
2584,2026-04-22 02:12:57,A
2585,2026-03-03 04:10:32,B
2586,2026-04-04 03:46:19,B
2587,2026-03-25 20:32:19,B
2588,2026-04-21 17:04:42,A
2589,2026-04-04 02:39:55,A
2590,2026-03-09 01:19:32,A
2591,2026-04-20 13:47:56,A
2592,2026-03-31 00:58:54,A
2593,2026-03-16 12:37:30,A
2594,2026-04-20 07:32:37,B
2595,2026-05-09 15:28:07,B
2596,2026-03-13 12:17:43,A
2597,2026-04-12 23:23:12,A
2598,2026-02-27 16:05:32,A
2599,2026-02-24 20:34:25,B
2600,2026-03-27 07:48:13,B
2601,2026-04-16 17:46:38,A
2602,2026-03-18 14:56:52,A
2603,2026-03-09 21:10:36,B
2604,2026-05-16 02:39:02,A
2605,2026-05-08 00:46:29,B
2606,2026-05-19 19:05:55,A
2607,2026-04-04 08:18:58,A
2608,2026-04-24 22:08:30,B
2609,2026-04-07 11:17:51,A
2610,2026-03-08 16:01:27,B
2611,2026-05-08 15:07:18,B
2612,2026-02-23 05:24:50,B
2613,2026-02-24 01:30:16,B
2614,2026-04-13 01:57:47,B
2615,2026-05-07 08:46:49,B
2616,2026-03-23 19:23:30,A
2617,2026-03-03 03:55:51,B
2618,2026-04-13 22:51:34,B
2619,2026-02-24 16:30:27,B
2620,2026-03-09 08:35:54,B
2621,2026-03-02 11:25:43,B
2622,2026-03-14 22:31:37,A
2623,2026-03-24 22:44:38,A
2624,2026-04-21 08:26:26,B
2625,2026-03-17 07:18:01,A
2626,2026-02-22 23:23:55,A
2627,2026-03-20 03:30:07,B
2628,2026-03-31 23:51:44,B
2629,2026-05-09 19:03:05,B
2630,2026-03-05 14:39:32,B
2631,2026-05-02 17:55:44,A
2632,2026-03-03 03:25:20,B
2633,2026-03-29 08:12:46,B
2634,2026-03-26 01:49:15,A
2635,2026-03-04 09:20:01,A
2636,2026-05-10 06:50:59,B
2637,2026-02-23 13:59:23,A
2638,2026-05-08 19:05:34,A
2639,2026-04-04 09:38:23,B
2640,2026-03-05 06:38:18,A
2641,2026-04-08 19:25:00,B
2642,2026-04-07 21:01:07,B
2643,2026-04-12 06:15:30,B
2644,2026-04-02 18:35:36,A
2645,2026-03-08 03:31:40,A
2646,2026-04-09 05:32:03,B
2647,2026-02-25 10:53:53,B
2648,2026-02-26 10:46:54,B
2649,2026-02-27 16:02:44,A
2650,2026-04-19 02:24:26,A
2651,2026-04-04 13:44:34,B
2652,2026-04-25 12:52:44,A
2653,2026-04-07 12:49:07,A
2654,2026-04-07 09:59:32,B
2655,2026-04-08 19:39:23,B
2656,2026-02-26 09:38:08,B
2657,2026-03-12 01:39:16,B
2658,2026-05-14 18:46:02,A
2659,2026-05-12 09:04:25,A
2660,2026-02-27 19:52:13,B
2661,2026-05-13 07:00:09,A
2662,2026-03-23 11:45:55,A
2663,2026-03-04 05:57:07,B
2664,2026-04-24 01:47:15,B
2665,2026-03-24 01:29:30,B
2666,2026-02-22 02:39:30,A
2667,2026-03-03 00:17:15,B
2668,2026-04-15 12:36:24,A
2669,2026-03-16 11:04:52,B
2670,2026-04-02 11:33:18,A
2671,2026-03-04 05:18:51,A
2672,2026-04-09 00:17:13,B
2673,2026-03-16 18:17:43,A
2674,2026-03-08 03:50:51,A
2675,2026-02-22 00:11:11,A
2676,2026-04-05 16:27:45,B
2677,2026-03-18 17:13:22,B
2678,2026-04-12 14:38:59,B
2679,2026-03-05 19:16:08,B
2680,2026-03-25 01:02:47,A
2681,2026-03-25 01:20:14,A
2682,2026-04-15 08:52:30,B
2683,2026-02-28 00:35:36,B
2684,2026-03-25 07:01:15,A
2685,2026-05-02 04:39:20,B
2686,2026-04-30 08:32:49,A
2687,2026-03-01 23:17:29,B
2688,2026-03-09 13:27:07,B
2689,2026-03-21 19:38:04,A
2690,2026-05-03 02:33:11,A
2691,2026-05-10 19:06:49,B
2692,2026-05-07 02:41:47,A
2693,2026-03-12 01:00:31,A
2694,2026-05-01 06:34:11,A
2695,2026-03-02 13:04:50,B
2696,2026-04-10 19:15:11,B
2697,2026-05-07 06:14:51,B
2698,2026-02-26 21:43:22,A
2699,2026-03-10 16:26:51,B
2700,2026-05-07 10:19:08,A
2701,2026-04-21 20:31:41,A
2702,2026-04-21 14:06:38,B
2703,2026-04-27 19:16:45,A
2704,2026-04-04 09:17:53,A
2705,2026-02-27 14:10:20,A
2706,2026-05-03 19:13:42,A
2707,2026-04-24 04:16:52,A
2708,2026-03-28 00:36:29,A
2709,2026-03-07 21:26:57,A
2710,2026-03-07 05:34:34,A
2711,2026-05-12 12:21:04,A
2712,2026-05-01 03:22:05,A
2713,2026-04-26 11:51:32,A
2714,2026-04-19 22:27:11,B
2715,2026-04-09 07:23:00,A
2716,2026-04-22 15:02:25,A
2717,2026-03-20 15:36:11,B
2718,2026-05-09 09:05:27,B
2719,2026-04-04 15:51:28,B
2720,2026-05-04 03:36:51,B
2721,2026-03-28 20:24:16,A
2722,2026-04-08 06:41:34,A
2723,2026-02-26 19:56:16,B
2724,2026-04-27 13:36:02,B
2725,2026-04-13 09:26:17,B
2726,2026-04-14 23:57:08,B
2727,2026-05-06 23:24:24,B
2728,2026-03-19 16:39:23,B
2729,2026-05-07 04:21:54,B
2730,2026-05-10 06:52:05,A
2731,2026-04-27 06:54:06,B
2732,2026-02-22 23:03:07,A
2733,2026-03-05 12:35:36,B
2734,2026-03-17 14:29:28,B
2735,2026-03-20 17:00:13,A
2736,2026-04-25 07:45:33,B
2737,2026-04-05 14:17:51,A
2738,2026-03-15 01:25:37,A
2739,2026-05-05 17:51:52,B
2740,2026-04-29 15:15:00,A
2741,2026-02-25 18:49:23,A
2742,2026-03-22 04:51:35,B
2743,2026-04-19 23:17:56,B
2744,2026-03-11 04:29:58,B
2745,2026-04-19 16:11:52,A
2746,2026-02-21 03:19:52,A
2747,2026-05-09 15:37:18,A
2748,2026-04-12 16:40:12,B
2749,2026-04-25 20:29:40,A
2750,2026-03-25 14:50:24,A
2751,2026-03-02 17:51:41,B
2752,2026-03-09 21:21:18,B
2753,2026-04-19 08:45:04,A
2754,2026-04-07 06:01:13,A
2755,2026-04-13 14:15:29,A
2756,2026-05-09 17:27:58,A
2757,2026-03-16 09:25:28,A
2758,2026-05-12 10:49:58,A
2759,2026-04-26 05:49:15,B
2760,2026-03-03 02:25:54,A
2761,2026-03-08 19:39:01,A
2762,2026-02-21 14:52:11,B
2763,2026-03-06 17:19:01,B
2764,2026-04-10 01:04:45,A
2765,2026-03-23 09:57:04,B
2766,2026-03-12 04:06:44,A
2767,2026-04-13 02:55:34,A
2768,2026-05-20 11:50:44,B
2769,2026-03-08 09:59:16,A
2770,2026-04-12 07:43:40,B
2771,2026-03-06 00:56:19,B
2772,2026-05-01 07:44:32,B
2773,2026-04-24 19:10:59,A
2774,2026-02-28 20:23:16,B
2775,2026-04-20 07:05:16,B
2776,2026-03-07 20:49:33,A
2777,2026-02-20 13:49:45,A
2778,2026-04-12 13:16:54,A
2779,2026-03-11 23:51:19,B
2780,2026-04-26 16:13:06,B
2781,2026-04-21 05:25:41,B
2782,2026-04-02 03:13:34,A
2783,2026-04-10 05:46:59,B
2784,2026-05-13 07:03:45,A
2785,2026-05-04 06:57:29,A
2786,2026-03-04 02:39:52,B
2787,2026-04-29 23:50:28,B
2788,2026-02-21 05:32:43,A
2789,2026-04-23 23:09:35,B
2790,2026-05-09 17:16:32,A
2791,2026-05-06 13:49:07,B
2792,2026-04-28 22:52:13,B
2793,2026-05-15 10:26:27,B
2794,2026-03-31 15:12:36,B
2795,2026-04-01 01:45:40,A
2796,2026-05-15 02:21:18,B
2797,2026-05-15 01:07:48,B
2798,2026-04-22 09:23:23,B
2799,2026-02-23 02:47:10,A
2800,2026-04-28 18:39:56,A
2801,2026-05-11 23:00:32,A
2802,2026-03-09 05:20:24,B
2803,2026-05-14 07:56:13,A
2804,2026-03-11 11:38:16,B
2805,2026-03-28 02:56:15,B
2806,2026-02-26 09:31:59,A
2807,2026-03-13 20:16:01,A
2808,2026-03-31 11:56:45,A
2809,2026-04-19 10:30:25,A
2810,2026-05-15 10:53:45,A
2811,2026-05-02 19:23:29,B
2812,2026-05-13 20:05:34,B
2813,2026-05-01 03:11:15,B
2814,2026-04-26 12:20:30,B
2815,2026-03-20 23:03:23,B
2816,2026-05-17 19:59:12,A
2817,2026-03-11 09:10:31,B
2818,2026-03-29 03:28:58,A
2819,2026-03-10 01:34:34,A
2820,2026-04-10 07:40:17,B
2821,2026-04-17 04:41:25,A
2822,2026-03-09 07:22:20,A
2823,2026-03-16 10:24:02,B
2824,2026-04-15 07:05:33,A
2825,2026-05-07 05:43:42,B
2826,2026-04-07 01:59:13,B
2827,2026-04-08 04:16:22,A
2828,2026-03-26 07:10:34,A
2829,2026-04-15 01:20:10,A
2830,2026-04-11 03:44:29,B
2831,2026-04-09 22:03:37,B
2832,2026-03-08 00:10:48,B
2833,2026-05-15 03:49:02,B
2834,2026-05-03 21:20:58,B
2835,2026-04-20 06:48:44,B
2836,2026-04-12 16:02:09,B
2837,2026-02-19 21:10:27,B
2838,2026-03-01 11:50:43,A
2839,2026-05-13 03:38:21,B
2840,2026-04-15 22:22:22,A
2841,2026-03-14 14:30:32,B
2842,2026-04-07 18:08:41,B
2843,2026-04-13 04:58:52,B
2844,2026-03-04 13:05:09,B
2845,2026-04-03 09:22:37,B
2846,2026-03-23 11:42:51,A
2847,2026-05-05 06:48:34,B
2848,2026-03-19 23:40:01,B
2849,2026-03-20 06:26:27,B
2850,2026-04-06 19:58:59,A
2851,2026-02-25 10:58:05,B
2852,2026-03-17 03:54:39,A
2853,2026-05-18 03:23:54,A
2854,2026-03-05 20:28:00,A
2855,2026-04-25 08:50:00,A
2856,2026-05-03 03:19:18,A
2857,2026-02-25 01:02:28,A
2858,2026-03-24 18:15:03,A
2859,2026-05-04 00:18:25,B
2860,2026-03-09 19:48:56,B
2861,2026-05-14 22:34:05,A
2862,2026-04-01 18:46:08,A
2863,2026-03-29 19:19:47,B
2864,2026-04-04 06:49:20,B
2865,2026-05-18 08:33:54,B
2866,2026-03-14 17:04:26,B
2867,2026-04-16 12:30:33,A
2868,2026-05-03 10:22:38,B
2869,2026-03-09 05:08:17,A
2870,2026-04-17 16:20:23,B
2871,2026-03-14 18:22:47,A
2872,2026-05-19 15:06:30,B
2873,2026-05-07 06:44:36,B
2874,2026-04-28 12:23:05,A
2875,2026-05-11 06:01:30,A
2876,2026-03-13 17:49:50,A
2877,2026-02-23 13:05:42,B
2878,2026-05-18 17:21:31,A
2879,2026-04-21 03:11:32,A
2880,2026-04-05 16:36:48,A
2881,2026-04-20 01:43:46,B
2882,2026-04-06 13:29:35,A
2883,2026-03-16 20:43:10,A
2884,2026-03-12 10:24:38,A
2885,2026-03-19 10:13:19,B
2886,2026-02-22 07:32:33,B
2887,2026-03-16 06:11:13,B
2888,2026-04-14 02:50:10,A
2889,2026-05-19 12:23:53,A
2890,2026-04-16 10:20:25,B
2891,2026-02-25 10:05:53,B
2892,2026-03-01 20:56:21,B
2893,2026-02-20 04:00:28,A
2894,2026-03-23 18:33:58,A
2895,2026-03-20 16:04:00,B
2896,2026-03-16 20:21:04,A
2897,2026-03-21 01:21:38,B
2898,2026-03-24 18:07:35,B
2899,2026-04-09 23:25:39,B
2900,2026-02-27 12:16:38,A
2901,2026-03-10 17:00:08,B
2902,2026-03-29 01:40:22,B
2903,2026-02-20 19:17:02,B
2904,2026-04-04 10:00:54,A
2905,2026-04-18 07:27:08,B
2906,2026-05-06 10:21:18,B
2907,2026-04-01 13:34:49,A
2908,2026-04-01 14:12:31,A
2909,2026-03-12 21:03:59,B
2910,2026-04-03 04:07:22,A
2911,2026-02-25 13:45:52,A
2912,2026-04-06 22:54:33,B
2913,2026-04-17 01:24:03,A
2914,2026-05-12 00:35:50,B
2915,2026-03-28 00:49:32,A
2916,2026-03-09 16:37:46,B
2917,2026-05-05 13:05:56,A
2918,2026-03-27 12:54:14,A
2919,2026-04-22 20:11:10,B
2920,2026-03-17 19:28:17,B
2921,2026-03-02 13:18:13,A
2922,2026-05-01 02:54:50,A
2923,2026-02-28 15:58:59,A
2924,2026-04-01 20:25:56,A
2925,2026-05-14 19:14:23,B
2926,2026-03-10 03:10:33,B
2927,2026-05-13 03:16:20,B
2928,2026-02-20 20:36:32,A
2929,2026-02-26 03:04:51,A
2930,2026-05-10 10:05:14,A
2931,2026-04-03 21:02:49,B
2932,2026-04-06 21:01:22,A
2933,2026-04-05 04:53:50,A
2934,2026-05-02 18:34:18,B
2935,2026-03-11 04:11:41,B
2936,2026-04-30 15:24:56,B
2937,2026-05-12 01:15:59,A
2938,2026-05-13 03:38:02,A
2939,2026-04-23 17:14:44,A
2940,2026-05-18 16:45:50,A
2941,2026-03-02 15:11:31,B
2942,2026-05-02 17:26:50,B
2943,2026-03-05 17:08:47,B
2944,2026-03-03 15:23:05,A
2945,2026-03-28 03:32:57,A
2946,2026-04-12 07:31:36,B
2947,2026-05-03 17:53:38,A
2948,2026-03-01 20:05:50,B
2949,2026-03-30 09:35:14,B
2950,2026-03-18 08:15:22,B
2951,2026-03-31 08:23:52,B
2952,2026-05-09 10:05:02,A
2953,2026-05-01 08:44:11,A
2954,2026-03-20 12:37:09,B
2955,2026-03-25 15:35:51,B
2956,2026-04-12 01:06:59,B
2957,2026-03-15 11:42:06,A
2958,2026-03-13 10:42:00,B
2959,2026-03-17 05:17:16,B
2960,2026-04-16 05:07:23,B
2961,2026-04-24 10:27:57,B
2962,2026-03-22 05:30:12,A
2963,2026-02-28 22:42:59,B
2964,2026-02-27 11:22:25,B
2965,2026-02-23 14:05:24,A
2966,2026-03-06 08:25:13,A
2967,2026-05-02 02:10:27,A
2968,2026-03-23 13:17:54,B
2969,2026-05-15 04:05:59,B
2970,2026-02-22 20:57:56,B
2971,2026-03-15 14:45:43,B
2972,2026-04-03 21:36:15,B
2973,2026-03-30 12:53:03,B
2974,2026-03-09 08:47:10,B
2975,2026-04-13 02:17:26,A
2976,2026-05-02 00:21:40,A
2977,2026-05-16 21:43:46,A
2978,2026-03-22 09:40:41,B
2979,2026-03-13 14:42:52,A
2980,2026-05-05 23:49:39,B
2981,2026-04-08 19:57:43,A
2982,2026-05-10 12:59:21,A
2983,2026-02-20 05:24:34,A
2984,2026-03-04 02:29:39,B
2985,2026-03-30 05:44:42,A
2986,2026-05-13 06:19:00,B
2987,2026-04-28 19:31:48,A
2988,2026-03-05 03:45:45,A
2989,2026-05-16 21:52:03,A
2990,2026-02-27 07:58:23,A
2991,2026-03-17 09:42:21,A
2992,2026-03-30 03:44:15,B
2993,2026-04-03 09:42:48,A
2994,2026-03-10 06:38:59,A
2995,2026-05-13 16:40:10,A
2996,2026-04-17 07:13:08,B
2997,2026-04-13 01:06:49,A
2998,2026-04-03 03:49:10,A
2999,2026-04-22 03:46:04,A
3000,2026-03-27 07:58:13,B
3001,2026-03-10 21:32:33,B
3002,2026-03-18 16:59:18,A
3003,2026-04-23 20:50:17,A
3004,2026-05-13 22:29:59,B
3005,2026-04-22 08:59:33,B
3006,2026-05-15 06:27:51,A
3007,2026-04-23 16:03:50,A
3008,2026-02-24 08:00:02,B
3009,2026-03-04 19:58:40,B
3010,2026-03-21 09:36:55,B
3011,2026-03-13 20:52:25,B
3012,2026-03-31 06:50:54,B
3013,2026-03-01 18:40:42,A
3014,2026-05-17 04:56:08,A
3015,2026-03-31 17:10:03,A
3016,2026-04-02 15:53:15,A
3017,2026-04-10 08:07:47,B
3018,2026-02-21 17:18:50,B
3019,2026-04-15 08:55:27,A
3020,2026-03-29 00:24:32,B
3021,2026-05-17 15:26:37,B
3022,2026-05-06 17:12:02,B
3023,2026-05-10 04:42:03,A
3024,2026-04-28 16:31:09,A
3025,2026-04-07 14:13:47,A
3026,2026-04-15 06:42:05,B
3027,2026-04-27 16:26:46,B
3028,2026-05-01 11:53:26,B
3029,2026-02-20 04:20:02,B
3030,2026-03-25 12:33:20,A
3031,2026-04-14 02:40:19,B
3032,2026-05-12 01:08:58,A
3033,2026-03-10 12:34:51,A
3034,2026-05-12 02:01:24,A
3035,2026-03-05 14:26:58,A
3036,2026-04-30 02:48:05,B
3037,2026-03-03 04:17:40,B
3038,2026-05-05 17:14:16,B
3039,2026-05-06 09:46:46,B
3040,2026-03-23 16:56:14,B
3041,2026-04-08 04:54:06,B
3042,2026-04-01 01:06:42,A
3043,2026-03-16 05:52:37,B
3044,2026-05-10 01:14:27,A
3045,2026-03-21 03:07:50,B
3046,2026-05-02 19:12:09,A
3047,2026-03-23 06:36:40,B
3048,2026-03-20 00:46:46,A
3049,2026-03-11 04:58:35,A
3050,2026-05-19 14:20:47,A
3051,2026-03-03 08:59:59,B
3052,2026-05-16 13:49:27,A
3053,2026-05-12 09:23:01,B
3054,2026-02-27 05:22:17,A
3055,2026-05-03 05:06:26,B
3056,2026-03-24 05:04:31,A
3057,2026-05-10 14:39:48,A
3058,2026-04-23 00:12:19,A
3059,2026-05-06 23:03:05,B
3060,2026-02-26 13:55:03,B
3061,2026-04-11 19:25:32,A
3062,2026-04-08 04:18:16,A
3063,2026-03-15 04:51:19,B
3064,2026-02-22 14:56:39,A
3065,2026-03-28 23:30:58,B
3066,2026-05-17 05:44:16,B
3067,2026-04-26 10:37:23,A
3068,2026-04-19 19:39:05,B
3069,2026-05-03 14:45:18,A
3070,2026-04-27 13:10:13,A
3071,2026-04-23 22:29:32,B
3072,2026-03-27 16:14:35,A
3073,2026-04-16 19:06:46,B
3074,2026-02-21 22:55:54,B
3075,2026-03-13 22:37:42,A
3076,2026-05-20 01:18:50,B
3077,2026-04-06 08:35:23,B
3078,2026-02-28 03:35:40,A
3079,2026-04-23 06:33:39,B
3080,2026-03-31 14:27:36,A
3081,2026-03-30 19:12:01,A
3082,2026-02-22 12:14:23,B
3083,2026-03-05 17:42:25,A
3084,2026-05-17 13:41:07,A
3085,2026-04-17 23:29:05,A
3086,2026-04-02 22:01:05,B
3087,2026-03-10 16:17:54,A
3088,2026-04-06 20:18:09,A
3089,2026-05-01 02:55:35,A
3090,2026-03-15 09:58:07,B
3091,2026-04-26 04:54:51,B
3092,2026-03-04 00:21:46,B
3093,2026-03-11 18:16:18,B
3094,2026-03-31 07:30:46,B
3095,2026-05-10 00:28:50,B
3096,2026-04-09 15:19:10,A
3097,2026-03-26 01:42:38,A
3098,2026-05-16 07:21:09,B
3099,2026-04-15 08:31:19,A
3100,2026-04-15 22:08:08,A
3101,2026-05-17 06:50:56,B
3102,2026-04-07 06:15:18,B
3103,2026-03-03 12:04:13,A
3104,2026-04-25 11:05:15,A
3105,2026-05-02 06:59:25,A
3106,2026-04-26 23:10:23,B
3107,2026-02-23 08:49:47,A
3108,2026-05-20 08:40:10,A
3109,2026-03-03 21:17:51,A
3110,2026-03-16 13:42:02,B
3111,2026-02-28 09:03:19,B
3112,2026-04-21 12:04:29,B
3113,2026-04-09 06:22:49,B
3114,2026-04-02 07:35:41,B
3115,2026-03-04 09:23:40,B
3116,2026-05-11 00:45:37,B
3117,2026-04-11 21:47:19,A
3118,2026-05-02 17:39:31,A
3119,2026-02-22 20:48:17,A
3120,2026-04-16 18:15:42,B
3121,2026-05-06 16:51:48,B
3122,2026-03-27 09:23:02,B
3123,2026-05-18 06:50:28,B
3124,2026-03-06 07:54:55,B
3125,2026-03-19 02:33:52,B
3126,2026-03-16 23:34:23,A
3127,2026-03-01 20:45:02,A
3128,2026-04-26 21:07:30,B
3129,2026-03-29 05:54:43,B
3130,2026-03-30 06:18:13,B
3131,2026-03-28 04:46:34,B
3132,2026-03-25 21:48:02,A
3133,2026-02-20 06:53:27,A
3134,2026-03-03 14:22:02,A
3135,2026-03-11 06:32:28,B
3136,2026-05-01 00:58:57,A
3137,2026-02-20 02:38:23,A
3138,2026-03-29 03:55:51,A
3139,2026-04-26 20:52:10,B
3140,2026-04-25 07:08:19,A
3141,2026-05-10 07:20:03,B
3142,2026-05-09 17:08:09,A
3143,2026-05-04 16:46:07,B
3144,2026-05-12 10:52:29,B
3145,2026-04-21 15:35:20,A
3146,2026-05-01 05:22:22,B
3147,2026-05-06 06:51:59,B
3148,2026-03-23 09:17:47,B
3149,2026-03-12 20:33:50,A
3150,2026-05-19 07:03:19,A
3151,2026-02-26 16:24:11,B
3152,2026-04-16 14:42:52,A
3153,2026-04-18 19:56:16,B
3154,2026-04-23 15:43:04,A
3155,2026-04-17 00:55:43,B
3156,2026-03-29 05:55:29,B
3157,2026-05-16 02:45:16,A
3158,2026-05-09 00:59:55,A
3159,2026-02-20 09:19:33,B
3160,2026-03-24 11:08:16,B
3161,2026-05-01 15:05:06,A
3162,2026-04-29 16:45:15,A
3163,2026-04-15 12:23:07,B
3164,2026-04-22 10:36:32,B
3165,2026-04-16 04:03:54,A
3166,2026-04-05 07:45:00,B
3167,2026-04-17 19:21:10,A
3168,2026-04-07 14:14:23,B
3169,2026-03-09 15:53:30,A
3170,2026-03-08 20:03:02,A
3171,2026-05-08 04:56:21,B
3172,2026-02-24 08:55:40,A
3173,2026-04-10 17:17:13,B
3174,2026-05-19 23:48:40,B
3175,2026-03-22 23:31:11,B
3176,2026-03-20 23:24:49,B
3177,2026-04-18 04:59:47,B
3178,2026-03-30 06:49:42,A
3179,2026-04-18 18:13:00,A
3180,2026-03-08 23:01:17,B
3181,2026-05-08 05:05:45,A
3182,2026-02-22 08:46:25,A
3183,2026-04-18 07:27:26,B
3184,2026-03-12 22:41:56,B
3185,2026-03-29 04:06:52,B
3186,2026-03-06 21:06:38,B
3187,2026-04-21 11:50:17,B
3188,2026-03-28 19:45:47,A
3189,2026-02-20 15:55:09,A
3190,2026-05-07 04:00:40,B
3191,2026-03-26 11:21:28,A
3192,2026-05-11 03:34:23,A
3193,2026-03-21 02:08:37,A
3194,2026-03-12 12:09:54,A
3195,2026-03-17 12:22:22,B
3196,2026-04-30 02:39:41,A
3197,2026-03-16 16:23:35,A
3198,2026-04-03 02:54:50,B
3199,2026-02-25 17:19:26,B
3200,2026-03-10 09:39:21,B
3201,2026-03-13 19:47:12,B
3202,2026-02-21 10:24:07,A
3203,2026-04-05 08:59:16,B
3204,2026-05-04 15:26:15,B
3205,2026-03-18 11:50:51,B
3206,2026-03-06 21:03:43,A
3207,2026-05-20 05:35:50,B
3208,2026-03-18 07:09:34,A
3209,2026-03-01 06:29:07,B
3210,2026-03-27 13:17:45,B
3211,2026-03-15 13:59:28,B
3212,2026-04-29 20:49:42,A
3213,2026-05-06 12:24:10,B
3214,2026-04-04 05:17:52,A
3215,2026-04-04 07:42:47,A
3216,2026-04-18 08:06:38,A
3217,2026-02-20 08:08:41,B
3218,2026-05-16 22:21:27,A
3219,2026-04-15 14:10:57,B
3220,2026-05-15 23:09:16,B
3221,2026-04-10 01:01:18,A
3222,2026-04-03 00:59:53,B
3223,2026-04-08 03:36:45,B
3224,2026-05-11 10:19:26,B
3225,2026-02-19 20:17:48,A
3226,2026-05-08 14:21:23,B
3227,2026-03-19 02:05:48,A
3228,2026-05-09 08:17:55,B
3229,2026-03-06 01:16:47,A
3230,2026-03-23 06:31:51,A
3231,2026-03-09 23:15:37,A
3232,2026-05-06 19:31:21,B
3233,2026-02-20 04:01:52,B
3234,2026-03-31 08:36:08,B
3235,2026-04-15 06:21:35,B
3236,2026-02-28 04:04:03,A
3237,2026-03-30 22:53:12,A
3238,2026-02-28 22:49:08,B
3239,2026-03-25 08:20:08,B
3240,2026-03-18 16:05:55,B
3241,2026-03-17 18:25:48,A
3242,2026-04-13 11:20:09,A
3243,2026-05-15 07:32:08,B
3244,2026-03-16 19:31:55,A
3245,2026-02-23 03:01:12,B
3246,2026-03-27 06:47:46,B
3247,2026-04-22 08:44:28,B
3248,2026-04-13 06:39:00,B
3249,2026-04-30 09:47:13,A
3250,2026-05-20 12:15:07,B
3251,2026-05-12 13:54:02,A
3252,2026-02-23 03:27:37,B
3253,2026-03-20 21:20:43,A
3254,2026-03-02 19:06:16,A
3255,2026-04-07 13:12:00,B
3256,2026-04-28 09:32:56,A
3257,2026-03-29 23:12:25,B
3258,2026-03-10 21:50:32,B
3259,2026-02-26 02:09:09,A
3260,2026-05-17 18:00:46,B
3261,2026-02-19 19:27:46,B
3262,2026-05-07 21:08:51,B
3263,2026-04-28 20:09:34,B
3264,2026-03-12 22:02:23,B
3265,2026-04-13 01:37:42,B
3266,2026-05-10 12:07:48,A
3267,2026-04-15 10:37:03,B
3268,2026-03-15 00:51:10,B
3269,2026-05-02 05:27:10,A
3270,2026-04-13 23:33:55,B
3271,2026-03-11 18:33:04,B
3272,2026-05-05 19:16:33,A
3273,2026-05-08 09:15:13,B
3274,2026-05-07 06:31:37,A
3275,2026-04-03 16:20:08,A
3276,2026-03-28 08:58:54,A
3277,2026-04-26 02:20:16,A
3278,2026-03-11 05:09:15,B
3279,2026-04-05 05:23:10,B
3280,2026-03-26 02:38:37,A
3281,2026-04-10 02:13:51,A
3282,2026-04-29 23:26:56,B
3283,2026-03-06 07:07:28,A
3284,2026-02-20 09:35:53,A
3285,2026-04-03 13:05:24,A
3286,2026-05-10 09:28:20,A
3287,2026-02-28 12:11:54,B
3288,2026-05-19 21:52:29,A
3289,2026-04-30 06:01:22,A
3290,2026-03-01 20:22:21,A
3291,2026-03-08 06:45:30,B
3292,2026-04-19 13:43:25,A
3293,2026-04-21 08:12:06,B
3294,2026-03-02 06:19:49,B
3295,2026-04-21 15:01:40,B
3296,2026-03-24 11:37:26,A
3297,2026-03-17 00:03:18,B
3298,2026-02-24 05:10:23,B
3299,2026-03-16 18:54:23,A
3300,2026-04-06 01:45:17,A
3301,2026-03-06 18:33:26,A
3302,2026-05-13 08:48:47,B
3303,2026-04-30 20:09:54,A
3304,2026-05-03 22:31:27,B
3305,2026-02-28 18:40:12,B
3306,2026-05-07 04:56:35,B
3307,2026-05-04 16:07:48,B
3308,2026-04-15 10:22:57,A
3309,2026-02-24 13:18:15,B
3310,2026-04-14 12:44:44,A
3311,2026-03-17 23:17:02,A
3312,2026-04-16 05:29:53,A
3313,2026-02-24 05:33:27,B
3314,2026-05-14 18:39:53,A
3315,2026-04-27 13:00:45,A
3316,2026-05-05 06:49:16,A
3317,2026-04-24 15:02:48,A
3318,2026-05-03 19:09:32,B
3319,2026-04-11 11:59:07,B
3320,2026-04-15 05:14:47,A
3321,2026-05-01 03:37:17,B
3322,2026-04-25 06:14:48,A
3323,2026-05-15 11:29:43,B
3324,2026-04-05 23:01:05,A
3325,2026-03-18 07:00:18,A
3326,2026-02-25 00:12:33,B
3327,2026-05-08 09:01:27,B
3328,2026-03-24 04:12:31,B
3329,2026-05-04 13:56:02,A
3330,2026-04-18 00:53:49,B
3331,2026-05-08 22:19:22,A
3332,2026-05-11 12:47:37,A
3333,2026-04-13 14:30:16,B
3334,2026-02-26 00:45:30,B
3335,2026-03-17 21:48:36,B
3336,2026-02-24 01:58:19,B
3337,2026-03-22 05:34:43,B
3338,2026-04-08 01:28:21,A
3339,2026-03-12 12:01:51,B
3340,2026-03-21 08:19:56,A
3341,2026-04-10 17:10:31,A
3342,2026-04-16 18:02:41,B
3343,2026-04-08 16:28:59,B
3344,2026-04-12 04:08:43,A
3345,2026-02-27 11:46:50,A
3346,2026-04-02 02:11:19,B
3347,2026-03-02 12:37:03,B
3348,2026-03-17 00:42:44,A
3349,2026-03-22 20:27:15,A
3350,2026-03-12 20:58:38,B
3351,2026-03-06 05:53:14,B
3352,2026-04-22 06:03:24,A
3353,2026-04-30 20:26:50,A
3354,2026-02-25 13:08:43,A
3355,2026-02-28 19:01:08,A
3356,2026-02-20 07:40:10,A
3357,2026-03-29 19:32:21,B
3358,2026-03-29 13:58:04,B
3359,2026-04-13 12:12:19,A
3360,2026-03-05 10:37:51,B
3361,2026-03-14 07:41:24,A
3362,2026-05-20 08:31:57,A
3363,2026-02-26 05:18:28,B
3364,2026-05-14 02:12:26,A
3365,2026-03-14 11:29:57,A
3366,2026-03-13 21:25:11,A
3367,2026-02-23 00:31:21,A
3368,2026-05-08 05:52:28,B
3369,2026-05-01 02:49:50,B
3370,2026-02-20 16:37:10,A
3371,2026-04-23 14:46:00,B
3372,2026-05-08 00:30:38,B
3373,2026-03-03 15:58:21,B
3374,2026-03-09 00:33:58,B
3375,2026-03-08 12:23:08,B
3376,2026-03-22 01:43:33,A
3377,2026-03-23 20:20:54,B
3378,2026-05-03 13:00:35,A
3379,2026-03-29 01:51:32,B
3380,2026-03-15 14:44:20,B
3381,2026-04-21 15:04:29,B
3382,2026-05-01 04:49:07,B
3383,2026-05-16 09:01:45,A
3384,2026-03-19 03:10:18,A
3385,2026-04-19 18:38:33,A
3386,2026-04-09 19:29:18,B
3387,2026-04-12 15:20:05,A
3388,2026-04-08 04:49:53,A
3389,2026-05-05 18:22:27,B
3390,2026-04-21 12:35:28,B
3391,2026-04-27 00:35:44,B
3392,2026-03-11 18:16:05,B
3393,2026-05-07 21:28:28,A
3394,2026-05-03 17:10:43,B
3395,2026-03-16 03:35:49,A
3396,2026-04-29 00:08:39,B
3397,2026-04-27 01:45:19,A
3398,2026-05-13 19:37:43,B
3399,2026-04-14 12:46:07,A
3400,2026-05-08 18:40:03,A
3401,2026-05-03 11:29:02,A
3402,2026-05-19 13:56:41,A
3403,2026-04-01 21:14:37,B
3404,2026-03-25 18:18:02,B
3405,2026-04-07 06:54:05,B
3406,2026-03-03 18:56:08,A
3407,2026-05-17 20:51:19,B
3408,2026-05-09 09:14:23,B
3409,2026-05-05 14:10:59,A
3410,2026-04-17 20:40:24,A
3411,2026-03-08 11:34:14,A
3412,2026-03-05 18:47:28,A
3413,2026-05-06 17:10:48,A
3414,2026-03-10 05:08:32,A
3415,2026-04-13 15:35:39,A
3416,2026-02-23 20:02:58,A
3417,2026-04-05 07:57:38,B
3418,2026-03-02 11:40:47,A
3419,2026-03-24 20:30:38,B
3420,2026-04-03 21:02:21,B
3421,2026-04-25 16:47:05,B
3422,2026-03-27 10:14:55,B
3423,2026-05-04 14:06:33,A
3424,2026-05-08 13:03:57,A
3425,2026-04-28 08:56:01,A
3426,2026-03-12 10:39:39,A
3427,2026-05-05 00:24:46,B
3428,2026-04-11 19:52:00,B
3429,2026-03-07 08:08:25,B
3430,2026-04-13 15:00:43,B
3431,2026-05-03 22:42:08,A
3432,2026-05-17 09:27:11,B
3433,2026-03-26 10:43:54,A
3434,2026-03-27 00:23:36,A
3435,2026-04-19 08:57:05,A
3436,2026-03-04 19:58:27,B
3437,2026-03-14 04:53:18,A
3438,2026-05-13 20:17:19,A
3439,2026-04-30 03:11:51,B
3440,2026-04-25 03:20:18,B
3441,2026-03-11 14:20:06,A
3442,2026-04-02 23:03:46,B
3443,2026-04-01 00:53:14,A
3444,2026-04-08 08:01:56,B
3445,2026-04-12 19:47:15,A
3446,2026-03-17 02:45:46,B
3447,2026-05-04 04:54:28,A
3448,2026-03-19 13:19:48,A
3449,2026-05-14 05:09:45,B
3450,2026-03-28 21:26:41,B
3451,2026-05-09 11:25:03,A
3452,2026-02-22 22:38:25,B
3453,2026-05-02 08:13:37,B
3454,2026-03-07 13:40:29,A
3455,2026-05-20 15:03:18,A
3456,2026-03-25 00:56:46,B
3457,2026-02-22 04:27:43,B
3458,2026-03-09 03:00:23,B
3459,2026-03-15 06:42:24,B
3460,2026-03-25 07:53:19,A
3461,2026-04-04 05:36:31,B
3462,2026-04-19 15:35:52,B
3463,2026-04-18 22:28:32,A
3464,2026-03-12 18:27:52,A
3465,2026-03-07 08:54:19,B
3466,2026-03-21 10:12:15,B
3467,2026-05-05 20:18:44,A
3468,2026-05-15 23:23:47,B
3469,2026-03-17 09:20:54,B
3470,2026-04-02 06:04:52,A
3471,2026-05-04 07:10:31,B
3472,2026-04-13 05:31:22,A
3473,2026-04-18 20:43:47,B
3474,2026-04-02 04:30:08,A
3475,2026-04-09 22:40:01,A
3476,2026-04-25 10:45:42,B
3477,2026-05-09 19:39:09,B
3478,2026-03-04 04:43:13,A
3479,2026-05-20 16:05:44,B
3480,2026-02-20 20:59:40,A
3481,2026-05-19 18:20:44,B
3482,2026-05-10 02:08:14,B
3483,2026-02-27 07:05:53,A
3484,2026-03-04 11:29:38,B
3485,2026-04-05 08:47:59,A
3486,2026-04-25 16:48:15,A
3487,2026-03-05 18:07:20,B
3488,2026-04-12 20:00:08,B
3489,2026-05-05 22:13:56,B
3490,2026-03-20 15:43:56,B
3491,2026-04-04 23:18:33,B
3492,2026-03-19 15:53:06,A
3493,2026-03-14 20:59:19,A
3494,2026-03-07 21:11:45,A
3495,2026-03-26 14:10:50,B
3496,2026-04-19 04:00:09,A
3497,2026-05-20 17:43:14,A
3498,2026-04-26 14:04:44,B
3499,2026-03-12 13:16:13,A
3500,2026-04-21 04:06:00,A
3501,2026-04-13 15:02:58,A
3502,2026-04-06 01:16:08,B
3503,2026-04-27 18:31:48,B
3504,2026-03-08 07:42:03,B
3505,2026-04-28 18:41:38,A
3506,2026-05-11 11:46:00,B
3507,2026-03-02 03:59:13,B
3508,2026-04-24 07:15:23,B
3509,2026-04-25 19:50:18,B
3510,2026-04-04 05:22:39,A
3511,2026-03-06 20:33:31,B
3512,2026-03-01 21:31:36,A
3513,2026-05-17 00:27:28,A
3514,2026-03-20 18:26:10,B
3515,2026-02-28 11:17:24,B
3516,2026-02-21 02:10:54,B
3517,2026-03-09 04:36:03,A
3518,2026-04-19 22:24:22,A
3519,2026-04-10 10:56:27,A
3520,2026-05-19 11:49:02,A
3521,2026-04-15 02:21:57,A
3522,2026-05-09 08:07:23,A
3523,2026-04-22 16:34:43,A
3524,2026-03-18 08:35:37,B
3525,2026-03-27 18:48:38,B
3526,2026-03-23 10:35:28,B
3527,2026-04-06 06:16:11,A
3528,2026-04-28 08:48:24,A
3529,2026-05-11 12:11:25,B
3530,2026-04-19 18:30:32,A
3531,2026-04-04 05:48:13,A
3532,2026-05-17 05:57:25,B
3533,2026-05-20 07:43:00,A
3534,2026-05-13 13:34:02,B
3535,2026-04-01 15:26:22,B
3536,2026-03-04 14:44:45,B
3537,2026-05-20 11:58:01,B
3538,2026-03-28 11:12:12,A
3539,2026-05-07 09:18:27,A
3540,2026-02-21 05:52:16,B
3541,2026-03-02 13:15:16,B
3542,2026-04-03 13:06:42,B
3543,2026-04-11 20:52:49,B
3544,2026-03-23 11:52:51,B
3545,2026-04-05 12:52:33,B
3546,2026-04-07 01:17:45,B
3547,2026-04-13 09:18:33,B
3548,2026-05-06 22:24:52,B
3549,2026-04-03 16:56:39,A
3550,2026-02-21 09:23:50,A
3551,2026-03-16 15:58:37,A
3552,2026-02-24 17:09:33,B
3553,2026-03-11 20:26:29,B
3554,2026-04-19 11:59:10,B
3555,2026-03-09 15:05:49,A
3556,2026-05-10 19:28:16,B
3557,2026-02-20 05:42:25,A
3558,2026-04-05 09:01:26,A
3559,2026-05-04 21:11:01,A
3560,2026-02-22 15:17:03,B
3561,2026-02-26 02:26:05,B
3562,2026-05-12 02:18:01,B
3563,2026-04-19 03:07:44,B
3564,2026-04-01 23:02:51,A
3565,2026-03-26 18:28:53,A
3566,2026-04-02 22:20:06,B
3567,2026-03-19 16:45:31,A
3568,2026-03-23 07:03:44,B
3569,2026-03-02 03:40:50,A
3570,2026-03-25 04:03:19,A
3571,2026-04-18 14:17:36,B
3572,2026-02-22 08:44:35,A
3573,2026-05-20 12:11:56,B
3574,2026-02-23 19:56:00,A
3575,2026-04-07 13:42:29,A
3576,2026-02-27 15:19:28,A
3577,2026-05-09 14:49:29,B
3578,2026-03-12 22:53:28,B
3579,2026-05-14 18:24:28,B
3580,2026-05-02 19:12:11,A
3581,2026-02-22 01:43:22,A
3582,2026-03-13 18:46:58,A
3583,2026-04-06 13:51:50,B
3584,2026-04-06 03:08:43,B
3585,2026-04-23 14:53:17,B
3586,2026-04-21 05:18:07,B
3587,2026-05-01 14:08:15,B
3588,2026-04-28 18:19:24,A
3589,2026-03-13 18:13:40,B
3590,2026-04-16 00:08:26,B
3591,2026-04-06 08:28:45,A
3592,2026-03-18 10:56:16,B
3593,2026-04-13 23:19:18,A
3594,2026-04-22 14:34:20,A
3595,2026-04-20 04:43:02,A
3596,2026-03-30 19:45:24,B
3597,2026-05-08 15:15:25,B
3598,2026-03-22 19:07:30,B
3599,2026-04-05 12:10:07,A
3600,2026-05-14 13:08:21,B
3601,2026-05-03 20:35:16,B
3602,2026-05-19 17:33:23,A
3603,2026-05-19 03:54:22,A
3604,2026-02-26 16:06:45,A
3605,2026-04-07 09:32:48,A
3606,2026-04-21 05:44:22,B
3607,2026-04-15 09:23:52,B
3608,2026-05-20 14:03:15,B
3609,2026-02-28 03:05:03,A
3610,2026-04-09 12:18:11,A
3611,2026-04-18 00:37:34,A
3612,2026-04-18 22:00:56,B
3613,2026-05-18 06:44:47,A
3614,2026-02-26 08:14:38,A
3615,2026-04-05 07:00:19,A
3616,2026-03-16 02:51:44,B
3617,2026-04-01 03:07:31,B
3618,2026-04-20 17:41:43,B
3619,2026-03-09 12:54:19,A
3620,2026-03-02 21:27:23,A
3621,2026-02-21 10:44:13,B
3622,2026-04-02 15:28:35,B
3623,2026-05-18 13:54:09,B
3624,2026-03-12 19:16:13,A
3625,2026-04-23 05:20:36,A
3626,2026-04-04 04:23:07,B
3627,2026-02-27 18:25:35,A
3628,2026-04-17 00:29:03,A
3629,2026-05-14 19:29:14,B
3630,2026-04-23 21:36:03,A
3631,2026-04-10 15:32:56,B
3632,2026-05-19 14:30:35,A
3633,2026-04-01 17:55:26,B
3634,2026-03-07 08:48:26,A
3635,2026-05-09 20:02:31,B
3636,2026-02-28 17:34:44,A
3637,2026-02-23 19:31:51,A
3638,2026-04-29 18:03:24,A
3639,2026-04-30 10:38:58,B
3640,2026-03-12 03:10:01,B
3641,2026-03-23 06:20:14,B
3642,2026-05-07 08:27:41,A
3643,2026-03-26 02:18:52,B
3644,2026-05-01 18:08:08,A
3645,2026-02-20 03:37:02,B
3646,2026-04-23 03:33:35,B
3647,2026-03-01 19:46:51,B
3648,2026-05-07 02:11:47,B
3649,2026-03-14 20:36:56,A
3650,2026-03-25 10:19:46,B
3651,2026-05-19 18:16:00,B
3652,2026-05-18 14:22:53,A
3653,2026-02-26 02:00:02,A
3654,2026-02-23 01:52:51,A
3655,2026-05-09 23:07:34,A
3656,2026-03-24 18:50:03,A
3657,2026-02-23 14:43:23,A
3658,2026-05-14 03:31:27,A
3659,2026-03-31 00:03:11,A
3660,2026-05-05 22:25:29,A
3661,2026-04-07 22:08:00,B
3662,2026-05-18 16:22:36,B
3663,2026-03-17 12:54:42,A
3664,2026-03-12 13:10:54,A
3665,2026-05-11 09:32:09,B
3666,2026-05-02 05:05:06,B
3667,2026-04-24 04:38:55,A
3668,2026-05-11 15:37:30,B
3669,2026-03-10 22:32:18,B
3670,2026-04-01 03:25:01,A
3671,2026-05-07 10:17:10,A
3672,2026-05-10 04:31:09,A
3673,2026-02-26 07:21:03,B
3674,2026-03-12 14:09:27,B
3675,2026-02-27 19:25:25,B
3676,2026-02-21 19:41:23,A
3677,2026-04-11 01:46:11,A
3678,2026-04-29 05:26:53,B
3679,2026-04-17 04:28:20,A
3680,2026-02-28 21:27:53,B
3681,2026-04-01 02:13:37,A
3682,2026-03-08 22:00:41,A
3683,2026-05-16 17:18:14,A
3684,2026-05-08 22:11:53,A
3685,2026-03-23 22:53:38,B
3686,2026-04-27 19:20:56,A
3687,2026-03-08 16:03:33,B
3688,2026-04-25 05:53:18,A
3689,2026-04-09 03:14:19,B
3690,2026-04-14 23:18:56,B
3691,2026-05-08 20:49:24,B
3692,2026-04-02 11:57:56,A
3693,2026-02-21 18:16:57,B
3694,2026-04-15 05:07:40,A
3695,2026-05-04 07:05:40,B
3696,2026-03-03 05:49:55,A
3697,2026-05-20 11:28:16,B
3698,2026-04-18 20:21:32,A
3699,2026-02-25 03:23:09,A
3700,2026-05-11 07:39:40,A
3701,2026-03-19 21:17:54,A
3702,2026-03-16 00:37:33,B
3703,2026-03-20 08:47:18,A
3704,2026-05-05 15:17:28,B
3705,2026-05-04 22:53:06,B
3706,2026-04-07 20:44:49,B
3707,2026-04-16 04:31:49,B
3708,2026-03-27 23:34:31,A
3709,2026-03-13 07:39:23,A
3710,2026-04-18 16:44:26,A
3711,2026-04-27 14:38:21,B
3712,2026-03-12 07:27:04,A
3713,2026-02-26 03:03:52,A
3714,2026-03-20 10:20:30,A
3715,2026-02-20 09:12:32,A
3716,2026-04-18 19:48:43,B
3717,2026-03-24 18:51:39,A
3718,2026-04-13 17:15:03,A
3719,2026-05-19 12:31:00,B
3720,2026-05-03 19:42:31,A
3721,2026-04-27 20:46:19,A
3722,2026-03-11 15:47:57,B
3723,2026-03-19 07:06:38,A
3724,2026-03-08 08:39:16,A
3725,2026-04-08 18:49:27,A
3726,2026-04-29 14:17:06,A
3727,2026-03-31 11:57:06,B
3728,2026-04-08 23:55:30,A
3729,2026-03-11 09:48:03,B
3730,2026-03-22 17:38:21,B
3731,2026-04-28 12:15:20,A
3732,2026-05-15 20:25:28,A
3733,2026-03-03 09:36:19,B
3734,2026-05-03 12:29:00,B
3735,2026-04-20 04:02:10,A
3736,2026-04-26 18:23:01,A
3737,2026-05-06 02:06:28,B
3738,2026-02-20 06:44:46,A
3739,2026-04-18 02:14:31,B
3740,2026-03-08 00:44:19,A
3741,2026-03-08 03:38:21,B
3742,2026-03-28 07:17:04,B
3743,2026-04-12 22:31:18,B
3744,2026-03-04 19:41:58,A
3745,2026-03-24 15:14:58,A
3746,2026-04-23 19:14:43,B
3747,2026-03-16 08:27:04,A
3748,2026-03-20 12:51:54,B
3749,2026-03-08 11:11:25,B
3750,2026-03-18 09:07:43,B
3751,2026-03-18 22:09:12,B
3752,2026-03-13 14:41:33,B
3753,2026-03-13 17:35:56,A
3754,2026-05-08 23:03:03,A
3755,2026-05-17 03:49:12,B
3756,2026-02-25 07:47:37,A
3757,2026-04-11 12:57:11,A
3758,2026-02-20 16:47:13,A
3759,2026-02-19 21:49:10,A
3760,2026-03-15 05:58:10,A
3761,2026-05-09 17:38:18,A
3762,2026-05-17 14:18:50,A
3763,2026-03-03 15:32:31,B
3764,2026-05-10 01:42:20,A
3765,2026-05-19 22:30:27,A
3766,2026-05-05 00:48:29,B
3767,2026-03-28 09:10:49,B
3768,2026-03-14 05:44:48,A
3769,2026-05-04 22:50:48,B
3770,2026-05-08 13:20:42,A
3771,2026-05-17 05:40:20,A
3772,2026-05-09 10:07:44,A
3773,2026-05-18 00:30:34,B
3774,2026-05-05 19:56:17,A
3775,2026-03-12 17:38:38,A
3776,2026-04-13 14:23:00,A
3777,2026-03-15 09:27:28,A
3778,2026-04-28 09:42:50,A
3779,2026-04-03 04:21:01,B
3780,2026-04-01 03:40:57,A
3781,2026-03-24 01:01:31,B
3782,2026-03-21 09:27:41,A
3783,2026-02-22 07:38:02,B
3784,2026-03-02 05:21:26,B
3785,2026-05-17 02:36:30,B
3786,2026-03-15 05:41:44,A
3787,2026-04-12 09:03:15,B
3788,2026-03-13 05:37:55,B
3789,2026-04-04 10:46:19,A
3790,2026-04-24 01:37:21,A
3791,2026-05-09 17:30:18,A
3792,2026-03-12 00:32:10,A
3793,2026-03-11 07:08:53,B
3794,2026-04-30 23:13:43,B
3795,2026-03-28 14:38:05,A
3796,2026-04-20 05:35:27,A
3797,2026-05-19 15:39:18,B
3798,2026-02-26 05:49:03,B
3799,2026-03-16 20:02:51,A
3800,2026-05-07 19:43:25,B
3801,2026-04-22 08:35:36,A
3802,2026-04-26 08:02:05,A
3803,2026-03-11 11:25:16,B
3804,2026-03-10 18:31:13,B
3805,2026-02-27 11:17:04,A
3806,2026-05-05 15:37:45,A
3807,2026-04-02 21:13:10,A
3808,2026-04-22 16:57:19,B
3809,2026-04-26 15:01:18,B
3810,2026-03-08 00:43:12,B
3811,2026-04-25 04:26:05,A
3812,2026-05-08 12:14:35,A
3813,2026-03-12 08:55:13,A
3814,2026-04-12 00:55:39,A
3815,2026-05-14 11:10:51,B
3816,2026-04-21 09:25:31,A
3817,2026-03-06 05:23:59,A
3818,2026-03-07 11:24:13,B
3819,2026-04-28 15:50:31,A
3820,2026-03-13 22:11:11,A
3821,2026-03-04 14:07:53,B
3822,2026-03-04 02:42:20,A
3823,2026-04-09 00:55:36,A
3824,2026-04-02 12:12:40,B
3825,2026-03-27 07:49:35,B
3826,2026-03-03 02:25:36,B
3827,2026-05-03 01:29:49,A
3828,2026-05-13 14:46:51,A
3829,2026-03-05 12:51:11,A
3830,2026-05-18 19:40:21,A
3831,2026-02-24 18:10:16,A
3832,2026-03-26 09:50:17,A
3833,2026-05-12 10:16:19,B
3834,2026-04-27 18:47:34,A
3835,2026-05-14 12:00:03,B
3836,2026-05-10 20:08:01,A
3837,2026-04-23 07:33:46,B
3838,2026-03-16 05:34:21,A
3839,2026-03-15 20:43:02,B
3840,2026-02-22 08:49:47,A
3841,2026-04-05 05:51:34,B
3842,2026-02-21 08:06:33,B
3843,2026-04-24 13:41:17,B
3844,2026-04-27 13:21:07,B
3845,2026-05-15 05:40:51,A
3846,2026-03-19 16:36:04,B
3847,2026-03-26 18:54:56,A
3848,2026-03-16 09:14:45,B
3849,2026-04-02 09:24:55,B
3850,2026-04-25 21:22:36,B
3851,2026-04-14 10:43:44,B
3852,2026-04-29 17:10:22,B
3853,2026-03-29 17:25:54,B
3854,2026-02-20 11:17:25,A
3855,2026-05-04 06:47:13,B
3856,2026-03-16 16:12:50,A
3857,2026-03-01 16:52:29,A
3858,2026-03-08 02:29:58,A
3859,2026-02-28 14:24:41,A
3860,2026-04-10 16:49:46,B
3861,2026-03-20 04:20:27,A
3862,2026-04-16 09:30:50,B
3863,2026-03-11 21:13:37,B
3864,2026-04-08 12:13:13,A
3865,2026-03-05 18:03:45,A
3866,2026-02-28 07:02:06,B
3867,2026-04-30 01:07:41,A
3868,2026-05-14 15:11:24,A
3869,2026-03-29 05:30:42,A
3870,2026-04-01 22:39:26,B
3871,2026-04-30 09:09:51,A
3872,2026-04-22 23:53:27,B
3873,2026-03-14 10:45:53,A
3874,2026-04-03 15:44:38,B
3875,2026-04-29 19:25:29,B
3876,2026-02-24 04:09:24,A
3877,2026-04-13 07:11:31,A
3878,2026-05-18 18:53:28,B
3879,2026-03-18 11:44:49,B
3880,2026-03-20 18:25:10,A
3881,2026-04-24 19:47:40,A
3882,2026-04-10 02:42:59,A
3883,2026-02-26 04:36:20,B
3884,2026-03-27 21:49:10,B
3885,2026-04-12 07:35:48,B
3886,2026-02-21 07:34:31,B
3887,2026-03-04 01:29:28,B
3888,2026-04-07 17:02:43,B
3889,2026-03-12 11:28:40,B
3890,2026-03-17 14:11:36,A
3891,2026-03-22 23:29:12,A
3892,2026-05-03 03:45:19,B
3893,2026-03-17 06:38:22,B
3894,2026-04-28 12:53:50,A
3895,2026-03-28 19:46:29,A
3896,2026-05-11 09:59:34,B
3897,2026-04-14 14:16:21,A
3898,2026-05-03 16:05:18,A
3899,2026-03-12 09:37:14,B
3900,2026-04-02 05:23:33,A
3901,2026-02-22 06:17:59,A
3902,2026-05-20 03:11:04,A
3903,2026-05-15 16:32:42,B
3904,2026-04-20 23:04:42,A
3905,2026-03-05 10:36:41,A
3906,2026-05-08 20:20:42,A
3907,2026-04-29 06:19:10,A
3908,2026-05-05 01:07:53,A
3909,2026-05-02 08:56:23,A
3910,2026-05-04 20:23:43,A
3911,2026-05-01 18:08:39,A
3912,2026-04-10 00:11:16,B
3913,2026-03-30 05:58:11,B
3914,2026-02-28 00:51:29,B
3915,2026-05-17 00:59:56,A
3916,2026-03-26 23:02:38,A
3917,2026-04-23 07:46:33,B
3918,2026-03-22 23:05:25,B
3919,2026-03-09 08:21:37,B
3920,2026-03-17 00:42:25,A
3921,2026-03-28 09:08:06,B
3922,2026-05-15 03:36:28,B
3923,2026-03-09 17:09:50,A
3924,2026-04-17 08:47:03,A
3925,2026-02-21 00:57:49,B
3926,2026-03-25 14:19:46,B
3927,2026-04-25 11:48:08,B
3928,2026-03-02 10:55:24,A
3929,2026-04-17 23:00:47,A
3930,2026-04-01 20:51:19,A
3931,2026-03-04 07:11:10,A
3932,2026-02-20 05:56:12,B
3933,2026-03-01 02:22:41,B
3934,2026-05-12 09:21:58,B
3935,2026-04-05 17:42:49,A
3936,2026-03-16 23:51:00,B
3937,2026-04-06 07:36:09,B
3938,2026-03-14 01:22:37,A
3939,2026-03-09 02:01:07,B
3940,2026-05-19 05:22:59,A
3941,2026-05-16 22:10:09,B
3942,2026-05-11 02:24:15,B
3943,2026-04-01 10:41:55,B
3944,2026-02-23 22:48:58,A
3945,2026-04-21 12:11:24,B
3946,2026-03-10 20:32:52,A
3947,2026-04-05 11:04:04,B
3948,2026-05-02 09:16:22,A
3949,2026-02-21 08:13:40,B
3950,2026-03-29 14:34:16,B
3951,2026-03-19 13:28:33,B
3952,2026-04-10 21:07:22,A
3953,2026-05-13 11:56:52,B
3954,2026-03-05 08:09:06,B
3955,2026-04-16 01:57:07,A
3956,2026-03-28 04:03:58,A
3957,2026-04-30 16:19:42,A
3958,2026-05-01 14:08:44,B
3959,2026-02-24 06:12:26,B
3960,2026-02-27 01:44:24,B
3961,2026-04-30 04:28:31,B
3962,2026-03-14 12:46:07,A
3963,2026-02-23 12:36:32,A
3964,2026-02-20 23:36:06,B
3965,2026-05-08 11:27:08,B
3966,2026-05-01 05:52:54,B
3967,2026-05-20 08:04:01,A
3968,2026-03-08 00:31:47,A
3969,2026-05-03 14:42:25,B
3970,2026-03-06 06:21:02,B
3971,2026-02-22 17:14:56,A
3972,2026-05-05 23:36:52,A
3973,2026-03-11 21:35:32,B
3974,2026-02-21 22:32:42,A
3975,2026-03-13 03:36:14,A
3976,2026-03-28 12:33:40,B
3977,2026-04-06 02:06:51,A
3978,2026-03-02 19:51:14,B
3979,2026-05-16 00:24:09,B
3980,2026-02-23 00:58:01,A
3981,2026-03-17 10:57:35,B
3982,2026-02-28 05:15:48,A
3983,2026-05-12 13:03:50,A
3984,2026-03-23 18:39:31,A
3985,2026-03-19 19:18:08,A
3986,2026-02-24 11:55:59,A
3987,2026-05-16 02:16:12,B
3988,2026-03-01 20:11:56,B
3989,2026-03-09 07:13:37,A
3990,2026-03-21 19:47:36,B
3991,2026-03-13 04:39:23,B
3992,2026-04-11 02:16:18,B
3993,2026-03-20 03:50:04,A
3994,2026-03-30 05:09:59,B
3995,2026-05-13 22:26:43,B
3996,2026-03-11 15:45:47,B
3997,2026-04-29 17:57:01,B
3998,2026-03-05 13:09:01,B
3999,2026-02-21 21:36:17,A
4000,2026-03-25 01:52:50,B
4001,2026-04-10 17:35:30,B
4002,2026-02-24 07:12:46,B
4003,2026-04-30 06:23:06,A
4004,2026-03-08 14:53:59,B
4005,2026-04-14 19:06:55,A
4006,2026-04-05 00:15:59,B
4007,2026-03-28 08:14:10,B
4008,2026-03-19 06:18:06,B
4009,2026-05-10 11:23:55,A
4010,2026-03-23 14:22:48,B
4011,2026-05-11 02:10:38,B
4012,2026-05-02 09:55:31,B
4013,2026-04-01 22:47:28,B
4014,2026-04-25 06:22:45,A
4015,2026-04-02 06:19:25,B
4016,2026-04-14 17:10:54,B
4017,2026-05-16 08:48:33,B
4018,2026-03-29 16:35:31,A
4019,2026-03-31 09:08:30,B
4020,2026-02-20 14:19:53,B
4021,2026-04-17 20:42:04,B
4022,2026-05-07 20:56:40,B
4023,2026-03-18 20:17:55,B
4024,2026-03-09 08:29:54,B
4025,2026-03-25 00:48:04,A
4026,2026-02-21 03:53:31,A
4027,2026-04-19 03:35:10,B
4028,2026-04-03 20:51:27,A
4029,2026-05-14 21:06:44,B
4030,2026-03-26 18:28:49,B
4031,2026-05-10 11:51:21,A
4032,2026-03-03 19:22:21,A
4033,2026-05-15 12:10:51,B
4034,2026-03-19 17:59:31,B
4035,2026-05-04 15:27:36,B
4036,2026-03-22 14:21:11,B
4037,2026-04-08 04:38:55,A
4038,2026-03-21 13:30:21,A
4039,2026-04-27 11:06:18,A
4040,2026-03-14 12:12:01,A
4041,2026-03-18 19:41:50,A
4042,2026-02-21 04:49:37,B
4043,2026-03-13 16:44:52,B
4044,2026-04-14 11:39:06,B
4045,2026-04-03 11:47:54,A
4046,2026-04-23 22:50:23,B
4047,2026-03-10 09:21:13,B
4048,2026-03-23 11:12:51,B
4049,2026-05-20 04:16:34,B
4050,2026-03-23 22:45:08,A
4051,2026-05-02 00:17:53,A
4052,2026-05-11 17:11:23,A
4053,2026-02-24 20:12:15,A
4054,2026-04-29 18:18:10,B
4055,2026-05-04 11:36:34,A
4056,2026-05-06 23:23:13,A
4057,2026-02-23 12:45:06,B
4058,2026-02-24 08:11:24,A
4059,2026-05-09 23:10:53,B
4060,2026-05-18 22:21:44,A
4061,2026-04-07 02:51:57,B
4062,2026-04-25 09:55:42,A
4063,2026-03-13 00:16:21,B
4064,2026-03-04 19:56:07,A
4065,2026-03-27 16:07:55,A
4066,2026-04-05 20:06:23,B
4067,2026-02-27 10:06:18,A
4068,2026-03-22 21:11:24,B
4069,2026-02-25 15:52:30,A
4070,2026-04-29 10:52:13,B
4071,2026-04-11 14:22:05,A
4072,2026-04-29 06:24:30,B
4073,2026-05-08 19:32:13,A
4074,2026-04-28 20:56:25,A
4075,2026-04-21 05:24:22,B
4076,2026-05-15 12:10:24,A
4077,2026-03-14 09:32:48,B
4078,2026-04-23 13:06:23,B
4079,2026-04-04 03:12:38,B
4080,2026-04-19 09:08:29,A
4081,2026-03-04 10:04:00,B
4082,2026-03-02 15:25:52,B
4083,2026-02-25 14:13:45,B
4084,2026-03-15 02:18:06,A
4085,2026-04-28 03:46:05,B
4086,2026-03-21 22:13:52,B
4087,2026-02-26 06:38:03,B
4088,2026-04-16 17:07:42,B
4089,2026-03-18 02:37:45,B
4090,2026-03-30 00:27:12,A
4091,2026-04-04 03:13:54,B
4092,2026-04-27 00:29:55,B
4093,2026-02-22 06:33:41,B
4094,2026-04-04 12:50:04,B
4095,2026-04-03 17:31:16,B
4096,2026-04-07 13:28:56,B
4097,2026-03-21 05:11:04,A
4098,2026-02-24 13:38:49,A
4099,2026-05-13 17:11:04,A
4100,2026-04-08 03:45:28,B
4101,2026-03-02 03:48:44,B
4102,2026-04-18 04:01:30,B
4103,2026-03-12 01:59:28,B
4104,2026-04-14 06:51:55,A
4105,2026-03-31 01:48:05,A
4106,2026-04-10 10:27:33,B
4107,2026-04-08 18:06:49,B
4108,2026-04-29 18:08:38,A
4109,2026-05-10 12:31:07,B
4110,2026-03-27 08:40:13,B
4111,2026-04-09 03:27:16,B
4112,2026-03-22 13:20:12,A
4113,2026-04-16 12:54:25,A
4114,2026-05-15 05:16:57,B
4115,2026-05-07 03:30:59,B
4116,2026-03-09 05:33:57,B
4117,2026-03-19 19:34:02,A
4118,2026-04-16 16:47:12,A
4119,2026-03-13 23:43:19,B
4120,2026-04-16 03:03:26,A
4121,2026-03-23 20:49:20,B
4122,2026-05-04 22:41:28,B
4123,2026-05-12 15:21:35,B
4124,2026-03-25 02:40:57,B
4125,2026-03-29 18:46:26,B
4126,2026-02-24 21:00:23,A
4127,2026-03-17 15:36:28,B
4128,2026-02-19 22:49:42,B
4129,2026-04-15 15:51:26,B
4130,2026-03-19 10:11:00,B
4131,2026-02-22 12:06:40,A
4132,2026-04-16 20:11:09,A
4133,2026-02-20 17:05:41,A
4134,2026-04-09 08:06:43,B
4135,2026-04-02 04:32:43,B
4136,2026-04-26 10:52:54,A
4137,2026-04-15 20:48:51,A
4138,2026-03-09 18:26:57,B
4139,2026-03-21 18:53:24,A
4140,2026-03-09 02:30:56,B
4141,2026-03-31 07:53:10,A
4142,2026-03-17 16:52:12,A
4143,2026-04-27 21:13:07,A
4144,2026-03-13 18:03:44,B
4145,2026-04-19 00:21:39,B
4146,2026-04-01 21:18:26,B
4147,2026-03-20 18:17:15,B
4148,2026-02-21 14:44:29,B
4149,2026-04-19 17:41:21,A
4150,2026-03-22 03:17:43,B
4151,2026-04-29 11:06:10,A
4152,2026-04-08 06:13:57,B
4153,2026-04-12 21:41:17,B
4154,2026-04-23 17:55:06,B
4155,2026-05-05 20:51:17,B
4156,2026-03-20 06:30:45,B
4157,2026-03-06 13:24:32,A
4158,2026-04-24 07:35:39,B
4159,2026-03-06 10:27:47,A
4160,2026-02-25 09:14:24,B
4161,2026-04-18 20:10:04,B
4162,2026-03-19 23:15:21,A
4163,2026-03-22 14:10:09,B
4164,2026-05-18 01:10:29,A
4165,2026-04-12 11:09:24,B
4166,2026-03-20 12:21:58,A
4167,2026-04-04 13:10:43,B
4168,2026-03-25 16:07:41,A
4169,2026-04-05 04:28:01,A
4170,2026-04-09 23:49:13,A
4171,2026-04-10 22:29:55,B
4172,2026-03-24 11:09:24,A
4173,2026-04-08 22:46:23,B
4174,2026-04-10 03:43:07,B
4175,2026-03-07 05:55:48,B
4176,2026-02-25 08:39:32,B
4177,2026-04-13 21:51:44,B
4178,2026-02-28 21:28:58,A
4179,2026-05-20 01:57:53,A
4180,2026-04-13 10:37:30,A
4181,2026-05-04 09:39:03,B
4182,2026-05-11 01:54:07,A
4183,2026-03-19 16:06:13,A
4184,2026-02-21 02:40:21,B
4185,2026-04-05 15:32:14,B
4186,2026-03-12 01:52:13,B
4187,2026-04-13 03:24:34,B
4188,2026-04-09 01:39:31,B
4189,2026-04-27 00:36:09,A
4190,2026-05-18 07:43:57,A
4191,2026-05-03 13:53:22,B
4192,2026-04-24 23:09:50,A
4193,2026-04-02 15:38:17,A
4194,2026-04-02 14:05:46,A
4195,2026-04-16 03:09:49,A
4196,2026-04-08 17:03:01,B
4197,2026-05-16 16:40:45,B
4198,2026-05-06 22:58:27,B
4199,2026-04-07 01:52:41,A
4200,2026-04-29 10:58:20,A
4201,2026-03-22 04:42:04,A
4202,2026-04-19 01:26:09,A
4203,2026-04-26 16:06:06,A
4204,2026-05-02 07:28:33,B
4205,2026-05-08 05:38:37,A
4206,2026-05-16 11:29:25,A
4207,2026-04-07 14:02:24,B
4208,2026-05-01 14:39:18,B
4209,2026-04-15 18:52:50,B
4210,2026-04-15 18:33:27,A
4211,2026-04-05 06:11:11,B
4212,2026-03-11 23:44:16,B
4213,2026-03-05 21:28:20,A
4214,2026-05-20 17:49:10,A
4215,2026-04-29 10:38:24,B
4216,2026-05-07 01:22:10,A
4217,2026-04-26 12:49:27,B
4218,2026-03-09 13:31:23,B
4219,2026-04-06 17:08:07,B
4220,2026-05-16 13:11:18,A
4221,2026-05-15 10:16:47,B
4222,2026-05-06 22:16:11,A
4223,2026-02-22 21:29:35,B
4224,2026-05-13 04:32:01,A
4225,2026-03-19 16:30:53,B
4226,2026-02-23 18:41:17,A
4227,2026-04-09 17:39:09,B
4228,2026-03-28 10:56:46,A
4229,2026-03-01 23:59:06,B
4230,2026-03-24 08:00:35,B
4231,2026-03-23 19:05:51,B
4232,2026-03-19 09:05:19,A
4233,2026-04-16 03:38:58,A
4234,2026-04-08 19:22:42,B
4235,2026-04-03 16:52:27,B
4236,2026-04-26 20:31:49,B
4237,2026-05-11 13:30:12,A
4238,2026-03-31 19:02:57,B
4239,2026-03-03 17:06:04,B
4240,2026-03-27 12:48:41,B
4241,2026-02-23 13:29:51,A
4242,2026-03-18 15:51:07,A
4243,2026-05-08 19:59:09,B
4244,2026-03-19 17:28:17,A
4245,2026-05-09 07:35:59,A
4246,2026-03-17 08:31:56,B
4247,2026-05-09 19:41:47,A
4248,2026-05-17 02:10:27,B
4249,2026-05-02 16:55:14,A
4250,2026-04-22 21:35:25,B
4251,2026-04-12 20:23:34,B
4252,2026-03-28 03:55:00,A
4253,2026-04-30 15:25:24,B
4254,2026-05-15 00:56:32,B
4255,2026-05-04 20:41:34,B
4256,2026-04-15 02:36:29,A
4257,2026-03-01 20:57:24,B
4258,2026-03-09 21:45:39,B
4259,2026-04-30 07:32:12,A
4260,2026-04-22 02:17:03,B
4261,2026-04-08 22:32:36,B
4262,2026-03-14 20:34:34,A
4263,2026-03-02 21:23:38,B
4264,2026-05-10 18:11:03,A
4265,2026-03-05 17:37:37,B
4266,2026-03-12 03:32:08,B
4267,2026-04-28 18:42:44,B
4268,2026-04-26 15:12:32,B
4269,2026-03-18 21:33:01,B
4270,2026-05-15 05:26:27,B
4271,2026-02-25 00:21:54,A
4272,2026-04-05 13:10:32,B
4273,2026-02-26 23:16:46,A
4274,2026-04-09 03:15:57,B
4275,2026-03-22 18:49:17,B
4276,2026-05-18 12:30:10,A
4277,2026-03-02 22:46:32,A
4278,2026-05-14 10:09:14,B
4279,2026-04-15 23:10:11,B
4280,2026-05-19 17:01:45,A
4281,2026-05-03 16:56:22,B
4282,2026-03-13 13:30:47,A
4283,2026-03-01 03:45:36,B
4284,2026-03-10 08:19:34,A
4285,2026-03-30 15:42:19,B
4286,2026-02-28 07:06:20,B
4287,2026-04-08 00:59:34,B
4288,2026-05-06 02:24:11,A
4289,2026-05-16 06:12:24,A
4290,2026-03-18 14:21:43,A
4291,2026-03-16 10:17:18,A
4292,2026-04-26 07:28:00,B
4293,2026-02-22 10:51:12,A
4294,2026-05-10 16:01:28,A
4295,2026-03-02 14:02:54,A
4296,2026-03-17 14:37:15,A
4297,2026-02-26 04:01:01,A
4298,2026-02-21 22:20:54,B
4299,2026-05-12 23:04:51,B
4300,2026-04-21 19:50:30,B
4301,2026-05-17 10:28:45,A
4302,2026-04-18 03:42:46,B
4303,2026-03-06 06:08:35,A
4304,2026-02-28 10:06:41,B
4305,2026-05-09 21:48:17,A
4306,2026-03-24 05:40:32,A
4307,2026-02-22 05:52:32,B
4308,2026-04-14 03:47:36,B
4309,2026-03-15 11:41:53,B
4310,2026-02-21 23:36:28,A
4311,2026-03-29 10:35:43,B
4312,2026-03-12 04:02:51,A
4313,2026-05-16 11:25:54,B
4314,2026-05-20 12:03:11,A
4315,2026-04-03 10:32:56,B
4316,2026-04-12 14:33:04,B
4317,2026-03-04 11:12:52,A
4318,2026-03-18 06:53:01,A
4319,2026-05-16 04:09:49,A
4320,2026-05-11 12:15:39,A
4321,2026-02-23 18:38:54,A
4322,2026-05-14 04:57:00,B
4323,2026-05-02 22:35:55,A
4324,2026-04-14 16:41:08,B
4325,2026-03-18 22:40:17,A
4326,2026-02-21 01:25:26,B
4327,2026-04-10 20:14:46,A
4328,2026-03-17 18:08:18,B
4329,2026-04-02 11:13:49,A
4330,2026-03-12 04:57:08,A
4331,2026-03-24 01:59:16,A
4332,2026-03-08 07:00:18,B
4333,2026-03-31 10:47:57,B
4334,2026-04-30 11:53:17,A
4335,2026-03-26 03:35:04,A
4336,2026-03-03 11:17:41,B
4337,2026-05-04 18:53:06,A
4338,2026-05-07 08:39:03,A
4339,2026-03-22 16:44:15,A
4340,2026-03-24 02:43:44,B
4341,2026-05-12 19:37:06,A
4342,2026-03-12 10:03:33,B
4343,2026-03-15 18:57:39,A
4344,2026-03-28 09:19:36,A
4345,2026-05-10 15:59:01,B
4346,2026-03-20 18:02:30,B
4347,2026-05-17 17:11:46,B
4348,2026-04-17 08:59:01,A
4349,2026-05-01 02:44:59,A
4350,2026-03-12 12:48:06,A
4351,2026-05-08 11:17:55,A
4352,2026-05-03 09:22:05,A
4353,2026-05-13 11:09:54,A
4354,2026-03-22 23:42:51,A
4355,2026-02-21 04:46:01,B
4356,2026-03-31 05:58:14,B
4357,2026-03-02 02:41:36,A
4358,2026-04-16 21:06:50,B
4359,2026-04-02 23:24:55,B
4360,2026-03-08 17:05:48,A
4361,2026-03-10 22:02:31,A
4362,2026-04-26 14:59:33,B
4363,2026-05-11 19:16:52,B
4364,2026-03-25 11:30:58,B
4365,2026-03-04 00:56:18,A
4366,2026-03-27 03:19:03,B
4367,2026-03-14 03:09:25,A
4368,2026-03-06 04:56:38,B
4369,2026-04-17 17:44:33,A
4370,2026-04-08 21:31:41,A
4371,2026-04-02 18:44:32,B
4372,2026-03-07 03:35:25,A
4373,2026-05-02 21:46:11,B
4374,2026-05-18 08:11:52,B
4375,2026-03-22 08:39:06,B
4376,2026-04-29 14:44:39,B
4377,2026-05-05 06:48:17,B
4378,2026-05-02 15:02:15,A
4379,2026-05-17 06:54:53,B
4380,2026-03-18 03:10:52,B
4381,2026-04-01 04:29:55,B
4382,2026-03-09 07:05:03,B
4383,2026-05-03 11:19:36,B
4384,2026-05-09 11:18:24,A
4385,2026-03-04 10:41:52,A
4386,2026-05-13 19:40:42,A
4387,2026-03-04 15:40:12,A
4388,2026-02-28 14:51:57,A
4389,2026-03-26 10:58:06,B
4390,2026-03-21 07:47:33,A
4391,2026-04-27 02:32:56,A
4392,2026-03-08 21:25:33,B
4393,2026-05-08 13:35:27,B
4394,2026-03-27 00:45:13,B
4395,2026-04-28 03:01:40,A
4396,2026-03-03 00:28:08,B
4397,2026-03-06 19:47:32,A
4398,2026-02-28 15:04:04,B
4399,2026-04-03 02:13:09,B
4400,2026-04-04 13:23:29,A
4401,2026-03-11 13:03:19,B
4402,2026-03-05 01:11:44,A
4403,2026-04-14 07:37:13,A
4404,2026-05-06 14:02:15,B
4405,2026-03-17 04:48:53,B
4406,2026-05-05 05:31:40,A
4407,2026-04-30 23:39:38,B
4408,2026-04-04 10:34:29,A
4409,2026-03-15 19:58:20,A
4410,2026-05-09 05:58:59,A
4411,2026-05-08 18:58:26,B
4412,2026-02-25 05:27:21,B
4413,2026-04-02 08:28:37,B
4414,2026-05-09 14:48:04,B
4415,2026-03-18 13:00:08,A
4416,2026-03-08 13:04:03,B
4417,2026-05-14 22:45:26,A
4418,2026-03-12 12:05:34,B
4419,2026-04-30 13:15:34,A
4420,2026-04-01 17:52:12,A
4421,2026-05-05 18:31:32,A
4422,2026-03-31 19:41:35,A
4423,2026-02-21 08:17:29,B
4424,2026-05-10 12:31:30,A
4425,2026-04-01 00:35:39,A
4426,2026-05-13 14:31:44,A
4427,2026-02-23 02:55:48,A
4428,2026-03-29 09:12:06,B
4429,2026-03-04 07:35:22,A
4430,2026-04-09 15:08:02,A
4431,2026-04-19 19:30:40,B
4432,2026-05-01 03:22:36,B
4433,2026-03-17 07:07:47,A
4434,2026-05-18 22:26:32,B
4435,2026-03-28 18:50:13,B
4436,2026-05-09 04:54:42,B
4437,2026-04-28 11:50:04,A
4438,2026-03-18 11:45:01,A
4439,2026-03-21 18:31:42,A
4440,2026-05-04 07:33:20,A
4441,2026-05-17 06:12:59,A
4442,2026-02-26 05:07:13,A
4443,2026-02-27 15:47:36,B
4444,2026-04-21 20:02:31,A
4445,2026-04-29 08:58:08,A
4446,2026-03-23 06:21:27,B
4447,2026-04-23 05:51:45,A
4448,2026-05-18 18:38:44,B
4449,2026-03-12 00:02:20,A
4450,2026-02-20 09:38:55,B
4451,2026-03-06 04:07:56,A
4452,2026-04-10 13:07:08,A
4453,2026-05-13 22:02:05,A
4454,2026-04-19 00:01:05,A
4455,2026-04-23 20:25:40,B
4456,2026-03-09 10:55:07,B
4457,2026-03-11 11:57:11,A
4458,2026-03-09 02:09:12,A
4459,2026-04-20 16:40:03,A
4460,2026-05-04 18:57:41,A
4461,2026-05-19 12:50:58,B
4462,2026-04-30 13:43:33,A
4463,2026-02-28 02:52:57,B
4464,2026-02-22 03:16:49,A
4465,2026-04-08 10:45:29,B
4466,2026-04-05 15:44:28,B
4467,2026-03-23 22:56:34,B
4468,2026-05-02 03:30:36,B
4469,2026-02-28 16:38:22,B
4470,2026-04-28 07:59:04,A
4471,2026-05-06 09:15:00,A
4472,2026-05-06 02:06:58,A
4473,2026-03-27 18:25:49,A
4474,2026-04-20 21:34:34,B
4475,2026-03-08 14:31:17,A
4476,2026-03-13 12:12:12,A
4477,2026-05-02 16:53:18,A
4478,2026-02-22 22:22:42,B
4479,2026-05-17 20:31:37,A
4480,2026-05-19 22:39:35,B
4481,2026-03-11 16:20:42,A
4482,2026-04-27 17:23:06,B
4483,2026-03-12 11:42:14,A
4484,2026-02-28 23:23:00,A
4485,2026-05-14 03:44:53,B
4486,2026-05-04 04:55:33,B
4487,2026-03-14 18:38:40,A
4488,2026-04-10 16:38:49,B
4489,2026-02-24 07:31:23,B
4490,2026-03-07 07:50:17,B
4491,2026-04-16 15:45:10,A
4492,2026-05-04 01:55:29,B
4493,2026-02-25 00:00:00,B
4494,2026-04-11 07:18:43,B
4495,2026-03-31 09:14:17,A
4496,2026-03-01 15:00:58,B
4497,2026-04-15 20:24:00,A
4498,2026-04-26 01:35:48,A
4499,2026-05-19 05:41:27,A
4500,2026-03-04 17:23:34,A
4501,2026-05-05 08:19:25,B
4502,2026-03-09 07:34:01,A
4503,2026-04-17 21:40:55,B
4504,2026-04-27 03:47:47,B
4505,2026-03-23 00:14:01,B
4506,2026-05-09 01:52:06,A
4507,2026-05-06 00:26:04,A
4508,2026-02-26 00:34:57,B
4509,2026-04-06 14:32:28,B
4510,2026-02-23 07:01:12,A
4511,2026-04-13 02:08:36,B
4512,2026-04-22 03:20:54,B
4513,2026-03-15 18:15:41,A
4514,2026-03-22 02:59:56,A
4515,2026-05-04 14:31:49,A
4516,2026-03-23 16:06:35,A
4517,2026-04-20 10:00:24,A
4518,2026-05-12 15:08:09,B
4519,2026-02-25 22:43:44,A
4520,2026-05-17 18:24:15,B
4521,2026-03-19 22:31:43,A
4522,2026-05-01 16:07:17,B
4523,2026-05-01 20:23:08,A
4524,2026-03-21 01:26:24,B
4525,2026-03-07 19:01:31,A
4526,2026-05-03 14:12:02,B
4527,2026-04-10 17:02:03,A
4528,2026-05-17 10:39:04,A
4529,2026-03-17 16:44:42,B
4530,2026-05-17 05:22:31,B
4531,2026-03-15 11:37:40,B
4532,2026-02-19 21:56:39,B
4533,2026-03-06 08:06:48,A
4534,2026-05-17 04:32:38,A
4535,2026-05-05 15:18:47,A
4536,2026-04-21 09:49:13,B
4537,2026-03-11 07:15:30,A
4538,2026-04-26 12:56:37,A
4539,2026-04-09 19:10:10,A
4540,2026-04-06 03:39:24,A
4541,2026-04-23 11:33:45,B
4542,2026-04-10 15:40:09,B
4543,2026-04-23 08:54:55,A
4544,2026-03-23 07:37:07,B
4545,2026-03-17 19:57:50,B
4546,2026-05-03 16:18:02,B
4547,2026-04-01 08:46:33,B
4548,2026-03-07 17:19:33,A
4549,2026-04-27 21:44:32,B
4550,2026-04-03 18:32:04,B
4551,2026-04-19 13:14:40,A
4552,2026-05-16 19:06:11,A
4553,2026-03-19 15:25:40,A
4554,2026-05-05 10:32:30,A
4555,2026-03-21 16:05:14,B
4556,2026-04-23 10:15:41,A
4557,2026-03-02 05:05:07,A
4558,2026-05-20 11:32:18,A
4559,2026-03-10 04:55:25,B
4560,2026-03-24 19:16:49,B
4561,2026-05-19 09:13:55,A
4562,2026-03-21 15:55:07,B
4563,2026-03-14 18:30:51,A
4564,2026-03-30 02:03:24,B
4565,2026-03-05 19:34:52,A
4566,2026-05-06 21:49:31,B
4567,2026-04-30 20:51:18,A
4568,2026-05-01 01:40:11,B
4569,2026-04-30 02:35:52,A
4570,2026-04-09 08:39:45,B
4571,2026-05-01 21:32:41,B
4572,2026-04-24 08:02:46,B
4573,2026-04-04 09:50:03,A
4574,2026-04-17 10:09:06,B
4575,2026-02-20 16:01:59,A
4576,2026-03-17 04:57:18,A
4577,2026-05-03 18:07:27,B
4578,2026-03-26 03:49:33,A
4579,2026-04-24 17:18:24,B
4580,2026-04-29 14:05:28,A
4581,2026-02-23 23:46:01,B
4582,2026-05-15 22:55:35,B
4583,2026-05-03 08:51:03,B
4584,2026-04-29 10:43:49,B
4585,2026-03-11 06:40:21,B
4586,2026-04-21 21:40:00,A
4587,2026-04-13 14:11:38,A
4588,2026-05-18 07:59:35,A
4589,2026-04-13 15:30:32,A
4590,2026-03-05 13:00:27,B
4591,2026-03-14 22:54:12,B
4592,2026-03-17 08:12:24,A
4593,2026-05-14 05:55:27,A
4594,2026-03-26 17:21:57,B
4595,2026-04-19 18:38:00,B
4596,2026-03-11 11:45:22,B
4597,2026-04-01 08:32:00,B
4598,2026-03-03 14:12:33,B
4599,2026-03-24 13:47:06,A
4600,2026-05-19 00:25:27,A
4601,2026-04-17 05:04:59,A
4602,2026-03-30 20:16:50,B
4603,2026-02-20 09:27:25,A
4604,2026-04-21 06:27:02,B
4605,2026-03-02 20:37:20,A
4606,2026-03-19 05:41:03,A
4607,2026-03-15 07:18:18,B
4608,2026-04-14 19:07:54,A
4609,2026-02-22 11:00:42,A
4610,2026-03-26 01:10:40,B
4611,2026-03-12 06:34:21,A
4612,2026-04-15 14:43:06,B
4613,2026-02-23 04:45:52,B
4614,2026-03-09 10:49:30,B
4615,2026-03-06 10:15:43,A
4616,2026-03-27 20:52:59,B
4617,2026-02-20 11:49:31,B
4618,2026-05-09 06:25:54,B
4619,2026-03-31 15:58:28,B
4620,2026-03-23 06:52:04,B
4621,2026-05-01 07:34:16,B
4622,2026-03-12 16:28:24,A
4623,2026-05-05 11:47:48,B
4624,2026-02-19 20:33:53,A
4625,2026-03-14 11:50:06,A
4626,2026-03-24 04:26:39,B
4627,2026-02-21 21:39:58,A
4628,2026-03-15 16:51:09,B
4629,2026-05-19 15:42:26,B
4630,2026-04-30 12:57:36,B
4631,2026-03-31 12:55:05,A
4632,2026-04-17 12:50:46,B
4633,2026-04-24 12:24:54,A
4634,2026-04-03 03:44:26,B
4635,2026-05-06 17:29:38,B
4636,2026-05-14 04:52:27,A
4637,2026-04-02 16:11:35,A
4638,2026-05-10 11:10:01,B
4639,2026-05-04 19:22:11,A
4640,2026-05-11 14:51:44,A
4641,2026-02-23 17:28:13,B
4642,2026-05-08 22:34:31,B
4643,2026-03-18 19:44:23,A
4644,2026-03-30 18:20:09,B
4645,2026-05-02 16:51:51,B
4646,2026-03-14 07:56:08,A
4647,2026-05-18 05:02:38,A
4648,2026-04-18 15:41:21,A
4649,2026-04-02 19:14:01,A
4650,2026-05-01 01:27:02,B
4651,2026-03-05 03:32:15,B
4652,2026-04-08 22:59:41,B
4653,2026-04-20 13:44:32,A
4654,2026-03-14 13:57:48,A
4655,2026-03-17 18:22:33,B
4656,2026-04-19 01:16:45,B
4657,2026-03-12 08:14:42,B
4658,2026-04-24 06:43:30,A
4659,2026-05-16 12:36:14,A
4660,2026-03-08 07:22:02,A
4661,2026-04-15 10:05:38,A
4662,2026-02-22 05:29:45,B
4663,2026-04-05 11:19:52,A
4664,2026-05-02 15:02:15,B
4665,2026-04-05 22:02:23,B
4666,2026-04-04 18:17:41,A
4667,2026-03-03 16:49:32,A
4668,2026-03-09 16:14:34,B
4669,2026-04-20 21:51:01,A
4670,2026-04-28 22:33:12,B
4671,2026-05-19 12:00:46,B
4672,2026-04-23 06:26:50,B
4673,2026-04-09 22:14:48,A
4674,2026-03-11 12:29:17,B
4675,2026-02-28 00:06:38,A
4676,2026-05-12 05:33:31,B
4677,2026-03-04 04:01:45,B
4678,2026-04-24 15:41:04,A
4679,2026-03-12 18:12:02,B
4680,2026-03-10 08:49:41,A
4681,2026-04-18 18:07:29,B
4682,2026-02-27 19:12:58,B
4683,2026-03-12 15:29:23,B
4684,2026-02-23 02:16:34,B
4685,2026-03-14 21:15:19,A
4686,2026-05-06 02:12:19,A
4687,2026-04-10 00:09:17,B
4688,2026-03-07 13:15:16,A
4689,2026-02-24 21:54:52,A
4690,2026-05-02 22:36:19,B
4691,2026-04-28 08:35:53,A
4692,2026-04-07 01:11:31,A
4693,2026-04-26 22:58:16,A
4694,2026-05-09 17:24:56,B
4695,2026-02-28 15:51:18,A
4696,2026-03-07 16:03:50,B
4697,2026-04-07 21:25:15,B
4698,2026-05-06 00:14:24,B
4699,2026-05-01 18:09:42,A
4700,2026-03-17 10:31:50,B
4701,2026-05-12 22:19:30,B
4702,2026-03-24 05:41:02,A
4703,2026-04-28 11:29:29,A
4704,2026-04-27 11:13:23,B
4705,2026-04-10 23:56:29,A
4706,2026-03-04 06:54:18,B
4707,2026-03-15 22:18:50,B
4708,2026-02-27 13:54:04,A
4709,2026-04-03 15:15:14,B
4710,2026-05-20 00:28:42,B
4711,2026-03-02 23:39:01,B
4712,2026-03-17 21:41:38,A
4713,2026-04-07 15:23:38,A
4714,2026-05-17 07:31:27,A
4715,2026-04-29 13:36:09,A
4716,2026-04-07 11:47:34,B
4717,2026-04-24 17:42:43,B
4718,2026-04-22 20:23:41,A
4719,2026-03-23 11:12:08,A
4720,2026-04-23 17:30:27,B
4721,2026-03-16 21:38:19,B
4722,2026-04-07 04:45:17,A
4723,2026-05-19 20:12:07,B
4724,2026-05-06 16:18:12,B
4725,2026-04-21 23:39:53,A
4726,2026-03-11 08:18:48,B
4727,2026-05-20 05:23:11,B
4728,2026-05-14 16:54:47,A
4729,2026-03-04 13:43:50,A
4730,2026-03-27 21:08:34,A
4731,2026-03-26 18:11:20,B
4732,2026-03-30 20:00:50,B
4733,2026-04-21 00:51:31,B
4734,2026-03-16 19:05:41,B
4735,2026-04-26 00:48:17,B
4736,2026-05-01 08:44:59,B
4737,2026-03-09 16:17:17,A
4738,2026-02-21 10:22:55,A
4739,2026-04-22 11:22:57,B
4740,2026-05-10 23:38:43,B
4741,2026-03-16 02:42:58,A
4742,2026-03-16 08:13:28,A
4743,2026-03-31 05:12:25,A
4744,2026-03-07 23:38:18,A
4745,2026-04-13 09:29:23,B
4746,2026-02-27 16:11:47,B
4747,2026-03-17 23:52:24,B
4748,2026-02-20 13:47:35,B
4749,2026-04-29 02:46:30,B
4750,2026-03-02 10:49:52,A
4751,2026-05-07 12:22:14,B
4752,2026-04-09 11:22:31,B
4753,2026-05-12 19:32:20,B
4754,2026-05-03 20:29:54,B
4755,2026-03-05 07:18:09,A
4756,2026-04-26 08:52:03,A
4757,2026-04-16 04:10:24,A
4758,2026-04-20 06:22:39,A
4759,2026-04-22 23:12:50,A
4760,2026-04-09 16:35:46,A
4761,2026-03-02 05:07:13,B
4762,2026-05-19 08:27:33,B
4763,2026-04-05 18:46:27,B
4764,2026-03-17 02:09:34,B
4765,2026-02-21 17:23:43,B
4766,2026-03-02 21:04:25,A
4767,2026-04-18 22:30:42,A
4768,2026-05-09 11:57:59,B
4769,2026-04-08 02:24:58,A
4770,2026-05-12 15:57:02,A
4771,2026-02-21 03:11:12,B
4772,2026-03-12 13:27:20,A
4773,2026-04-01 04:55:01,B
4774,2026-05-05 04:32:49,B
4775,2026-05-10 03:23:08,B
4776,2026-04-08 15:27:32,B
4777,2026-05-09 16:16:10,B
4778,2026-04-13 03:43:06,B
4779,2026-02-27 13:15:55,B
4780,2026-03-06 15:01:45,A
4781,2026-03-05 05:23:44,B
4782,2026-02-25 13:54:38,B
4783,2026-02-25 09:39:52,A
4784,2026-04-16 03:45:24,B
4785,2026-04-30 05:57:03,B
4786,2026-04-09 03:25:35,A
4787,2026-04-11 14:16:38,B
4788,2026-03-13 22:33:35,B
4789,2026-03-12 06:58:21,A
4790,2026-04-24 16:13:44,A
4791,2026-02-27 10:17:51,B
4792,2026-03-23 10:37:32,A
4793,2026-03-12 14:17:56,A
4794,2026-03-31 17:27:16,A
4795,2026-04-15 14:17:45,B
4796,2026-02-23 12:15:29,B
4797,2026-02-20 06:40:12,A
4798,2026-04-25 19:45:02,A
4799,2026-03-03 19:04:08,A
4800,2026-05-13 20:29:15,A
4801,2026-05-17 18:30:59,B
4802,2026-03-16 01:08:18,B
4803,2026-03-25 01:52:19,A
4804,2026-02-27 03:12:07,B
4805,2026-04-25 01:15:55,A
4806,2026-04-01 10:41:36,B
4807,2026-03-30 03:15:44,B
4808,2026-03-27 11:52:27,A
4809,2026-04-24 23:53:48,B
4810,2026-04-17 00:56:07,B
4811,2026-04-01 03:02:02,A
4812,2026-04-13 12:52:28,A
4813,2026-03-29 02:35:44,B
4814,2026-05-09 09:34:53,A
4815,2026-05-08 04:35:38,A
4816,2026-03-26 08:54:30,A
4817,2026-02-22 04:30:05,B
4818,2026-03-03 22:19:08,A
4819,2026-02-26 10:31:16,A
4820,2026-03-24 03:32:16,B
4821,2026-02-27 05:22:02,B
4822,2026-04-27 22:42:44,B
4823,2026-03-25 16:00:56,B
4824,2026-03-18 03:01:58,B
4825,2026-03-08 07:52:08,A
4826,2026-03-30 18:39:06,B
4827,2026-05-03 22:46:06,A
4828,2026-03-18 22:47:54,B
4829,2026-05-17 11:25:59,B
4830,2026-03-28 18:31:05,A
4831,2026-03-17 11:38:42,A
4832,2026-03-16 14:28:16,A
4833,2026-05-13 13:15:26,B
4834,2026-04-14 20:12:52,B
4835,2026-05-05 20:20:50,A
4836,2026-05-05 03:40:49,A
4837,2026-04-09 03:43:18,B
4838,2026-05-17 22:41:05,A
4839,2026-05-19 22:11:16,B
4840,2026-04-23 10:29:24,B
4841,2026-04-19 14:34:33,B
4842,2026-04-13 02:24:24,B
4843,2026-03-26 20:44:10,A
4844,2026-05-06 23:34:16,A
4845,2026-02-28 16:57:47,B
4846,2026-03-13 00:43:58,B
4847,2026-02-23 04:18:41,B
4848,2026-05-08 00:58:49,A
4849,2026-04-29 03:46:06,A
4850,2026-05-14 18:54:09,A
4851,2026-03-29 21:38:47,A
4852,2026-04-07 17:22:02,A
4853,2026-03-25 06:03:07,A
4854,2026-03-08 18:57:30,A
4855,2026-04-25 06:53:54,B
4856,2026-03-10 13:37:57,B
4857,2026-05-13 04:37:41,B
4858,2026-02-23 16:01:20,A
4859,2026-03-15 11:31:31,B
4860,2026-03-08 13:19:02,B
4861,2026-03-03 15:07:59,B
4862,2026-03-11 15:03:53,B
4863,2026-03-13 17:49:44,B
4864,2026-03-18 06:57:21,A
4865,2026-03-25 10:12:14,B
4866,2026-05-12 03:15:23,A
4867,2026-04-06 22:42:23,A
4868,2026-03-06 14:43:52,A
4869,2026-03-30 21:57:46,A
4870,2026-04-05 17:45:53,A
4871,2026-03-14 01:16:02,A
4872,2026-05-10 01:26:46,B
4873,2026-03-17 11:29:18,A
4874,2026-04-10 08:12:54,A
4875,2026-04-26 21:25:55,A
4876,2026-05-12 11:40:34,B
4877,2026-04-21 11:30:40,A
4878,2026-05-16 14:51:00,B
4879,2026-02-21 19:50:45,A
4880,2026-03-06 11:43:32,B
4881,2026-02-22 10:33:40,B
4882,2026-05-13 18:09:32,A
4883,2026-04-20 15:06:11,B
4884,2026-05-14 10:53:06,B
4885,2026-04-08 18:05:37,A
4886,2026-04-28 21:55:09,A
4887,2026-03-18 13:43:59,A
4888,2026-04-17 19:32:38,B
4889,2026-02-28 11:17:53,B
4890,2026-02-25 19:53:26,B
4891,2026-02-22 16:27:02,A
4892,2026-03-29 13:36:30,A
4893,2026-03-03 22:20:34,B
4894,2026-03-19 21:53:15,B
4895,2026-05-19 18:34:45,A
4896,2026-03-02 18:28:36,A
4897,2026-03-01 12:28:54,B
4898,2026-03-06 08:11:01,A
4899,2026-03-15 15:10:25,B
4900,2026-03-26 14:39:30,A
4901,2026-02-27 19:12:10,B
4902,2026-05-01 16:20:10,B
4903,2026-05-19 15:34:06,A
4904,2026-03-26 07:39:56,B
4905,2026-03-12 05:53:36,A
4906,2026-04-28 12:45:59,B
4907,2026-04-14 02:03:38,A
4908,2026-04-18 03:34:06,B
4909,2026-03-07 16:27:22,B
4910,2026-03-05 15:57:56,B
4911,2026-03-15 22:58:07,A
4912,2026-05-05 06:15:49,A
4913,2026-03-12 03:44:26,B
4914,2026-03-17 16:46:15,A
4915,2026-03-25 02:26:07,A
4916,2026-04-29 06:13:21,B
4917,2026-02-19 22:49:02,B
4918,2026-03-28 23:20:51,B
4919,2026-02-28 20:01:56,A
4920,2026-04-02 18:25:15,B
4921,2026-03-15 04:54:23,B
4922,2026-03-14 01:20:04,A
4923,2026-03-13 13:03:02,B
4924,2026-04-29 20:52:01,A
4925,2026-04-10 06:46:01,A
4926,2026-04-13 18:19:59,B
4927,2026-03-19 09:16:39,A
4928,2026-04-19 14:05:20,B
4929,2026-04-27 18:35:06,A
4930,2026-03-19 12:00:07,A
4931,2026-04-03 15:23:04,A
4932,2026-05-09 20:32:02,B
4933,2026-04-13 11:13:06,A
4934,2026-05-07 14:55:58,B
4935,2026-03-13 23:09:10,B
4936,2026-02-20 21:20:11,B
4937,2026-03-02 06:36:53,A
4938,2026-03-30 03:49:44,B
4939,2026-03-30 02:37:22,B
4940,2026-05-10 12:45:07,B
4941,2026-03-07 21:29:01,A
4942,2026-04-21 17:52:14,B
4943,2026-03-17 18:05:39,A
4944,2026-03-15 16:57:06,A
4945,2026-03-26 17:09:16,A
4946,2026-04-04 04:24:49,A
4947,2026-05-08 03:23:26,A
4948,2026-03-26 05:45:02,A
4949,2026-03-16 10:18:06,A
4950,2026-04-18 19:43:08,A
4951,2026-04-10 21:48:55,A
4952,2026-04-25 09:48:25,B
4953,2026-03-17 08:16:27,A
4954,2026-05-10 03:16:51,A
4955,2026-03-14 09:55:19,A
4956,2026-04-24 13:57:32,B
4957,2026-03-06 12:25:37,A
4958,2026-02-27 22:41:52,A
4959,2026-03-08 23:43:33,B
4960,2026-04-22 15:06:33,A
4961,2026-05-20 08:17:53,B
4962,2026-04-21 04:54:58,B
4963,2026-04-14 00:13:15,A
4964,2026-04-01 13:14:06,A
4965,2026-04-07 03:06:47,A
4966,2026-04-23 18:35:08,B
4967,2026-03-11 11:05:48,B
4968,2026-02-21 03:12:00,A
4969,2026-04-22 10:56:28,A
4970,2026-05-19 01:20:49,A
4971,2026-05-10 12:16:18,A
4972,2026-05-09 18:59:54,A
4973,2026-03-24 23:03:34,B
4974,2026-03-13 23:06:30,B
4975,2026-04-08 09:13:22,B
4976,2026-03-29 19:17:14,B
4977,2026-05-10 01:12:18,A
4978,2026-04-21 13:12:21,B
4979,2026-04-15 05:28:28,A
4980,2026-04-11 05:30:06,B
4981,2026-02-27 13:14:26,B
4982,2026-04-01 18:14:27,B
4983,2026-05-04 13:44:44,A
4984,2026-04-16 16:51:26,B
4985,2026-05-03 07:11:51,B
4986,2026-03-21 22:55:51,A
4987,2026-03-19 06:30:51,A
4988,2026-03-14 07:54:31,A
4989,2026-04-04 08:48:05,B
4990,2026-04-20 13:26:26,A
4991,2026-04-24 19:23:20,B
4992,2026-05-17 06:24:51,B
4993,2026-03-06 14:39:31,A
4994,2026-02-21 19:45:13,A
4995,2026-03-30 15:18:45,B
4996,2026-04-19 05:13:14,B
4997,2026-03-14 00:31:38,B
4998,2026-03-05 08:41:36,A
4999,2026-04-13 22:10:42,A
5000,2026-03-11 13:23:14,A
